Topic,Count,Name,Representation,Representative_Docs,topic_name,category
-1,68,-1_上海_舞台_哥哥_阵容,"['上海', '舞台', '哥哥', '阵容', '价值', '力量', '歌曲', '农业', '媒体', '老师']","['看天下   丨别让涉粮谣言啃食粮食安全根基眼下河南8500余万亩小麦进入灌浆关键期夏粮丰收在望事关全年粮食安全大局可就在农业生产最吃紧的关口一批自媒体账号打着关心农民为民发声的幌子肆意编造涉粮谣言歪曲事实制造焦虑这种借农业热点博取流量牟取私利的行为必须予以坚决整治露头就打民以食为天  菩提睿见丨别让涉粮谣言啃食粮食安全根基', '拿粮食安全造谣引流此歪风必须狠刹  在河南各地铆足劲抓生产的关键节点一些自媒体账号却谣言频出严重干扰了农业生产的正常秩序有的自媒体账号拼接往年素材发布所谓小麦提前收割的虚假信息严重违背生产实际有的自媒体账号二次剪辑旧的小麦青苗收割视频炒作青苗售作青贮误导农户还有账号夸大事实炒作某县大风致使小麦全部倒伏冰雹致小麦绝收麦田大面积起火等不实内容刻意放大焦虑误导公众认知 拿粮食安全造谣引流此歪风必须狠刹 评论：造谣没啥成本只有利益都不害怕', '给阿嬷的情书持续火爆热映汕头樟林古港起凤陈公祠等影片取景地渐成文旅顶流网上涌现出的诸多打卡视频里游客络绎不绝遗憾的是私物被翻紫砂壶遗失道具遭涂鸦等乱象也随之出现流量从来都是一把双刃剑镜头里的岁月静好经不起现实中无序打卡的消耗影片核心取景地起凤陈公祠借着影片热度走入大众视野这座始建于1921年的华侨老宅历经百年风雨一砖一瓦都镌刻着侨乡岁月承载着深厚的潮汕华侨记忆与乡土文脉13日房主兼影片文化顾问陈椰通过媒体发出呼吁希望大家文明参观共同维护侨宅的秩序与环境他表示电影热映后每天都有大量游客前来拍照打卡作为房主他和家人对所有到访的朋友都持热情欢迎的态度由衷希望潮汕先辈和华侨留下的老宅能被更多人看见欣赏但是一些不文明现象也令他感到困扰他透露部分游客在参观老宅时会随意翻动屋内物品在女主角老年谢南枝写信的书桌前原本放置了电影同款道具信纸真实真实还原场景给游客参观却被人写写画画甚至写下到此一游有一只专门找人定制的手工茶壶至今遗失价值上千元跟着影视剧去旅游是当下文旅消费新风口但众多取景地也都遇到了相似的难题热情迎客却难防不文明之举例如黑神话悟空大火时山西大同华严寺内的千年辽代殿墙遭游客刻字留名国宝级文物受损剧集 繁花热播时上海黄河路上网红扎堆占道深夜喧哗踩踏台阶周边居民苦不堪言等等影视赋能文旅核心是以文塑旅以旅彰文而非只追流量盲目打卡古侨宅的价值不在于能否拍出同款剧照而在于它承载的侨批记忆家族情怀与潮汕建筑底蕴游客因电影奔赴而来本是被片中的乡愁与温情打动更当心怀敬畏文明观览电影让老宅的文化生命力再次被看到但不能让不文明行为辜负侨乡古宅跨越百年的等待一方面地方文旅与取景地需完善管理增设引导标识划定参观区域平衡开放与保护另一方面每一位奔赴光影取景地的游客也应带着热爱而来捧着文明而归让古侨宅在文旅融合中既被看见更被善待扬子晚报的微博视频 演员李思潼 评论：素质真差有没有每个角落装监控看看是哪些没素质的人渣做的']",碎化噪声/非集中讨论,其他
0,105,0_演员_网络_内容_平台,"['演员', '网络', '内容', '平台', '信息', '河南', '星星', '赛道', '爸爸', '故事']","['作为2025全平台网播年冠许我耀眼\xa0\xa0用实打实的数据证明国民度全民追剧爆梗爆剧爆OST是当之无愧的民选爆剧它不仅自身热度一骑绝尘更强势拉升整个长剧市场大盘在短剧当道的当下把大量流失观众重新拉回长剧赛道扛起行业复苏大旗值得白玉兰提名 评论：我推荐都市奋斗剧许我耀眼许我耀眼值得赵露思值得赵露思不仅是近七年唯一一番女年冠饰演的许妍更是都市女性奋斗坚韧的代表许我耀眼是一部口碑流量双开花的爆剧相信白玉兰前哨奖的选择 || 广电总局呼吁让年轻人挑大梁而青年演员赵露思早就用星汉灿烂偷偷藏不住许我耀眼等一部部作品证明了自己作为演员的专业能力号召能力以及传递中国文化的责任心许我耀眼是人民日报认证长剧之光总局肯定的都市剧巅峰恭喜赵露思获得金树林视后提名也期待入围白玉兰视后提名 || 作为2025全平台网播年冠许我耀眼\xa0\xa0用实打实的数据证明国民度全民追剧爆梗爆剧爆OST是当之无愧的民选爆剧它不仅自身热度一骑绝尘更强势拉升整个长剧市场大盘在短剧当道的当下把大量流失观众重新拉回长剧赛道扛起行业复苏大旗值得白玉兰提名', '严打网络谣言睢阳公安查处一起虚构涉农信息案件近日商丘市公安局睢阳分局网安大队民警在日常网络巡查中发现有网民在某平台编造并发布关于收购青储的虚假信息引发部分网民误解并转发扩散扰乱了正常网络秩序与农业生产秩序经查违法行为人陈某为博取网络流量吸引关注度刻意配音拍摄虚构涉农视频并通过个人账号对外发布该视频累计1198评论796收藏232违反了网络管理相关法律法规经依法调查取证确认该行为构成故意虚构事实扰乱公共秩序违反了中华人民共和国治安管理处罚法第二十九条第一项第二十条第五项相关规定目前睢阳公安分局依法对陈某处以行政拘留五日的处罚同时责令其立即删除全部不实信息消除不良影响警方提醒广大网民应增强法治观念提升网络信息甄别能力涉及农业生产民生保障公共安全等重要信息均以官方通报为准自觉做到不造谣不信谣不传谣切勿盲目追逐流量编造转发未经核实的虚假内容共同维护清朗有序的网络空间和安全稳定的社会秩序责编\xa0\xa0胡静 刘米 \xa0 \xa0校对  冯万亮 \xa0\xa0审核  刘瑾 评论：严打网络谣言睢阳公安查处一起虚构涉农信息案件', '近日又一起为博流量而精心编造的网络闹剧被戳穿网民刘某阿某某为博取流量吸引眼球二人雇佣杨某某并让其扮演流浪女子按照预设剧本摆拍发现救助等情节先后发布10余条虚假视频误导社会公众扰乱网络空间秩序与公共秩序根据中华人民共和国治安管理处罚法相关规定丽江市公安机关已依法对三人予以处罚从秦朗巴黎丢作业事件到自媒体账号宋雨霏发布悬赏寻找救命恩人系列虚假视频再到自媒体账号陈四岁为吸引流量博取关注编造怀孕5个月征婚虚假信息细察这些乱象有的虚构悲情故事将公众的同情心视为收割的流量庄稼有的炮制耸人谣言完全不顾可能引发的社会恐慌与资源浪费有的刻意制造并激化矛盾以极端的情绪冲突作为点燃传播的燃料如此种种不仅侵蚀着网络空间的真实性更是对公序良俗的挑战自媒体编故事这股歪风何以屡禁不止甚至愈演愈烈核心驱动力在于扭曲的流量经济在一些平台的算法逻辑和商业模式中流量是衡量一切价值的终极标尺直接关联着广告收益直播打赏与商业合作为了在这条赛道上胜出部分自媒体运营者走上了不择手段的捷径放弃成本高昂且充满不确定性的内容创新炮制低成本高刺激强情绪的虚假猛料这种唯流量论的价值导向构建了一套越离谱越吸睛越争议越值钱的反向激励机制使真相成为了流量的牺牲品真诚的公共讨论空间被挤占最终受损的是整个网络生态的健康与社会的信任根基另一方面平台的主体责任未能完全压实尽管有审核机制但在追求日活用户时长等核心数据的竞争压力下一些平台对能带来巨大流量的争议性内容态度暧昧处置也多是标注剧情演绎字样或在确定为虚假内容后简单删除了事未能有效切断问题流量的变现通道刹住自媒体编故事的歪风需要一场系统性的治理形成监管平台行业用户四力联动的共治格局首要之务是强化监管让监管长出牙齿当前相关部门已持续开展多轮专项行动对自媒体乱象形成了震慑作用下一步仍需久久为功对于编造虚假剧情造成不良影响的行为要冒头就打依法依规严格处理以长效机制与严格监管使其真正痛到不敢再犯平台必须彻底扭转唯流量论的惯性思维切实扛起主体责任在严厉打击恶意营销的同时为优质内容创作者提供更公平的竞争环境从根源上重塑健康的内容评价体系此外行业自律与公众监督同样不可或缺相关行业协会与头部机构可建立行业准则与信用档案抵制恶性竞争用户也应当对极端信息保持警惕与理性用手中的转发和为优质内容投票积极举报违法违规信息成为清朗网络空间的共建者只有让践踏底线者付出应有的代价让坚守内容初心者获得应有的尊重与回报才能彻底扭转劣币驱逐良币的扭曲生态从根本上遏制这股为流量而疯狂的歪风守护好网络净土半月谈评论员\xa0田晨旭']",网络谣言治理困境,社会民生
1,61,1_美国_黄仁勋_北京_关系,"['美国', '黄仁勋', '北京', '关系', '企业', '企业家', '双方', '记者', '人民日报', '国际']","['特朗普访华行程落地十余家美国顶尖企业高管组团随行重磅消息直击A股盘面为科技新能源等核心赛道注入强心剂 本次随行阵容堪称豪华涵盖全球龙头巨头苹果CEO库克英伟达创始人黄仁勋特斯拉掌舵人马斯克悉数在列横跨消费电子AI算力新能源汽车等核心领域释放强烈合作信号 其中英伟达黄仁勋公开表态直言人工智能正在为国内市场开辟全新发展机遇此番表态意义深远直接利好AI算力芯片存储先进封装等热门主线有望缓解当下市场悲观情绪带动科技板块情绪修复 巨头高层密集访华预示产业合作迎来回暖窗口期在大盘短期调整情绪偏弱的当下这类重磅外交与产业利好或将成为资金新的避险与主攻方向后续AI硬科技新能源产业链值得重点跟踪留意 评论：就看你的分析 || 黄仁勋看好中国AI', '应国家主席习近平邀请美国总统特朗普5月13日晚乘专机抵达北京开始对中国进行国事访问这是中美两国元首继去年10月釜山之后再次面对面会晤也是美国总统时隔9年再次访华在赴华途中特朗普在社交媒体发文说与许多杰出人士一同前往伟大的中国我深感荣幸特朗普在文中列举了部分随行访华的商界领袖名单包括英伟达创始人兼首席执行官黄仁勋特斯拉公司首席执行官埃隆马斯克波音公司总裁兼首席执行官凯利奥特伯格高盛集团董事长兼首席执行官苏德巍等并说让这些杰出人士发挥他们的才能  5月14日上午国家主席习近平在北京人民大会堂同来华进行国事访问的美国总统特朗普举行会谈习近平指出当前百年变局加速演进国际形势变乱交织中美两国能不能跨越修昔底德陷阱开创大国关系新范式能不能携手应对全球性挑战为世界注入更多稳定性能不能着眼两国人民福祉和人类前途命运共同开创两国关系美好未来这些是历史之问世界之问人民之问也是大国领导人需要共同书写的时代答卷我愿同特朗普总统共同为中美关系这艘大船领好航掌好舵让2026年成为中美关系继往开来的历史性标志性年份习近平强调中方致力于中美关系稳定健康可持续发展我同特朗普总统赞同将构建中美建设性战略稳定关系作为中美关系新定位将为未来3年乃至更长时间的中美关系提供战略指引相信会受到两国人民和国际社会的欢迎建设性战略稳定应该是合作为主的积极稳定应该是竞争有度的良性稳定应该是分歧可控的常态稳定应该是和平可期的持久稳定中美建设性战略稳定关系不是一句口号而应该是相向而行的行动习近平指出中美经贸关系的本质是互利共赢面对分歧和摩擦平等协商是唯一正确选择昨天两国经贸团队达成了总体平衡积极的成果这对两国老百姓和世界都是好消息双方应一道维护好当前来之不易的良好势头中国开放的大门只会越开越大美国企业正在深度参与中国改革开放中方欢迎美国对华加强互利合作习近平指出双方要落实我们达成的重要共识进一步用好政治外交两军沟通渠道拓展经贸卫生农业旅游人文执法等领域交流合作习近平强调台湾问题是中美关系中最重要的问题处理好了两国关系就能保持总体稳定处理不好两国就会碰撞甚至冲突将整个中美关系推向十分危险的境地台独与台海和平水火不容维护台海和平稳定是中美双方最大公约数美方务必慎之又慎处理台湾问题特朗普表示非常荣幸对中国进行国事访问美中关系很好我同习近平主席建立了历史上美中元首之间最长久和最良好的关系保持着友好沟通解决了很多重要问题习近平主席是伟大的领导人中国是伟大的国家我十分尊重习近平主席和中国人民今天的会晤是一次举世瞩目的重要会晤我愿同习主席一道加强沟通合作妥善解决分歧开启有史以来最好的美中关系开创两国更加美好的未来美中是世界上最重要最强大的国家美中合作可以为两国为世界做很多大事好事我此访带来了美国工商界杰出代表他们都很尊重和重视中国我积极鼓励他们拓展对华合作两国元首就中东局势乌克兰危机朝鲜半岛等重大国际和地区问题交换了意见两国元首一致同意相互支持办好今年亚太经合组织领导人非正式会议和二十国集团峰会会谈期间特朗普逐一向习近平介绍随访企业家会谈前习近平在人民大会堂东门外广场为特朗普举行欢迎仪式特朗普抵达时礼兵列队致敬两国元首登上检阅台军乐团奏中美两国国歌天安门广场鸣放礼炮21响特朗普在习近平陪同下检阅中国人民解放军仪仗队并观看分列式蔡奇王毅何立峰参加会谈新华社视频中国新闻网中国新闻网的微博视频', '5月13日至15日美国总统特朗普对中国进行国事访问这是中美两国元首继去年10月釜山之后再次面对面会晤也是美国总统时隔9年再次访华特朗普再度访问中国已成为2026年全球最受关注的外交事件之一与9年前相比这次访问所承载的意义早已超越一次普通的国事访问本身而更像是全球经济秩序以及国际安全格局进入新的不确定阶段之后一场具有稳局势防失控意味的大国战略沟通经贸依然是核心议题此次访问之所以举世瞩目一个重要原因在于中美关系如今已经不仅仅是双边关系也是深刻影响全球政治经济与安全秩序的核心变量正如中方所强调的世界已经走到新的十字路口中美能否跳出修昔底德陷阱探索出一种新时代大国相处的新范式不仅是历史之问也是世界之问人民之问事实上从双方元首此次会晤的公开表态来看双方都在有意识地试图向外界释放稳定关系的信号某种意义上此次访问最大的成果是能防止局势恶化过去几年中美之间已经经历了几轮高强度验牌特朗普政府曾经认为加征关税是稳赢不输的手段既能增加财政收入又能缩小贸易逆差同时还能作为迫使中国让步的谈判筹码但2025年中方进行反制之后美方逐渐意识到美国自身同样存在脆弱性双方实际上都已经摸清了对方的底牌与可能采取的报复路径逐渐形成了一种不能轻易继续加压的共识近期特朗普政府的对华基调出现了明显变化这与特朗普当前复杂的内外局势有关美国正值中期选举年美以伊冲突又迟迟未能结束国内通胀财政赤字政治极化等问题进一步加剧了白宫压力某种意义上特朗普此次访华本身也带有很强的国内政治考量他需要一场重大外交行动以转移美国媒体对伊朗战事物价上涨以及爱泼斯坦案等不利议题的持续关注从华盛顿角度看此次访华最重要的关键词其实并不是安全而是经济某种程度上美国财政部长贝森特和贸易代表格里尔是美国此次议程安排的关键人物说明经贸问题依然是特朗普最关心的议题甚至特朗普自己在白宫草坪接受采访时也明确表示经贸是核心议题这也解释了为什么此次随行的美国企业家阵容格外引人关注所谓5B牛肉Beef大豆Beans波音Boeing贸易委员会Board of Trade以及投资委员会Board of Investment构成了此次美国经贸诉求的核心框架尤其是贸易委员会其重要性甚至可能超过其他内容在美方内部对于对华经济关系仍存在巨大分歧的背景下它意味着双方希望将部分经贸协调机制化长期化从而降低未来摩擦失控的风险而黄仁勋最后时刻登机更不是偶然事件背后其实折射出美国内部不同力量之间的复杂博弈一方面格里尔希望减少企业家代表团规模以避免对白宫对华竞争叙事造成冲击另一方面美国驻华大使庞德伟则支持更多企业家随行强调美国企业对中国市场的需求最终名单从最初的20多人缩减一半后又回升到接近20人本身就是这种内部平衡的结果定盘星和稳定器值得注意的是与9年前相比特朗普此次访华也反映出中美双方心理位置的明显变化9年前特朗普是在访问日韩等盟友之后才抵达北京当时美国依然希望维持传统的盟友优先战略结构而此次特朗普不仅第一站就是中国而且整个亚洲行程几乎只围绕中国展开这本身已经说明中国在其全球战略中的重要性进一步上升与此同时中美元首除了在人民大会堂举行会谈还一同参观天坛特朗普抵达北京时中国国家副主席韩正前往机场迎接中方接待规格虽然更高但整体风格却更克制既展现尊重也更强调一种成熟平衡的大国外交姿态有意思的细节是美方官员在北京的现场观察美国国务卿鲁比奥被拍到在人民大会堂东厅抬头观察天花板与美国国防部长赫格塞斯交流神情颇为惊讶马斯克则拿着手机在人民大会堂外进行360度拍摄对于很多美国高层而言真正踏入中国亲眼看到中国的城市规模基础设施以及社会运行状态本身就会对既有认知形成冲击虽然他们未必会因此改变立场但至少会意识到中国并非他们过去想象中的那个中国事实上美国社会对华认知也正在悄然变化根据近期多项美国民调过去几年持续恶化的对华观感首次出现明显反弹如中国驻美大使谢锋在人民日报署名文章中提到的芝加哥全球事务委员会民调显示超过半数美国民众支持对华合作与接触皮尤的调查也发现美国年轻人对中国的正面看法明显回升这意味着美国政府未来对华政策即便继续强调竞争也不得不在一定程度上考虑国内民意的变化而改变美国民众认知的关键往往来自具体真实的社会细节中美关系从来不只是竞争与对抗也长期包含合作交流与相互塑造更有效的国家形象传播可能恰恰是这种带有双边互动元素的共同叙事当然此次访问之后中美之间的结构性矛盾并不会消失尤其是在关税与科技领域双方依然存在深层竞争但一个重要变化在于美国能够动用的全面性关税工具实际上已经明显减少而不是过去那种可以一揽子全面加征的模式这意味着未来中美经贸竞争可能会更加细分化行业化而不是全面脱钩从全球角度看当前全球供应链已经承受了战争能源通胀等多重压力世界各国最期待的其实也是中美关系不要进一步恶化美以伊冲突导致霍尔木兹海峡风险上升甚至连日本企业都因油墨短缺而被迫将部分食品包装改为黑白版本中美如果能够在伊朗问题上形成某种战略协调哪怕只是恢复部分航运稳定都可能迅速改善全球市场信心因此此次特朗普访华的真正意义也许并不在于达成了多少具体协议而在于它再次证明当中美高层互动升温时双方往往会进入一个相对克制的阶段而元首外交本身更是中美关系的定盘星和稳定器中国新闻周刊编辑郑宗敏审签艾渝']",中美科技巨头北京会晤,国际时政
2,33,2_中式_合影_儿子_科技,"['中式', '合影', '儿子', '科技', '孩子', '理由', '哥哥', '长大', '镜头', '代表']","['谁能想到马斯克逛人民大会堂直接原地360度转圈打卡拍照氛围感直接拉满后续还主动翻到自己这段视频留言回应看得出来是真的被中式建筑格局惊艳到了妥妥的沉浸式欣赏 今晚不睡觉明天不早起的微博视频 评论：估计是拍给儿子看的 || 站在前边也会觉得很震撼吧', '5月14日上午马斯克与苹果CEO库克英伟达CEO黄仁勋等十余名美方商界代表一同进入中美元首会谈现场引人注目的是54岁的马斯克此行带上了6岁的小儿子X照片显示X穿着一件带有中式元素的上衣  凤凰网科技的微博视频 评论：马斯克带着未来', '川普从来不喝酒但今晚他在国宴上还是举起酒杯抿了一口以示尊重当然也有可能是其他的无酒精饮料一个事实就是在过去几十年从未有人拍到过川普喝酒的照片他也承认不喝酒是他自己少数的几个优点之一像川普这种在商界混迹几十年的还滴酒不沾的甚至以前国际晚宴上其他国家leader给他敬酒他都举可乐回敬还真不是用自律二字能解释的如果不是身体原因一个人滴酒不沾主要就两种可能一个是出于信仰一个是此生发生过某些刻骨铭心的事情川普属于后者他自己以前说过很多次这个事情他不喝酒是因为他从年轻时就目睹了身边一些很优秀的人被酒精毁了更重要的是目睹了哥哥的悲剧川普的哥哥小弗雷德川普Fred Trump Jr 图4是一名飞行员也是家里的长子比他大了8岁小弗雷德长大后没有走上继承家族企业这条路而是选择了当一名飞行员但后来因为越发严重的酗酒问题导致失去了飞行员工作更不幸的是在1981年9月26日小弗雷德因酗酒引起的心脏病发作去世年仅42岁至亲的悲剧对川普造成了很大影响他亲眼目睹了许多人因为酗酒导致的事业沉沦乃至兄长的生命消逝后来他不仅仅自己滴酒不沾还从小就开始教育自己的孩子甚至他女儿伊万卡还抱怨过让老爹别天天念叨这些了不要抽烟不要喝酒不要吸毒她根本没有概念因为那时候她只有四岁图5图6为机翻川普说这一辈子没有喝过一杯啤酒也从小教育他的孩子远离烟酒和毒品这在美利坚也算一股清流了川普在接受福克斯新闻采访时曾说过一句话这句话我是认可的也值得很多人拿来告诉自己的孩子The best way to avoid addiction is simply never to start避免成瘾的最好办法就是永远不要开始 评论：川还在军队里面呆过的 || 是不是有性病的也不能喝酒之前听前辈说过不知道是不是真的 || 川普这一点确实值得称道']",马斯克中式合影引热议,国际时政
3,23,3_女生_消耗_小时_样子,"['女生', '消耗', '小时', '样子', '方式', '误区', '女子', '意识', '当事人', '肌肉']","['5月14日报道浙江31岁女生身高160cm分享自己从60斤增重到90斤的脸部变化以前瘦得皮包骨看着干瘪憔悴现在脸上红润饱满整个人完全像换了个人当事人称以前又瘦又没有力气走两步就累还一直因为身材特别自卑后来慢慢调整饮食坚持运动健身体重稳步上涨整个人也越来越有活力网友看着起码年轻好几岁健康自信有精气神的样子真的很美 都市频道的微博视频 评论：太瘦了真的不好看 || 为了让她健康 我愿意给她30斤肉 || 这鼻子是真突出啊', '网传去KTV吃饭能减肥真相其实很真实 最近全网都在疯传一个新奇减肥方式想去减肥就去KTV吃饭好玩又不用刻意节食到底靠不靠谱 其实这个说法并不是玄学KTV冷色调氛围灯会让食物看起来没食欲大幅降低进食欲望少吃自然就能瘦加上放声高歌一小时就能消耗一百多大卡边唱边动热量消耗更高堪比户外慢跑 但很多人都踩了隐形长胖坑唱歌消耗的热量很容易被啤酒果盘瓜子油炸小吃全部抵消唱完歌饿了再去吃夜宵不仅没瘦反而越减越胖 想要靠KTV轻松减脂也有技巧只喝无糖饮品自带低卡小零食不碰酒精重油食物跟着快歌多起身活动 减肥从来没有捷径所有网红懒人方法核心都离不开热量缺口靠环境控食欲唱歌燃脂只能当作趣味辅助长期瘦身还是要规律饮食合理运动 好玩偷懒的减肥方式可以尝试但别盲目跟风依赖健康可持续的习惯才是真正长久瘦下来的关键 想减肥可以去ktv吃饭 评论：这个应该是往那块去唱歌吧 || KTV吃饭减肥不靠谱核心还是热量差 || ktv一般不是喝酒吃点零食吗', '太励志了女生为了能变美竟然花半年时间成功从60斤增重到90斤肉眼可见女子的体型渐渐丰满起来不再是骨瘦如柴的状态不仅没了病态的模样反而更加美了网友越来越漂亮了人不能太瘦了从女生分享的视频里能清晰看到她60斤的时候样子确实让人揪心算不上漂亮反而透着一股病态她的身材瘦得离谱浑身上下几乎只剩骨头肩膀突出胳膊细得像芦苇杆连腰腹都没有一点肉感仿佛一阵风就能吹倒脸部的变化更明显眼睛凹陷进去眼窝深得吓人脸颊也彻底垮塌没有一点饱满感皮肤也显得暗沉粗糙整个人看起来毫无生气别说漂亮连基本的健康气色都没有身边的朋友也常常劝她多吃一点别再瘦下去了女生自己也渐渐意识到过度纤瘦不仅不好看还影响健康平时稍微活动一下就会气喘吁吁免疫力也越来越差经常生病看着镜子里自己瘦脱相的模样她心里十分着急也终于明白真正的漂亮从来都不是骨瘦如柴而是健康匀称气色红润的模样于是她下定决心开始增重立志要摆脱病态变成自己喜欢的漂亮样子可以说增重的过程比她想象中难得多一开始她根本吃不下多少东西就算强迫自己多吃也会觉得腹胀不适而且体重增长十分缓慢有时候坚持一个星期体重也没有明显变化好几次她都想放弃可一想到镜子里自己病态的模样想到自己想变漂亮的决心就又咬牙坚持了下来慢慢地她的体重开始一点点上升从60斤到70斤再到80斤每一点变化都让她更加有动力而她的模样也在不知不觉中发生着改变等到半年过去她的体重成功涨到了90斤整个人的状态发生了翻天覆地的变化彻底褪去了之前的病态变得漂亮又有气色她的体型渐渐丰满起来不再是骨瘦如柴肩膀变得圆润腰腹也有了柔和的线条整个人看起来匀称又挺拔脸部也饱满了许多凹陷的眼睛慢慢恢复了正常脸颊变得圆润皮肤也变得白皙细腻气色红润长相也越来越甜美和之前那个瘦脱相的样子比起来简直判若两人连她自己都不敢相信增重竟然能让自己发生这么大的改变变得这么漂亮其实爱美之心人皆有之可很多人都陷入了越瘦越美的误区却忘了健康匀称的模样才是最动人的漂亮病态的瘦一点都不好看健康匀称才是真漂亮为这个女生的毅力以前总觉得瘦就是美看了这个女生的变化才明白自己错了或许很多人都和我一样陷入了瘦即是美的误区却忽略了健康才是美的基础这个女生用半年时间证明增重也能变漂亮每个人都有自己的美坚守健康底线接纳自己的身体通过努力成为更好的自己才是最动人的漂亮也是对自己最好的善待 评论：太棒啦太厉害啦 || 身体健康最重要 || 我的天这么离谱']",女性健康体重误区,时尚生活
4,18,4_离谱_情况_当事人_对方,"['离谱', '情况', '当事人', '对方', '核实', '无法', '老板', '场景', '公司', '新闻']","['细思极恐了你们品品省流一下当事人账户异常找客服申请关闭支付功能且已关闭挂失成功后账户无法登陆两天后凌晨六笔转账捐款184W到基金会银行协助调查发现6笔交易是通过电脑设备验证支付密码完成交易后续调查确认该账户支付功能仍处于关闭状态后了解支付宝在关闭支付状态下依旧保留对公益捐款的付款功能基金会答复184W已经执行完毕且捐款行为正常 评论：这个事情支付宝是不是要赔 || 再人人有限额的情况下这钱都是咋转出去的还有新闻上老是看到打赏很多钱未成年用家长卡充值大金额我想说你们都没限额么为啥俺有是因为俺工资低么严查 || 马上一大群骗子公司成立爱心基金会', '男子买榴莲付错款一万变十一万隔了数月才发现生活里离谱的事又添一桩付款时粗心大意输数字没多看一眼付完也没核对账单给后续的麻烦埋下了伏笔商家这边的财务流程更离谱多收的钱要退款居然没走原账户退回让门店销售钻了空子把十万块直接揣进了自己腰包这胆儿真不是一般的大说白了这事儿暴露了两个问题一是个人付款习惯太松散大额转账不核验二是商家财务管理制度形同虚设退款流程没有基本审核给了贪念滋生的空间如今受害者只能走司法途径维权折腾时间精力不说还得提心吊胆等结果这件事其实给所有人敲了警钟不管是付钱收钱大额交易一定要多核对一遍账目 男子1万买榴莲付11万几个月才发现 评论：看完新闻我赶紧拿起手机打开支付软件翻了翻最近三个月的账单生怕自己哪天不小心也多输个零现在手心还冒汗呢 || 有人的世界我不懂 || 买完榴莲几个月都不看账单这得是多有钱的心大老板啊换我付错两千块当天就能发现', '澎湃新闻山西读者兰晓红反映2023年10月19日因支付宝账户1661341绑定手机号1360044异常听从客服指引关闭支付功能两天后的10月21日3时至7时其账户莫名扣款六笔款项均捐赠给公益机构其中一笔184万元捐给中国乡村发展基金会当天早上起床看见扣款信息随即维权兰晓红质疑支付宝为何账户关闭了支付功能仍可支出其称两年来虽然获得中国人民银行协助但仍无法追回184万元兰晓红提供的中国人民银行上海分行文件显示中国人民银行帮助兰晓红进行调查发现涉事6笔交易中关键的184万捐赠款项系通过电脑设备验证支付密码完成的交易银行方面确认截至回函日该账户支付功能仍处于关闭状态经了解支付宝账户在关闭支付功能的情况下用户在消费转账等场景无法支付但在公益捐赠场景仍保留了付款功能5月14日支付宝工作人员告诉澎湃新闻关于此事的处理进度已传达给兰晓红澎湃新闻获取一份材料显示支付宝相关人士称自2023年接到兰晓红反映以来多次处理最终建议兰晓红通过司法部门解决问题至于诡异捐赠原因将反馈至有权限的管理者进行核实澎湃新闻独家获取中国乡村发展基金会文件显示近日基金会答复184万元款项已用于捐一元献爱心送营养活动且执行完毕如若能够提供证据基金会愿意在收到完整官方佐证材料后进行核实最终确认是否符合退款办理条件5月14日该基金会人士告诉澎湃新闻经与支付宝公司核查支付宝公司向基金会答复184万元捐赠是正常行为澎湃新闻 评论：还有奇怪的是那个基金会吧知道款项有问题这么快就花掉了而且捐款人和这个基金会不联系 || 很好奇用户从2023年一直在维权支付宝是怎么确定捐赠是正常行为的这一点也不符合逻辑啊 || 感觉是家里人或者熟人知道密码的人弄的也应该考虑一下']",支付功能漏洞争议,社会民生
5,17,5_情绪_格局_心理_心情,"['情绪', '格局', '心理', '心情', '阳光', '现实', '语言', '记忆', '社交', '医院']","['抑郁症躯体化是心病表现成身病长期精神压力大心理调节能力较弱情绪不稳定的人更易通过身体宣泄情绪无缘无故出现各类躯体症状 1睡眠障碍大部分抑郁患者存在不同程度的睡眠障碍包括失眠嗜睡早醒等2容易疲劳抑郁症患者大脑血清素分泌减少导致人愉悦感降低血清素含量影响肾上腺素分泌使人感到疲惫3无法解释的疼痛和不适比如头痛背痛四肢痛腰痛等还有人会出现胸闷腹泻胀气或便秘等消化问题4兴趣减退没有动力去做任何事包括那些以前能让自己感到快乐和有成就感的爱好以及特长5记忆力减退无法集中注意力抑郁症会影响前额叶皮层和海马体前者负责注意力短时记忆计划和问题解决后者对长时记忆的形成有重要作用6自我孤立不愿和人接触或整日卧床闭门独居疏远亲友回避社交严重的抑郁症患者会拉上窗帘不见阳光7自我评价低将所有错误归结到自己身上认为自己毫无用处感觉生活失去希望8情绪波动大抑郁心境有晨重夜轻的规律清晨或上午是心境低潮期下午或傍晚有所好转能进行简单交谈活动 9暴躁易怒抑郁症类型里有一种为激越性抑郁症发病时即使微不足道的小事也会令患者火冒三丈出现语言攻击摔东西等10饮食改变有人会变得食欲不振体重迅速下降有的则胃口大开暴饮暴食 评论：10已中89 || 本来挺好的 看到这几条给我整焦虑了 || 这么一说没几个好人了', '我见过太多人被不尊重困住还反复问是不是我哪里做得不够好其实真相很刺耳所有不尊重你的人本质都在下注你不会变强我讲个很典型的案例一个女生职场里长期被同事打断被领导临时甩锅甚至连基本边界都没人给她她以为是自己性格太软后来我只让她做了一件事开始拒绝一次不合理加班开始在会议里把话说完整三周后奇怪的事情发生了原来那些随便对她的人开始变得客气了人性不是讲道理的是讲概率的当别人判断你大概率不会反抗不会成长不会离开他们就会用最低成本消耗你所谓不尊重从来不是情绪问题而是价值预期问题你越稳定越有边界越有上升趋势别人越不敢轻慢你所以重点根本不是别人为什么这样对你而是你有没有活成一个让人不敢随便试探的人一旦你真的开始变强你会发现一个现实很多曾经不尊重你的人不是变好了而是收敛了如果你现在正卡在这种被轻视被消耗的关系里其实已经不是情绪问题而是结构问题了继续拖只会让你的边界感越来越低代价只会越来越大 评论：如果你正在经历婚姻危机或者想要分手复合直接我为你提供专业分析', '抑郁会有一些隐形信号容易被误以为是其他身心问题躯体化就是心病表现成身病长期精神压力大心理调节能力较弱情绪不稳定的人更易通过身体宣泄情绪无缘无故出现各类躯体症状1睡眠障碍大部分抑郁患者存在不同程度的睡眠障碍包括失眠嗜睡早醒等失眠可能因为压力大精神状态不好等临床上一般不将其归为抑郁症而早醒症状比较特殊常常是医生诊断抑郁症的指标之一2容易疲劳抑郁症患者大脑血清素分泌减少导致人愉悦感降低同时血清素含量影响肾上腺素分泌使人得不到足够的能量供应而感到深深的疲惫感3无法解释的疼痛和不适有文献指出几乎半数以上甚至高达76的抑郁症患者体验到躯体疼痛症状如头痛背痛四肢痛腰痛等此外一些患者还会出现胸闷腹泻胀气或便秘等消化问题4兴趣减退对日常生活丧失兴趣是抑郁症的主要症状之一没有动力去做任何事包括那些以前能让自己感到快乐和有成就感的爱好以及特长5难以集中精力记忆力减退和无法集中注意力是抑郁症的典型症状抑郁症影响多个脑区包括前额叶皮层和海马体前者主要功能包括注意短时记忆计划和问题解决后者对长时记忆的形成有重要作用6自我孤立患者大多不愿和人接触常独坐一旁或整日卧床闭门独居疏远亲友回避社交严重的抑郁症患者会拉上窗帘不见阳光拒绝出门7自我评价低患者习惯将所有错误归结到自己身上认为自己毫无用处感觉生活失去希望8情绪波动大快乐悲伤状态来回切换患者的抑郁心境有晨重夜轻的规律清晨或上午是心境低潮期下午或傍晚有所好转能进行简单交谈活动 9暴躁易怒抑郁症类型比较多其中一种为激越性抑郁症发病时即使微不足道的小事也会令患者火冒三丈出现语言攻击摔东西等10饮食改变有的患者会在消极情绪的折磨下变得食欲不振体重迅速下降有的则胃口大开暴饮暴食似乎想要通过味觉满足来抚慰低落的心情 评论：去密码的给劳资确诊了 || 无药可救  也不抱任何希望了   就这样闭关修炼也挺好 || 好一个军书十二卷']",抑郁情绪躯体化现象,社会民生
6,17,6_桃花坞_节目_个人_有点,"['桃花坞', '节目', '个人', '有点', '环节', '角度', '综艺', '原本', '儿子', '姐姐']","['桃花坞分房名场面来了方媛选了男生区的单人间结果直接导致9个男生共用一个卫生间徐志胜当场开启调解模式逻辑清晰到让人佩服我建议姐姐先住多人间我们9个人一个卫生间真的不方便方媛说自己晚上不出来可问题是男生要上厕所得从她房间经过啊现在好了一边是社恐的单人间自由一边是9个人抢一个厕所的大型尴尬现场 评论：谁不想住单人间还美其名曰不打扰别人又要捞钱又要舒服快回去别委屈自己了 || 那不叫社恐好吗', '方媛是咋当上天王嫂的说白了就是有点精致利己主义了都来参加综艺了应该能懂吧她似乎忘了这档综艺的卖点就是社交实验合住本身就是为了打破身份界限制造冲突看点而她直接把真人秀玩成了特权申请现场一边嫌女生宿舍的环境一边又硬要住进条件更差的男生宿舍这波操作玩得够双标把自己那点子精致利己暴露得一览无余 炸小梨偷薯的微博视频 评论：玩游戏都戴着墨镜这B装的真不想看她 || 这情商就不要混娱乐圈了我们又不是闲的看个节目就是为了放松的结果来看老板娘一样的臭脸 || 明明是个综艺又不是个人秀场', '这季桃花坞分房环节简直可以用精彩两个字形容原本男生单人间打算给方媛住但是大家一起看了宿舍之后发现进出不是很方便于是徐志胜和方媛沟通说方媛如果住男生宿舍进出时就需要经过他们大通铺方媛回答自己晚上不会出来之后大家表示除了单人间的卫生间之外其他9个男生只有1个卫生间可以用徐志胜说我建议姐姐如果说你只能一个人的话当然没问题但是如果你能够接受多人间的话我建议你多人间因为我们九个人现在只有一个卫生间如果男生想要去单人间上厕所也只能从方媛的房间经过方媛听完沉默了几秒之后徐志胜立刻提出折中建议说先试行一天如果男生发现一个卫生间实在不行就只能麻烦方媛再搬回去采访时被问到为什么选择单人间方媛也表示自己睡觉很晚害怕如果和其他人住在一起晚上收拾东西会影响到其他人看完这段分房只想说桃花坞那味儿确实又回来了 伊丽莎白骨精啊的微博视频 评论：嘴上说着怕打扰别人行动上却让整个集体迁就自己言行有点割裂 || 这情商真的不行也不会体谅人毕竟9个人用一个洗手间轮流洗澡得花去多少时间呀真的是不太方便了徐志胜一般不会说但是这种提了是真的觉得不方便了']",桃花坞分房风波,娱乐八卦
7,16,7_天赋_红毯_独家_经历,"['天赋', '红毯', '独家', '经历', '公主', '故事', '概念', '体验', '时光', '白鹿']","['怎么忽然间有点感动呢感动与幸福化作滚烫的泪珠爱 在此刻具像化于是恍惚间好似看见我们之间以爱之名  以爱铸成的坚不可摧的桥梁正熠熠生辉十年 是你独自打拼的见证是经历也是成长更是我们一起走过保彼此相爱的勋章 时光荏苒 岁月如梭十年它很长长到当初牙牙学语的小孩儿 现如今也早已长大可它又很短短到你还是你 我还是我 我们依旧是我们似乎 什么都没变 天气刚刚好  心情刚刚好   时间刚刚好因为有你一切都刚刚好就让我们一起奔赴每个时光勋章', '蔚蓝海岸盛幕将启  巴黎欧莱雅作为戛纳电影节官方合作伙伴  连续第29年闪耀这一世界瞩目的电影盛事    今年巴黎欧莱雅以独家视角  带你直击戛纳之行的台前幕后  从聚光灯下再到镜头之外  不止看见红毯上的高光时刻  更看见真实记录的值得瞬间      鲜活真实零距离  只此独家值此戛纳  巴黎欧莱雅邀你一起  沉浸式体验戛纳之旅 评论：期待田栩宁 柠檬水永远支持你 || 期待田栩宁', '十年是什么概念是当年那个未满18的小女孩在遇到你的第一眼在痛苦无尽的人生里遇到的第一次救赎是听闻了你的故事之后明白了原来真的有人活出了我想要的人生是陪你经历了顶峰低谷再到绝地逢生是太多太多绝非寥寥几字就能说清的故事情感我永远记得第一次见面的场景少年的你啊会认真地注视每一个到来的人你甚至会认出谁是常来的谁是第一次来的因为那些新面孔啊你的目光总会多驻足一下无人会不怀念那个时候的你吧再后来啊穿破了所有的雾霭终于成了那个家喻户晓的演员有得必有失嘛我想你终究是失去了一些你口中最在乎自由和洒脱可是休假期间总在上海街头被偶遇的你啊会让我觉得看还是当年那个肆意洒脱的少年啊那个爱在路边喝野酒的少年只是更成熟稳重了这是你灵魂底色不会缺失的一部分十年突然间去除了Johnny这个前缀总归是有你的用意的吧无意去揣测你的想法只是心里多少是有点空落落的就好像这十年突然间被挖走了一部分可是人啊终究是会不断地往前走的你比每一个我们都更清楚自己的选择可念过往亦是每一个人都躲不过的通病我们之间所有鲜活的记忆永不褪色而你啊你啊我只愿最终会肆意洒脱如你愿']",白鹿红毯时光,娱乐八卦
8,16,8_医院_孩子_女子_盲目,"['医院', '孩子', '女子', '盲目', '方案', '事件', '当事人', '情况', '原因', '差点']","['妈妈一次治好儿子两年治不好不是细菌偏心是这孩子自己作出来的这说明什么医生反复叮嘱足疗程他当耳边风症状没了就觉得好了擅自停药细菌哪有那么蠢你一停它立马卷土重来而且这次已经练出了抗体下次换什么药都挡不住家长呢父母去哪了一个16岁的未成年人做这么重要的医疗决策家里不盯着点孩子自己减药自己停药自己换医院两年四次失败但凡有一次家长出面追问为什么没按时吃都不至于走到无药可用的地步好在最后去了北京大学深圳医院做了耐药基因检测才找到敏感抗生素终于治愈要是这个医院也没治好那就是终身携带无药可救随时可能癌变记牢幽门螺杆菌根除治疗首战即决战第一次不规范治疗就是在给细菌练兵的机会症状没了不等于菌清了擅自减药停药不是在省事是在养蛊未成年人生病了父母不能当甩手掌柜他不吃药你不管他停药你不问最后养出超级细菌谁都兜不住 评论：对啊 要遵医嘱 家长也要盯着点 || 天呐四次都没成功', '事件核心原因不规范治疗催生超级耐药菌擅自停药与疗程不足男孩阿伟在治疗过程中多次因症状缓解自行减药或停药未完成14天规范疗程导致细菌未被彻底清除反而筛选出耐药突变株盲目经验性用药四次治疗均未进行耐药检测反复使用克拉霉素左氧氟沙星等临床高耐药率抗生素深圳地区甲硝唑耐药率97克拉霉素44加速细菌耐药性进化剂量不足与方案单一药物剂量未达标准且未根据个体调整方案如未使用铋剂或强效抑酸药导致杀菌效力不足 男孩幽门螺杆菌阳性治疗4次全失败 评论：夏夜萤火虫的光很弱却能让迷路者看见方向平凡的力量也能成为别人的光不必成为太阳你有自己的亮度就够了 || 人活一世重要的是经历苦也好乐也好过去的不再重提追忆过去只能徒增伤悲当你掩面叹息的时候时光已逝幸福也从你的指缝悄悄的溜走世上没有不平的事只有不平的心不去怨不去恨淡然一切往事如烟珍惜现有的生活幸福就在你身边', '琪乐说育儿 四次杀菌全失败孩子瘦得脱相妈妈哭着问是不是我害的停别让自责和内耗毁了一个家今天我必须戳破那个最扎心的真相你拼命给孩子灌药可感染源每天都在餐桌上亲他抱他你以为是学校饭菜不干净以为是奶奶嚼饭喂饭可数据撕开了更残酷的窗我国儿童幽门螺杆菌感染率约30家庭内传播占90以上孩子反复阳性根源大概率不在外面而在父母的胃里在你们日日共用的那盘菜里这不是制造恐慌是让你清醒医学真相很冰冷儿童可用抗生素种类少克拉霉素耐药率已超30如果只治孩子不治全家等于往消毒过的伤口上反复泼菌幽门螺杆菌是Ⅰ类致癌物孩子长期感染不仅可能口臭贫血还会损伤胃黏膜那不是长大就好了是埋雷此刻我想先化解关系的崩裂请停止追问到底谁传染的这种经口传播的细菌夫妻间互相感染率极高扯不清源头只会让双方躲在卫生间查资料互相甩锅这不是道德污点更不是脏病只是需要全家共同应对的健康事件接着我要狠狠纠正一个误区一谈传染源矛头就怼向妈妈和奶奶的口水可多少爸爸应酬喝酒共用餐具感染率更高却从不吹气检查再用胡茬去亲孩子脸蛋时你嘴里的幽门螺杆菌可能正顺着唾液爬进孩子的胃保护孩子从来不该只是女性的责任说完痛点几个建议分享给大家1 立即停止对孩子单打独斗式的反复根除全家同步做C13呼气试验阳性者一起治疗一个都不能漏2 儿童如需治疗请医生评估并尽量做药敏试验避开耐药药用足疗程别擅自停药3 治疗期间及之后严格执行分餐公筷个人餐具水杯分开牙刷全部更换餐具煮沸消毒4 彻底杜绝口对口喂食亲吻嘴巴用嘴吹凉食物嚼食喂娃等一切唾液接触行为5 治愈后公筷习惯必须保留因为再感染率不低预防远胜于一遍遍折腾孩子的身体最后我想把这件事升一寸温度家不应该是细菌的温床真正的亲密不是共喝一碗汤共咬一个苹果而是我爱你所以我把安全的界限刻进骨子里分餐不分爱公筷不隔心能让一个男孩四次治疗失败的困局终结就从今天晚餐添一双公筷开始守护孩子的胃才是给他最踏实的未来视频来自网络侵删 琪乐说育儿的微博视频 评论：我最愿意看你的医疗博文']",儿童耐药菌治疗危机,社会民生
