comment_id,create_time,create_date_time,note_id,content,sub_comment_count,comment_like_count,last_modify_ts,ip_location,parent_comment_id,user_id,nickname,gender,profile_url,avatar,source_file,data_type,cleaned_content,is_meaningful,is_duplicate
5300631491577787,1779281291,2026-05-20 12:48:11+08:00,5300630606318576,这种群像的氛围真的太棒了。,2,251,1779278840906,河南,5300631491577787,6112739838,花散里呀,f,https://m.weibo.cn/u/6112739838?launchid=10000360-page_H5,"https://tvax3.sinaimg.cn/crop.0.0.1080.1080.180/006FGqS2ly8ia5wc2jbbaj30u00u0mzw.jpg?KID=imgbed,tva&Expires=1779289639&ssig=FjCibULRci",search_comments_2026-05-20.csv,search_comment,这种群像的氛围真的太棒了,True,False
5300644361801914,1779284360,2026-05-20 13:39:20+08:00,5300630606318576,期待张凌赫开始推理吧4,1,277,1779278840909,天津,5300644361801914,1260293657,昰筱凩,f,https://m.weibo.cn/u/1260293657?launchid=10000360-page_H5,"https://tvax1.sinaimg.cn/crop.0.0.1080.1080.180/4b1e8e19ly8ibwb48dt2wj20u00u0wiy.jpg?KID=imgbed,tva&Expires=1779289639&ssig=M61c7utQdf",search_comments_2026-05-20.csv,search_comment,期待张凌赫开始推理吧4,True,False
5300643582971696,1779284174,2026-05-20 13:36:14+08:00,5300630606318576,谢谢发凌赫红稿,1,86,1779278840912,辽宁,5300643582971696,6576889803,殺手代號007_,f,https://m.weibo.cn/u/6576889803?launchid=10000360-page_H5,"https://tvax3.sinaimg.cn/crop.0.0.795.795.180/007b5XtNly8idanq3rq7nj30m30m3aau.jpg?KID=imgbed,tva&Expires=1779289639&ssig=1zqeZWBC02",search_comments_2026-05-20.csv,search_comment,谢谢发凌赫红稿,True,False
5300650499117816,1779285823,2026-05-20 14:03:43+08:00,5300641474022140,怎么感觉张凌赫很好骗走的样子,1,14,1779278847399,江西,5300650499117816,5869482572,妖精的直发,f,https://m.weibo.cn/u/5869482572?launchid=10000360-page_H5,"https://tvax1.sinaimg.cn/crop.0.0.1080.1080.180/006pdKxKly8icej7qjkfuj30u00u0gnp.jpg?KID=imgbed,tva&Expires=1779289646&ssig=F99FsK9a3C",search_comments_2026-05-20.csv,search_comment,怎么感觉张凌赫很好骗走的样子,True,False
5300646267065311,1779284814,2026-05-20 13:46:54+08:00,5300641474022140,金靖撒娇，谁能扛得住啊！,2,0,1779278847404,安徽,5300646267065311,5623443894,你好不好想你了,f,https://m.weibo.cn/u/5623443894?launchid=10000360-page_H5,"https://tvax4.sinaimg.cn/crop.0.0.1080.1080.180/0068zoDYly8i6gtvnr008j30u00u0n07.jpg?KID=imgbed,tva&Expires=1779289646&ssig=mex4T9JNq5",search_comments_2026-05-20.csv,search_comment,金靖撒娇谁能扛得住啊,True,False
5300644319596306,1779284350,2026-05-20 13:39:10+08:00,5300641474022140,金靖可太会了,2,1,1779278847406,北京,5300644319596306,1489160965,开小差的猪妈妈,f,https://m.weibo.cn/u/1489160965?launchid=10000360-page_H5,"https://tvax4.sinaimg.cn/crop.0.0.864.864.180/58c2cb05ly8i6dztvf4b0j20o00o0adq.jpg?KID=imgbed,tva&Expires=1779289646&ssig=JD1gFGiLTQ",search_comments_2026-05-20.csv,search_comment,金靖可太会了,True,False
5300729691506646,1779304704,2026-05-20 19:18:24+08:00,5300673904378268,期待张凌赫,0,2,1779278853866,湖北,5300729691506646,7870537238,赫然有声6,f,https://m.weibo.cn/u/7870537238?launchid=10000360-page_H5,"https://tvax3.sinaimg.cn/crop.0.0.1080.1080.180/008ADYh0ly8hxjkjyy5uej30u00u0gpt.jpg?KID=imgbed,tva&Expires=1779289652&ssig=PxUBrBMeqr",search_comments_2026-05-20.csv,search_comment,期待张凌赫,True,False
5300702586868735,1779298242,2026-05-20 17:30:42+08:00,5300673904378268,张凌赫综艺感越来越强了，有趣的人,0,18,1779278853871,江苏,5300702586868735,3169224394,江南小草莓,f,https://m.weibo.cn/u/3169224394?launchid=10000360-page_H5,"https://tvax3.sinaimg.cn/crop.0.0.1080.1080.180/bce686caly8ibcdwbdco7j20u00u0jv2.jpg?KID=imgbed,tva&Expires=1779289652&ssig=iHysisqtD7",search_comments_2026-05-20.csv,search_comment,张凌赫综艺感越来越强了有趣的人,True,False
5300703710942892,1779298510,2026-05-20 17:35:10+08:00,5300673904378268,期待张凌赫，一起开推吧！,0,24,1779278853878,北京,5300703710942892,6014520897,90后小呆王,f,https://m.weibo.cn/u/6014520897?launchid=10000360-page_H5,"https://tvax2.sinaimg.cn/crop.0.0.1080.1080.180/006z2jDzly8h4ci4wlz2lj30u00u0jsn.jpg?KID=imgbed,tva&Expires=1779289652&ssig=jqZ3UI7VPl",search_comments_2026-05-20.csv,search_comment,期待张凌赫一起开推吧,True,False
5300661629489228,1779288477,2026-05-20 14:47:57+08:00,5300654587248887,刘宇宁气的露出了他的兔子牙,0,3,1779278860311,广东,5300661629489228,3238024520,李二硕的泪痣,f,https://m.weibo.cn/u/3238024520?launchid=10000360-page_H5,"https://tvax4.sinaimg.cn/crop.0.0.1080.1080.180/c1005548ly8gefbkwxo8gj20u00u0tau.jpg?KID=imgbed,tva&Expires=1779289659&ssig=lWoxTvsj1n",search_comments_2026-05-20.csv,search_comment,刘宇宁气的露出了他的兔子牙,True,False
5300695982935003,1779296667,2026-05-20 17:04:27+08:00,5300654587248887,笑死我了哈哈哈哈哈哈哈哈,0,1,1779278860318,重庆,5300695982935003,7730330216,鱼用_lokihan,f,https://m.weibo.cn/u/7730330216?launchid=10000360-page_H5,"https://tvax4.sinaimg.cn/crop.0.0.1080.1080.180/008r9G1qly8hlcxqzj23tj30u00u0ter.jpg?KID=imgbed,tva&Expires=1779289659&ssig=ZrvsYhiHAi",search_comments_2026-05-20.csv,search_comment,笑死我了哈哈哈哈哈哈哈哈,True,False
5300658481662270,1779287726,2026-05-20 14:35:26+08:00,5300654587248887,哈哈哈，太有意思了,0,0,1779278860329,吉林,5300658481662270,6715107430,天岗268,m,https://m.weibo.cn/u/6715107430?launchid=10000360-page_H5,"https://tvax3.sinaimg.cn/crop.0.0.664.664.180/007krUcmly8fvh99qb0ypj30ig0ig0u2.jpg?KID=imgbed,tva&Expires=1779289659&ssig=%2BZqhobQwTp",search_comments_2026-05-20.csv,search_comment,哈哈哈太有意思了,True,False
5300644068198528,1779284290,2026-05-20 13:38:10+08:00,5300642999962262,就是说啊家人们！这俩人有点好磕,0,33,1779278866817,山东,5300644068198528,7894779306,我喜欢啧啧,f,https://m.weibo.cn/u/7894779306?launchid=10000360-page_H5,"https://tvax3.sinaimg.cn/crop.0.0.512.512.180/008ChGK6ly8hlg53perckj30e80e8mxj.jpg?KID=imgbed,tva&Expires=1779289665&ssig=VYzJIFDnau",search_comments_2026-05-20.csv,search_comment,就是说啊家人们这俩人有点好磕,True,False
5300644090221746,1779284295,2026-05-20 13:38:15+08:00,5300642999962262,哈哈哈哈哈哈两个人怎么都这么可爱☺️,0,27,1779278866824,福建,5300644090221746,6418220587,OoooO8oo0,f,https://m.weibo.cn/u/6418220587?launchid=10000360-page_H5,"https://tvax2.sinaimg.cn/crop.0.0.1024.1024.180/0070mcmTly8hw3i0rma6zj30sg0sg40p.jpg?KID=imgbed,tva&Expires=1779289665&ssig=MiJRHaaiLn",search_comments_2026-05-20.csv,search_comment,哈哈哈哈哈哈两个人怎么都这么可爱,True,False
5300644106996957,1779284299,2026-05-20 13:38:19+08:00,5300642999962262,他们关系是真的好好啊,0,22,1779278866834,山西,5300644106996957,7045550393,旻旻天下第一,f,https://m.weibo.cn/u/7045550393?launchid=10000360-page_H5,"https://tvax4.sinaimg.cn/crop.0.0.844.844.180/007GOpvzly8hyr00vm6ugj30ng0ngabp.jpg?KID=imgbed,tva&Expires=1779289665&ssig=mqcF2XMNEt",search_comments_2026-05-20.csv,search_comment,他们关系是真的好好啊,True,False
5300673584825003,1779291326,2026-05-20 15:35:26+08:00,5300666659504342,介绍一下张凌赫@微博智搜 @千问,1,0,1779278890480,浙江,5300673584825003,7729274543,快乐味Spill2t,f,https://m.weibo.cn/u/7729274543?launchid=10000360-page_H5,"https://tvax3.sinaimg.cn/crop.0.0.512.512.180/008r5forly8gxcsxr6vy0j30e80e8wf2.jpg?KID=imgbed,tva&Expires=1779289689&ssig=%2BzZzMFKzG5",search_comments_2026-05-20.csv,search_comment,介绍一下张凌赫 ,True,False
5300673542619866,1779291316,2026-05-20 15:35:16+08:00,5300666659504342,介绍一下金靖@千问 @微博智搜,1,0,1779278890488,浙江,5300673542619866,7729274543,快乐味Spill2t,f,https://m.weibo.cn/u/7729274543?launchid=10000360-page_H5,"https://tvax3.sinaimg.cn/crop.0.0.512.512.180/008r5forly8gxcsxr6vy0j30e80e8wf2.jpg?KID=imgbed,tva&Expires=1779289689&ssig=%2BzZzMFKzG5",search_comments_2026-05-20.csv,search_comment,介绍一下金靖 ,True,False
5300738119172545,1779306712,2026-05-20 19:51:52+08:00,5300737299972461,我爱你，所以我的眼里只能看见你，我爱你，所以我的世界只围绕着你转。@张凌赫z,0,0,1779278896913,山东,5300738119172545,7711427945,摆烂二级运动员,m,https://m.weibo.cn/u/7711427945?launchid=10000360-page_H5,"https://tvax1.sinaimg.cn/crop.0.0.1080.1080.180/008pSmG5ly8icq25i92p5j30u00u0dhz.jpg?KID=imgbed,tva&Expires=1779289695&ssig=%2FKmMwXQFe%2F",search_comments_2026-05-20.csv,search_comment,我爱你所以我的眼里只能看见你我爱你所以我的世界只围绕着你转,True,False
5300723446973795,1779303215,2026-05-20 18:53:35+08:00,5300721404874339,好般配的两个人,0,1,1779278920944,北京,5300723446973795,7768204528,新世纪美人佔式,f,https://m.weibo.cn/u/7768204528?launchid=10000360-page_H5,"https://tvax2.sinaimg.cn/crop.0.0.1080.1080.180/008tIARqly8id8vlsdud2j30u00u040b.jpg?KID=imgbed,tva&Expires=1779289719&ssig=OqKyX9D%2BtC",search_comments_2026-05-20.csv,search_comment,好般配的两个人,True,False
5300723180896805,1779303151,2026-05-20 18:52:31+08:00,5300721404874339,不错诶！祝99,1,2,1779278920950,河北,5300723180896805,2291374854,TianYooooooo,f,https://m.weibo.cn/u/2291374854?launchid=10000360-page_H5,"https://tvax1.sinaimg.cn/crop.0.0.1080.1080.180/88939b06ly8idc5u3knxqj20u00u0wf2.jpg?KID=imgbed,tva&Expires=1779289719&ssig=DvLsdRFdcL",search_comments_2026-05-20.csv,search_comment,不错诶祝99,True,False
5300707482928859,1779299409,2026-05-20 17:50:09+08:00,5300706870297518,我想变成蚊子，飞过去参与一下,2,40,1779278927556,四川,5300707482928859,1354161797,小絮要一直在莎莎身边,f,https://m.weibo.cn/u/1354161797?launchid=10000360-page_H5,"https://tvax2.sinaimg.cn/crop.0.0.828.828.180/50b6de85ly8g4n4kdhry2j20n00n0t9k.jpg?KID=imgbed,tva&Expires=1779289726&ssig=EZnvKraiD3",search_comments_2026-05-20.csv,search_comment,我想变成蚊子飞过去参与一下,True,False
5300707041220248,1779299304,2026-05-20 17:48:24+08:00,5300706870297518,金莎你是最美的新娘,0,41,1779278927576,四川,5300707041220248,1847197177,金莎粉丝后援会,f,https://m.weibo.cn/u/1847197177?launchid=10000360-page_H5,"https://tvax3.sinaimg.cn/crop.0.0.750.750.180/6e19fdf9ly8fxtlo5a65ij20ku0ku0t5.jpg?KID=imgbed,tva&Expires=1779289726&ssig=ky3xPVyOBA",search_comments_2026-05-20.csv,search_comment,金莎你是最美的新娘,True,False
5300727435232762,1779304166,2026-05-20 19:09:26+08:00,5300706870297518,你的名字叫“幸福” 你的生活叫“甜蜜” 你的微博叫“美满” 提到你我的血糖都高了  潇莎原地改名“莎丞抱”  我需要二甲双胍降血糖,0,9,1779278927618,上海,5300727435232762,1276220503,余生-鱼深,f,https://m.weibo.cn/u/1276220503?launchid=10000360-page_H5,"https://tvax4.sinaimg.cn/crop.0.0.1080.1080.180/4c119457ly8i1vor3s78uj20u00u0ad9.jpg?KID=imgbed,tva&Expires=1779289726&ssig=P5Fm%2BitCMb",search_comments_2026-05-20.csv,search_comment,你的名字叫幸福 你的生活叫甜蜜 你的微博叫美满 提到你我的血糖都高了  潇莎原地改名莎丞抱  我需要二甲双胍降血糖,True,False
5300495881339635,1779248959,2026-05-20 03:49:19+08:00,5298414842807004,长亭外，古道边，芳草碧连天，晚风拂柳笛声残，夕阳山外山。{[/cp],15,4,1779278934159,辽宁,5300495881339635,7883637471,我牛成草,f,https://m.weibo.cn/u/7883637471?launchid=10000360-page_H5,"https://tvax1.sinaimg.cn/default/images/default_avatar_female_180.gif?KID=imgbed,tva&Expires=1779289732&ssig=Ku%2Bq%2FR2ulS",search_comments_2026-05-20.csv,search_comment,长亭外古道边芳草碧连天晚风拂柳笛声残夕阳山外山cp,True,False
5300441898549459,1779236088,2026-05-20 00:14:48+08:00,5298414842807004,快来领520红包🧧→网页链接,1,3,1779278934176,安徽,5300441898549459,2638521332,小姐姐美妆日常,f,https://m.weibo.cn/u/2638521332?launchid=10000360-page_H5,"https://tvax4.sinaimg.cn/crop.0.0.1080.1080.180/9d44a3f4ly8h8jd6bv6dgj20u00u0gnw.jpg?KID=imgbed,tva&Expires=1779289732&ssig=HWmJ4SvsUe",search_comments_2026-05-20.csv,search_comment,快来领520红包网页链接,True,False
5300706580105054,1779299194,2026-05-20 17:46:34+08:00,5300689594486302,属于你们的独家浪漫#520# #致爱星时刻#,0,1,1779278947113,四川,5300706580105054,1403410765,冷冷美好生活,f,https://m.weibo.cn/u/1403410765?launchid=10000360-page_H5,"https://tvax3.sinaimg.cn/crop.0.0.828.828.180/53a6594dly8gdm2e56rwkj20n00n075j.jpg?KID=imgbed,tva&Expires=1779289745&ssig=53nhfarvWI",search_comments_2026-05-20.csv,search_comment,属于你们的独家浪漫 ,True,False
5300741314969962,1779307474,2026-05-20 20:04:34+08:00,5300689594486302,平凡的日常就是幸福的,0,0,1779278947118,宁夏,5300741314969962,7501344834,一支香水百合lilyy,m,https://m.weibo.cn/u/7501344834?launchid=10000360-page_H5,"https://tvax3.sinaimg.cn/crop.0.0.1080.1080.180/008bESsOly8hzx3hvkagzj30u00u0jxx.jpg?KID=imgbed,tva&Expires=1779289745&ssig=1%2FEpDAePZU",search_comments_2026-05-20.csv,search_comment,平凡的日常就是幸福的,True,False
5300741063576089,1779307415,2026-05-20 20:03:35+08:00,5300689594486302,520这天两个人请狠狠幸福,0,0,1779278947126,宁夏,5300741063576089,5567488991,柠檬气泡茉莉,m,https://m.weibo.cn/u/5567488991?launchid=10000360-page_H5,"https://tvax4.sinaimg.cn/crop.0.0.500.500.180/0064MCdxly8hv6zz1ninej30dw0dw3zp.jpg?KID=imgbed,tva&Expires=1779289745&ssig=VkeCGGZnMG",search_comments_2026-05-20.csv,search_comment,520这天两个人请狠狠幸福,True,False
5298515154305259,1778776716,2026-05-14 16:38:36+08:00,5298511600157402,你喜欢他们俩吗？,2,4,1779278953601,江苏,5298515154305259,7805293050,渉愛,f,https://m.weibo.cn/u/7805293050?launchid=10000360-page_H5,"https://tvax4.sinaimg.cn/crop.0.0.1080.1080.180/008wedholy8id7vrwgxq3j30u00u0tcy.jpg?KID=imgbed,tva&Expires=1779289752&ssig=liSZIz%2F9L7",search_comments_2026-05-20.csv,search_comment,你喜欢他们俩吗,True,False
5298512308733196,1778776039,2026-05-14 16:27:19+08:00,5298511600157402,哈哈哈找弟弟这么幸福啊,1,2,1779278953608,重庆,5298512308733196,7843885278,春日桃里li,f,https://m.weibo.cn/u/7843885278?launchid=10000360-page_H5,"https://tvax3.sinaimg.cn/crop.0.0.1080.1080.180/008yQ8SGly8id51eacybij30u00u0q62.jpg?KID=imgbed,tva&Expires=1779289752&ssig=kmgPUdRwNS",search_comments_2026-05-20.csv,search_comment,哈哈哈找弟弟这么幸福啊,True,False
5298512789243884,1778776153,2026-05-14 16:29:13+08:00,5298511600157402,一直不看好姐弟恋 没想到他俩挺幸福的,1,3,1779278953613,四川,5298512789243884,7742265479,KiKi吱,f,https://m.weibo.cn/u/7742265479?launchid=10000360-page_H5,"https://tvax3.sinaimg.cn/crop.0.0.1080.1080.180/008rXKVFly8idc5hhbs9fj30u00u0wf2.jpg?KID=imgbed,tva&Expires=1779289752&ssig=iQmORakGc%2B",search_comments_2026-05-20.csv,search_comment,一直不看好姐弟恋 没想到他俩挺幸福的,True,False
5300714655189176,1779301119,2026-05-20 18:18:39+08:00,5300714173631648,这糖我嗑了！两人默契满分，甜度超标了~,4,15,1779278960132,AI吃瓜罗伯特,5300714655189176,5606716867,吃瓜罗伯特,f,https://m.weibo.cn/u/5606716867?launchid=10000360-page_H5,"https://tvax1.sinaimg.cn/crop.0.0.921.921.180/0067rdbdly8ibrqhbg0vxj30pl0pl404.jpg?KID=imgbed,tva&Expires=1779289758&ssig=CQKhbx0anb",search_comments_2026-05-20.csv,search_comment,这糖我嗑了两人默契满分甜度超标了,True,False
5300715782406717,1779301387,2026-05-20 18:23:07+08:00,5300714173631648,两个人真的挺恩爱的。,2,10,1779278960139,河南,5300715782406717,1731969503,娱乐乐星扒客,m,https://m.weibo.cn/u/1731969503?launchid=10000360-page_H5,"https://tvax2.sinaimg.cn/crop.0.0.1080.1080.180/673bc1dfly8i8ja84ti2mj20u00u0n0z.jpg?KID=imgbed,tva&Expires=1779289758&ssig=ReoOneS9dr",search_comments_2026-05-20.csv,search_comment,两个人真的挺恩爱的,True,False
5300718871512402,1779302124,2026-05-20 18:35:24+08:00,5300714173631648,这弟弟也太会拍了，姐姐幸福啊！,2,3,1779278960143,浙江,5300718871512402,6657048742,康泰里的幸福呀,f,https://m.weibo.cn/u/6657048742?launchid=10000360-page_H5,"https://tvax2.sinaimg.cn/crop.0.0.1080.1080.180/007gwitUly8i6j2hya0lgj30u00u0ju2.jpg?KID=imgbed,tva&Expires=1779289758&ssig=oZISmym7xV",search_comments_2026-05-20.csv,search_comment,这弟弟也太会拍了姐姐幸福啊,True,False
5300726576449079,1779303961,2026-05-20 19:06:01+08:00,5300724537755894,一直幸福下去啊,1,3,1779278966612,浙江,5300726576449079,6807991334,小曼碎念v,f,https://m.weibo.cn/u/6807991334?launchid=10000360-page_H5,"https://tvax3.sinaimg.cn/crop.0.0.512.512.180/007qJDxQly8ibp6dempj4j30e80e874y.jpg?KID=imgbed,tva&Expires=1779289765&ssig=cxZ93NAfs9",search_comments_2026-05-20.csv,search_comment,一直幸福下去啊,True,False
5300725116832264,1779303613,2026-05-20 19:00:13+08:00,5300724537755894,两个人真的很甜啊！,1,1,1779278966620,四川,5300725116832264,7864049763,禾縤欲-,f,https://m.weibo.cn/u/7864049763?launchid=10000360-page_H5,"https://tvax2.sinaimg.cn/crop.0.1.1078.1078.180/008AcKAjly8idc3f3g6ydj30ty0u0q50.jpg?KID=imgbed,tva&Expires=1779289765&ssig=zVyNvDbJiv",search_comments_2026-05-20.csv,search_comment,两个人真的很甜啊,True,False
5300726561769029,1779303958,2026-05-20 19:05:58+08:00,5300724537755894,他俩挺般配的,1,1,1779278966629,河南,5300726561769029,7242655245,岁隐言时,m,https://m.weibo.cn/u/7242655245?launchid=10000360-page_H5,"https://tvax4.sinaimg.cn/crop.0.0.540.540.180/007U9ru5ly1icw6hpd63mj30f00f0wet.jpg?KID=imgbed,tva&Expires=1779289765&ssig=JxfeyCqWDT",search_comments_2026-05-20.csv,search_comment,他俩挺般配的,True,False
5300731794162455,1779305204,2026-05-20 19:26:44+08:00,5300730936169371,感觉颜的表情好尴尬啊,5,693,1779278980439,山东,5300731794162455,5127501676,桃或逃,f,https://m.weibo.cn/u/5127501676?launchid=10000360-page_H5,"https://tvax2.sinaimg.cn/crop.0.0.640.640.180/005B0tpWly8hxkclgexhtj30hs0hsglq.jpg?KID=imgbed,tva&Expires=1779289779&ssig=GxopX8aOq%2B",search_comments_2026-05-20.csv,search_comment,感觉颜的表情好尴尬啊,True,False
5300735617271527,1779306117,2026-05-20 19:41:57+08:00,5300730936169371,男的前女友不都锤他了吗,0,38,1779278980442,黑龙江,5300735617271527,5866486383,zz杀人女魔头,f,https://m.weibo.cn/u/5866486383?launchid=10000360-page_H5,"https://tvax4.sinaimg.cn/crop.0.0.512.512.180/006p1b67ly8hqmm3hvxgyj30e80e80t9.jpg?KID=imgbed,tva&Expires=1779289779&ssig=wYbEi5C4uI",search_comments_2026-05-20.csv,search_comment,男的前女友不都锤他了吗,True,False
5300286954407697,1779199147,2026-05-19 13:59:07+08:00,5300286352523745,颜凯好甜希望一直走下去,0,30,1779278986882,山西,5300286954407697,6087728032,h我就是一束光,f,https://m.weibo.cn/u/6087728032?launchid=10000360-page_H5,"https://tvax1.sinaimg.cn/crop.0.0.750.750.180/006DZu9Oly8h59nm49qe1j30ku0kumz3.jpg?KID=imgbed,tva&Expires=1779289785&ssig=4Pu6P8A6xF",search_comments_2026-05-20.csv,search_comment,颜凯好甜希望一直走下去,True,False
5300287000806860,1779199158,2026-05-19 13:59:18+08:00,5300286352523745,不要啊，很看好的,0,8,1779278986886,北京,5300287000806860,5315842867,财多福旺离家近的嘉昭硕,f,https://m.weibo.cn/u/5315842867?launchid=10000360-page_H5,"https://tvax4.sinaimg.cn/crop.0.0.1080.1080.180/005NKJz5ly8ic20q1ec28j30u00u0ju1.jpg?KID=imgbed,tva&Expires=1779289785&ssig=sTbkYQQ7%2FB",search_comments_2026-05-20.csv,search_comment,不要啊很看好的,True,False
5300287293620418,1779199227,2026-05-19 14:00:27+08:00,5300286352523745,希望能有一个好结果吧,0,20,1779278986888,浙江,5300287293620418,5619068812,想做美丽废物,f,https://m.weibo.cn/u/5619068812?launchid=10000360-page_H5,"https://tvax4.sinaimg.cn/crop.0.0.1017.1017.180/0068h2u8ly8hc7g01pg5gj30s90s9tbq.jpg?KID=imgbed,tva&Expires=1779289785&ssig=xAyuWtU94P",search_comments_2026-05-20.csv,search_comment,希望能有一个好结果吧,True,False
5300730980471461,1779305011,2026-05-20 19:23:31+08:00,5300728849767934,在哪里直播呀,4,1,1779278993349,云南,5300730980471461,6669612670,Tsukino筑野,m,https://m.weibo.cn/u/6669612670?launchid=10000360-page_H5,"https://tvax4.sinaimg.cn/crop.0.0.1064.1064.180/007hn0VUly8gyoutuxs8hj30tk0tkq5p.jpg?KID=imgbed,tva&Expires=1779289792&ssig=Pb4lb2Kme8",search_comments_2026-05-20.csv,search_comment,在哪里直播呀,True,False
5300737712063756,1779306616,2026-05-20 19:50:16+08:00,5300728849767934,这个直播是今天的吗？,2,0,1779278993356,江苏,5300737712063756,7788971460,用户7788971460,f,https://m.weibo.cn/u/7788971460?launchid=10000360-page_H5,"https://tvax1.sinaimg.cn/default/images/default_avatar_female_180.gif?KID=imgbed,tva&Expires=1779289792&ssig=MlaoKClw%2Bv",search_comments_2026-05-20.csv,search_comment,这个直播是今天的吗,True,False
5300739338408708,1779307004,2026-05-20 19:56:44+08:00,5300728849767934,还有可能不，还有可能他们在骗我们，有没有可能,1,2,1779278993363,江苏,5300739338408708,7788971460,用户7788971460,f,https://m.weibo.cn/u/7788971460?launchid=10000360-page_H5,"https://tvax1.sinaimg.cn/default/images/default_avatar_female_180.gif?KID=imgbed,tva&Expires=1779289792&ssig=MlaoKClw%2Bv",search_comments_2026-05-20.csv,search_comment,还有可能不还有可能他们在骗我们有没有可能,True,False
5300731012975889,1779305019,2026-05-20 19:23:39+08:00,5300730329040115,这剧情，编剧是懂拿捏的！,0,1,1779278999837,AI吃瓜罗伯特,5300731012975889,5606716867,吃瓜罗伯特,f,https://m.weibo.cn/u/5606716867?launchid=10000360-page_H5,"https://tvax1.sinaimg.cn/crop.0.0.921.921.180/0067rdbdly8ibrqhbg0vxj30pl0pl404.jpg?KID=imgbed,tva&Expires=1779289798&ssig=i1smd9gc6B",search_comments_2026-05-20.csv,search_comment,这剧情编剧是懂拿捏的,True,False
5300739960474897,1779307152,2026-05-20 19:59:12+08:00,5300730329040115,这首歌词很贴切,0,0,1779278999842,江西,5300739960474897,7296622649,二之日009,f,https://m.weibo.cn/u/7296622649?launchid=10000360-page_H5,"https://tvax4.sinaimg.cn/crop.0.0.1002.1002.180/007XNSS5ly8g6ikvjgnp4j30ru0rudit.jpg?KID=imgbed,tva&Expires=1779289798&ssig=3I5UIR6S%2FV",search_comments_2026-05-20.csv,search_comment,这首歌词很贴切,True,False
5300739435398548,1779307027,2026-05-20 19:57:07+08:00,5300730329040115,全世界第一会演的人 恶心到我了,0,1,1779278999847,广东,5300739435398548,6972988545,今天喜欢学习吗,f,https://m.weibo.cn/u/6972988545?launchid=10000360-page_H5,"https://tvax4.sinaimg.cn/crop.0.0.1080.1080.180/007BTWRbly8gwdk1l4bnyj30u00u0jss.jpg?KID=imgbed,tva&Expires=1779289798&ssig=vgqIFbwmJH",search_comments_2026-05-20.csv,search_comment,全世界第一会演的人 恶心到我了,True,False
5300732798441094,1779305445,2026-05-20 19:30:45+08:00,5300732662121525,我当时很磕,2,0,1779279006299,山东,5300732798441094,6553652845,小怪兽酥性面团-可爱反派怪怪,f,https://m.weibo.cn/u/6553652845?launchid=10000360-page_H5,"https://tvax3.sinaimg.cn/crop.0.0.1080.1080.180/0079wsu9ly8idc57v1kc2j30u00u0djc.jpg?KID=imgbed,tva&Expires=1779289805&ssig=DuUiyXG1gd",search_comments_2026-05-20.csv,search_comment,我当时很磕,True,False
5300732960180375,1779305483,2026-05-20 19:31:23+08:00,5300732662121525,这是什么 综艺吗我没看过,1,0,1779279006307,吉林,5300732960180375,5979391363,骂新皓会反噬,f,https://m.weibo.cn/u/5979391363?launchid=10000360-page_H5,"https://tvax1.sinaimg.cn/crop.0.0.1080.1080.180/006wEUQbly8idc2cxyhobj30u00u0abw.jpg?KID=imgbed,tva&Expires=1779289805&ssig=VpqkGvCVXA",search_comments_2026-05-20.csv,search_comment,这是什么 综艺吗我没看过,True,False
5300733314340259,1779305568,2026-05-20 19:32:48+08:00,5300732662121525,不是说在一起了吗,2,0,1779279006316,广东,5300733314340259,7531039407,沈媜,f,https://m.weibo.cn/u/7531039407?launchid=10000360-page_H5,"https://tvax3.sinaimg.cn/crop.0.0.1080.1080.180/008dFtnxly8icade68zfaj30u00u0t9y.jpg?KID=imgbed,tva&Expires=1779289805&ssig=QoSf1zFb0G",search_comments_2026-05-20.csv,search_comment,不是说在一起了吗,True,False
5300742657148344,1779307795,2026-05-20 20:09:55+08:00,5300742467624442,气死了。。ljk和他的梦女们锁死吧,0,0,1779279046665,天津,5300742657148344,7799478794,渺小与伟大_多财多亿版,f,https://m.weibo.cn/u/7799478794?launchid=10000360-page_H5,"https://tvax3.sinaimg.cn/crop.0.0.1080.1080.180/008vPOJ4ly8ib6jcau5skj30u00u0wfb.jpg?KID=imgbed,tva&Expires=1779289845&ssig=4Mqt2rglY3",search_comments_2026-05-20.csv,search_comment,气死了ljk和他的梦女们锁死吧,True,False
5300649383953227,1779285557,2026-05-20 13:59:17+08:00,5300622678298812,希望我们能够互惠互利,0,198,1779279073825,山西,5300649383953227,7479336267,昔桄_,f,https://m.weibo.cn/u/7479336267?launchid=10000360-page_H5,"https://tvax1.sinaimg.cn/crop.0.0.1080.1080.180/008aax1Vly8ibsrqqtyrjj30u00u0ace.jpg?KID=imgbed,tva&Expires=1779289872&ssig=TiJFABFz50",search_comments_2026-05-20.csv,search_comment,希望我们能够互惠互利,True,False
5300677501785373,1779292261,2026-05-20 15:51:01+08:00,5300622678298812,仪仗队真的太帅了,1,91,1779279073832,湖北,5300677501785373,2798500522,爱旅行的米妮小公主,m,https://m.weibo.cn/u/2798500522?launchid=10000360-page_H5,"https://tvax4.sinaimg.cn/crop.0.0.367.367.180/a6cdbaaaly8i3kjzu6o29j20a70a7t8x.jpg?KID=imgbed,tva&Expires=1779289872&ssig=%2F6CBSsD1Ys",search_comments_2026-05-20.csv,search_comment,仪仗队真的太帅了,True,False
5300627962071472,1779280450,2026-05-20 12:34:10+08:00,5300605893739810,欢迎欢迎热烈欢迎,0,2,1779279086821,江苏,5300627962071472,7184878260,我该给我取什么呀,f,https://m.weibo.cn/u/7184878260?launchid=10000360-page_H5,"https://tvax3.sinaimg.cn/crop.0.0.1080.1080.180/007Qf13ely8id592rdyvpj30u00u0dhg.jpg?KID=imgbed,tva&Expires=1779289885&ssig=hHrgvqUy1Q",search_comments_2026-05-20.csv,search_comment,欢迎欢迎热烈欢迎,True,False
5300629276984286,1779280763,2026-05-20 12:39:23+08:00,5300605893739810,为我们伟大的祖国点赞！,0,1,1779279086826,江苏,5300629276984286,5286631678,平平常常666888111999,m,https://m.weibo.cn/u/5286631678?launchid=10000360-page_H5,"https://tvax2.sinaimg.cn/crop.0.0.1080.1080.180/005LMaoSly8id4q9opffnj30u00u0jvc.jpg?KID=imgbed,tva&Expires=1779289885&ssig=3WvmadueMK",search_comments_2026-05-20.csv,search_comment,为我们伟大的祖国,True,False
5300704289752484,1779298648,2026-05-20 17:37:28+08:00,5300698541198783,ai主持人？,0,0,1779279093274,广东,5300704289752484,5360514193,张爷拄拐棍,m,https://m.weibo.cn/u/5360514193?launchid=10000360-page_H5,"https://tvax4.sinaimg.cn/crop.0.0.1026.1026.180/005QMaClly8gyl58fwhwaj30si0si76t.jpg?KID=imgbed,tva&Expires=1779289892&ssig=ODcQj7uoff",search_comments_2026-05-20.csv,search_comment,ai主持人,True,False
5300735780593152,1779306156,2026-05-20 19:42:36+08:00,5300735671796635,暂时的合作啊,0,0,1779279150510,上海,5300735780593152,7969697036,马儿踩财水,f,https://m.weibo.cn/u/7969697036?launchid=10000360-page_H5,"https://tvax4.sinaimg.cn/crop.0.0.1080.1080.180/008Hm2gAly8ibjjzmnryoj30u00u042z.jpg?KID=imgbed,tva&Expires=1779289949&ssig=t9ZBpEOX8f",search_comments_2026-05-20.csv,search_comment,暂时的合作啊,True,False
5300712240058493,1779300543,2026-05-20 18:09:03+08:00,5300709977228953,巧乐兹雪糕让每一个场景都变开心,26,4,1779279188262,辽宁,5300712240058493,7843985313,岁月静好天天吃饱hai,f,https://m.weibo.cn/u/7843985313?launchid=10000360-page_H5,"https://tvax2.sinaimg.cn/crop.0.0.1080.1080.180/008yQyU9ly8heppbr5r9vj30u00u0dh5.jpg?KID=imgbed,tva&Expires=1779289987&ssig=QhmWwNJYHX",search_comments_2026-05-20.csv,search_comment,巧乐兹雪糕让每一个场景都变开心,True,False
5300734803312750,1779305922,2026-05-20 19:38:42+08:00,5300709977228953,王安宇代言真的狠狠圈粉了,1,2,1779279188269,广东,5300734803312750,7857782039,马铃薯的脸颊,m,https://m.weibo.cn/u/7857782039?launchid=10000360-page_H5,"https://tvax2.sinaimg.cn/crop.0.0.512.512.180/008zMs3Zly8hgcv8ru7gyj30e80e8q3b.jpg?KID=imgbed,tva&Expires=1779289987&ssig=gHjkAnGjlP",search_comments_2026-05-20.csv,search_comment,王安宇代言真的狠狠圈粉了,True,False
5300734690334294,1779305896,2026-05-20 19:38:16+08:00,5300709977228953,夏天的快乐是这款雪糕给的,2,2,1779279188273,广东,5300734690334294,6430580259,原三岁半,f,https://m.weibo.cn/u/6430580259?launchid=10000360-page_H5,"https://tvax4.sinaimg.cn/crop.0.0.1080.1080.180/0071c3Grly8hs7uvvfb8fj30u00u00ta.jpg?KID=imgbed,tva&Expires=1779289987&ssig=hMpxUCbpyC",search_comments_2026-05-20.csv,search_comment,夏天的快乐是这款雪糕给的,True,False
5300701846831703,1779298064,2026-05-20 17:27:44+08:00,5300679763035418,感觉这款冰淇淋真的很好吃啊,0,1,1779279194872,山东,5300701846831703,2372548825,无名之亮-葛亮,m,https://m.weibo.cn/u/2372548825?launchid=10000360-page_H5,"https://tva3.sinaimg.cn/crop.0.384.736.736.180/8d6a38d9jw1ex26hs4c35j20kg18gk1e.jpg?KID=imgbed,tva&Expires=1779289993&ssig=wlIW%2B9Db66",search_comments_2026-05-20.csv,search_comment,感觉这款冰淇淋真的很好吃啊,True,False
5300680663500138,1779293015,2026-05-20 16:03:35+08:00,5300679763035418,看起来好诱人呀，真的很想品尝一下,1,80,1779279194878,河南,5300680663500138,7223243737,wy是颗小甜豆,f,https://m.weibo.cn/u/7223243737?launchid=10000360-page_H5,"https://tvax3.sinaimg.cn/crop.0.0.996.996.180/007SPZFfly8gn39bywxvpj30ro0roab2.jpg?KID=imgbed,tva&Expires=1779289993&ssig=huMAJ3vfZs",search_comments_2026-05-20.csv,search_comment,看起来好诱人呀真的很想品尝一下,True,False
5300680705182940,1779293025,2026-05-20 16:03:45+08:00,5300679763035418,这个同款我也要去试一下了,0,62,1779279194881,重庆,5300680705182940,7511414202,小查的第一,f,https://m.weibo.cn/u/7511414202?launchid=10000360-page_H5,"https://tvax4.sinaimg.cn/crop.0.0.1080.1080.180/008cl7XYly8gjls8tjqomj30u00u0mzd.jpg?KID=imgbed,tva&Expires=1779289993&ssig=o3rDG1IMeK",search_comments_2026-05-20.csv,search_comment,这个同款我也要去试一下了,True,False
5300711504217239,1779300368,2026-05-20 18:06:08+08:00,5300710898144396,我也天天吃,17,10,1779279201331,山东,5300711504217239,7373315991,追光的大脸猫,f,https://m.weibo.cn/u/7373315991?launchid=10000360-page_H5,"https://tvax3.sinaimg.cn/crop.0.0.1079.1079.180/0082ZGjtly8i5umidh9cyj30tz0u0q4x.jpg?KID=imgbed,tva&Expires=1779290000&ssig=iB1W7iJEgB",search_comments_2026-05-20.csv,search_comment,我也天天吃,True,False
5300711664651846,1779300406,2026-05-20 18:06:46+08:00,5300710898144396,真的有效果吗，那就天天吃点,1,5,1779279201337,内蒙古,5300711664651846,7587308836,小脑袋大聪明1,f,https://m.weibo.cn/u/7587308836?launchid=10000360-page_H5,"https://tvax2.sinaimg.cn/crop.0.0.1080.1080.180/008htzCYly8iceree2xrxj30u00u0q6s.jpg?KID=imgbed,tva&Expires=1779290000&ssig=76kiS2fb06",search_comments_2026-05-20.csv,search_comment,真的有效果吗那就天天吃点,True,False
5300712909309974,1779300703,2026-05-20 18:11:43+08:00,5300710898144396,梦幻联动的感觉，一起来关注他,0,3,1779279201343,黑龙江,5300712909309974,7505470136,荔枝航宇,m,https://m.weibo.cn/u/7505470136?launchid=10000360-page_H5,"https://tvax3.sinaimg.cn/crop.0.0.1080.1080.180/008bWbDWly8hn4yzhz9tlj30u00u011c.jpg?KID=imgbed,tva&Expires=1779290000&ssig=HZKvVzZWnA",search_comments_2026-05-20.csv,search_comment,梦幻联动的感觉一起来关注他,True,False
5300713928266719,1779300946,2026-05-20 18:15:46+08:00,5300710142640824,好想吃上一口巧乐兹，给你不一样的味道,0,5,1779279207803,广西,5300713928266719,6439501444,可爱猪猪女孩呀,f,https://m.weibo.cn/u/6439501444?launchid=10000360-page_H5,"https://tvax1.sinaimg.cn/crop.0.0.996.996.180/0071Nuuwly8g3yf5xxh88j30ro0rojtb.jpg?KID=imgbed,tva&Expires=1779290006&ssig=WiQShzZRPy",search_comments_2026-05-20.csv,search_comment,好想吃上一口巧乐兹给你不一样的味道,True,False
5300711447072211,1779300354,2026-05-20 18:05:54+08:00,5300710189044622,黑芝麻和巧克力的搭配真的光想想就很好吃啊！！,2,8,1779279214297,辽宁,5300711447072211,7209862854,就是不想上班啊O,f,https://m.weibo.cn/u/7209862854?launchid=10000360-page_H5,"https://tvax3.sinaimg.cn/crop.0.0.1002.1002.180/007RVQGyly8i58y7vpijdj30ru0ruab2.jpg?KID=imgbed,tva&Expires=1779290013&ssig=2pR44daTmN",search_comments_2026-05-20.csv,search_comment,黑芝麻和巧克力的搭配真的光想想就很好吃啊,True,False
5300711388086957,1779300339,2026-05-20 18:05:39+08:00,5300710189044622,看起来好好吃的巧乐兹 我馋了,0,0,1779279214304,广西,5300711388086957,6607495910,天天都要恰飞鱼,f,https://m.weibo.cn/u/6607495910?launchid=10000360-page_H5,"https://tvax4.sinaimg.cn/crop.0.0.1080.1080.180/007danwGly8hs6gb2gviej30u00u00v3.jpg?KID=imgbed,tva&Expires=1779290013&ssig=xN5xVhXl%2Fi",search_comments_2026-05-20.csv,search_comment,看起来好好吃的巧乐兹 我馋了,True,False
5300711430816435,1779300349,2026-05-20 18:05:49+08:00,5300710189044622,这个口味简直是我的最爱,0,0,1779279214309,安徽,5300711430816435,7098574055,脸脸超大,f,https://m.weibo.cn/u/7098574055?launchid=10000360-page_H5,"https://tvax4.sinaimg.cn/crop.0.0.1023.1023.180/007KoTnVly8hwn1c70namj30sg0sfq4u.jpg?KID=imgbed,tva&Expires=1779290013&ssig=q5gBzFAR%2Fs",search_comments_2026-05-20.csv,search_comment,这个口味简直是我的最爱,True,False
5300710415797405,1779300108,2026-05-20 18:01:48+08:00,5300709991383942,哇塞隔着屏幕都闻到了香味,5,10,1779279237988,四川,5300710415797405,7565112387,祈雪霜,f,https://m.weibo.cn/u/7565112387?launchid=10000360-page_H5,"https://tvax2.sinaimg.cn/crop.0.0.1080.1080.180/008fYrjJly8i6yc9pdqq5j30u00u0djq.jpg?KID=imgbed,tva&Expires=1779290036&ssig=HQmlI2DWO9",search_comments_2026-05-20.csv,search_comment,哇塞隔着屏幕都闻到了香味,True,False
5300710463770180,1779300120,2026-05-20 18:02:00+08:00,5300709991383942,巧克脆皮新奇特，四味交替惊喜足🍦，解馋首选！,0,0,1779279237993,新疆,5300710463770180,5290857420,康萌洛,f,https://m.weibo.cn/u/5290857420?launchid=10000360-page_H5,"https://tvax4.sinaimg.cn/crop.0.0.751.751.180/005M3TI0ly8htkomwxzw6j30kv0kvdh0.jpg?KID=imgbed,tva&Expires=1779290036&ssig=Prxv5VvsQ%2F",search_comments_2026-05-20.csv,search_comment,巧克脆皮新奇特四味交替惊喜足解馋首选,True,False
5300710459575064,1779300119,2026-05-20 18:01:59+08:00,5300709991383942,新品乌漆麻嘿，巧乐兹新意十足，口感丰富，让人欲罢不能。🍭👍,1,0,1779279237997,河北,5300710459575064,2820649511,状状不爱吃海鱼,f,https://m.weibo.cn/u/2820649511?launchid=10000360-page_H5,"https://tvax4.sinaimg.cn/crop.0.0.931.931.180/a81fb227ly8hzlbaymsxnj20pv0pv0u5.jpg?KID=imgbed,tva&Expires=1779290036&ssig=sAB%2BV%2FzZ6Q",search_comments_2026-05-20.csv,search_comment,新品乌漆麻嘿巧乐兹新意十足口感丰富让人欲罢不能,True,False
5300730768655764,1779304961,2026-05-20 19:22:41+08:00,5300710167544324,尝一下新品巧乐兹,1,1,1779279244596,江苏,5300730768655764,6427144026,入睡困难重度患者,f,https://m.weibo.cn/u/6427144026?launchid=10000360-page_H5,"https://tvax1.sinaimg.cn/crop.0.0.996.996.180/0070XDLkly8ghm5x4jt4cj30ro0romyn.jpg?KID=imgbed,tva&Expires=1779290043&ssig=%2FQ%2BXlZCu1o",search_comments_2026-05-20.csv,search_comment,尝一下新品巧乐兹,True,False
5300712900920360,1779300700,2026-05-20 18:11:40+08:00,5300710167544324,谁的夏日记忆永远少不了巧乐兹啊，乌漆麻黑新品看着也太好吃了吧,1,2,1779279244601,四川,5300712900920360,5347538417,美丽的小姐姐111,m,https://m.weibo.cn/u/5347538417?launchid=10000360-page_H5,"https://tvax2.sinaimg.cn/crop.0.0.1080.1080.180/005PTJ1Dly8hq0jygzcllj30u00u0jto.jpg?KID=imgbed,tva&Expires=1779290043&ssig=emDQxWqGGG",search_comments_2026-05-20.csv,search_comment,谁的夏日记忆永远少不了巧乐兹啊乌漆麻黑新品看着也太好吃了吧,True,False
5300713766781221,1779300906,2026-05-20 18:15:06+08:00,5300710167544324,巧乐兹新品看着也太好吃了,0,0,1779279244607,四川,5300713766781221,2161842554,害羞的炸年糕,m,https://m.weibo.cn/u/2161842554?launchid=10000360-page_H5,"https://tvax3.sinaimg.cn/crop.0.0.512.512.180/80db197aly8hxybkk6lzvj20e80e8abk.jpg?KID=imgbed,tva&Expires=1779290043&ssig=1%2FHEa%2Btuxq",search_comments_2026-05-20.csv,search_comment,巧乐兹新品看着也太好吃了,True,False
5300733869033119,1779305700,2026-05-20 19:35:00+08:00,5300685270686321,据悉，这不是寿司郎第一次被曝存在卫生问题。今年3月，曾有消费者反映在寿司郎北京门头沟长安天街店就餐时，发现所点的金枪鱼上有寄生虫卵。还有多位消费者反映，曾在寿司郎就餐后出现腹泻、呕吐等症状。,0,12,1779279278525,,5300733869033119,1651428902,21世纪经济报道,m,https://m.weibo.cn/u/1651428902?launchid=10000360-page_H5,"https://tvax2.sinaimg.cn/crop.37.0.890.890.180/001NLe62ly8h8vgljum5kj60r00oqq4102.jpg?KID=imgbed,tva&Expires=1779290077&ssig=8Epaa7we42",search_comments_2026-05-20.csv,search_comment,据悉这不是寿司郎第一次被曝存在卫生问题今年3月曾有消费者反映在寿司郎北京门头沟长安天街店就餐时发现所点的金枪鱼上有寄生虫卵还有多位消费者反映曾在寿司郎就餐后出现腹泻呕吐等症状,True,False
5300736571480281,1779306344,2026-05-20 19:45:44+08:00,5300685270686321,寿司郎目前国内在营门店123家，2026年前两个月就新开8家，计划2026财年冲到190-193家。,0,1,1779279278528,,5300736571480281,1651428902,21世纪经济报道,m,https://m.weibo.cn/u/1651428902?launchid=10000360-page_H5,"https://tvax2.sinaimg.cn/crop.37.0.890.890.180/001NLe62ly8h8vgljum5kj60r00oqq4102.jpg?KID=imgbed,tva&Expires=1779290077&ssig=8Epaa7we42",search_comments_2026-05-20.csv,search_comment,寿司郎目前国内在营门店123家2026年前两个月就新开8家计划2026财年冲到190193家,True,False
5300738794456551,1779306874,2026-05-20 19:54:34+08:00,5300738680686076,青春——人的一生中最美好年岁。它是一个人的生命含苞待放的时期，生机勃发、朝气蓬勃;它意味着进取，意味着上升，蕴含着巨大希望的未知数。,2,13,1779279285050,广东,5300738794456551,6286642432,许愿啦_,f,https://m.weibo.cn/u/6286642432?launchid=10000360-page_H5,"https://tvax4.sinaimg.cn/crop.0.0.1080.1080.180/006Rs6SAly8i73z67edvrj30u00u0n04.jpg?KID=imgbed,tva&Expires=1779290083&ssig=qF1iYsOSl7",search_comments_2026-05-20.csv,search_comment,青春人的一生中最美好年岁它是一个人的生命含苞待放的时期生机勃发朝气蓬勃它意味着进取意味着上升蕴含着巨大希望的未知数,True,False
5300738714767230,1779306855,2026-05-20 19:54:15+08:00,5300738680686076,你今天的努力，是幸运的伏笔，当下的付出，是明日的花开。即使现在还看不到成果，请不要着急，最好的总会在最不经意的时候出现。让我们怀揣希望去努力，静待美好的出现。,2,13,1779279285058,广东,5300738714767230,6286642432,许愿啦_,f,https://m.weibo.cn/u/6286642432?launchid=10000360-page_H5,"https://tvax4.sinaimg.cn/crop.0.0.1080.1080.180/006Rs6SAly8i73z67edvrj30u00u0n04.jpg?KID=imgbed,tva&Expires=1779290083&ssig=qF1iYsOSl7",search_comments_2026-05-20.csv,search_comment,你今天的努力是幸运的伏笔当下的付出是明日的花开即使现在还看不到成果请不要着急最好的总会在最不经意的时候出现让我们怀揣希望去努力静待美好的出现,True,False
5300735887807605,1779306181,2026-05-20 19:43:01+08:00,5300721504485677,好可爱的弟弟！,0,0,1779279291476,辽宁,5300735887807605,7806098081,来条菠萝nougat,f,https://m.weibo.cn/u/7806098081?launchid=10000360-page_H5,"https://tvax2.sinaimg.cn/crop.0.0.1080.1080.180/008whAHLly1i94bi3n3afj30u00u0764.jpg?KID=imgbed,tva&Expires=1779290090&ssig=Nyoxg3U6Qj",search_comments_2026-05-20.csv,search_comment,好可爱的弟弟,True,False
5300743092311031,1779307899,2026-05-20 20:11:39+08:00,5300743047220160,你吃过寿司郎吗,2,2,1779279298025,四川,5300743092311031,5905799430,不紺貓,f,https://m.weibo.cn/u/5905799430?launchid=10000360-page_H5,"https://tvax1.sinaimg.cn/crop.0.0.1049.1049.180/006rG8dwly8idaubg5dmfj30t50t5mz3.jpg?KID=imgbed,tva&Expires=1779290096&ssig=2zqqEkfX7E",search_comments_2026-05-20.csv,search_comment,你吃过寿司郎吗,True,False
5300743884248930,1779308088,2026-05-20 20:14:48+08:00,5300743047220160,好巧没吃过,0,0,1779279298030,广东,5300743884248930,5874650123,好想喝益力多啊,f,https://m.weibo.cn/u/5874650123?launchid=10000360-page_H5,"https://tvax2.sinaimg.cn/crop.0.0.939.939.180/006pzqRlly8id766p5buoj30q30q3jt6.jpg?KID=imgbed,tva&Expires=1779290096&ssig=e84J4AbfQF",search_comments_2026-05-20.csv,search_comment,好巧没吃过,True,False
5300743825522857,1779308073,2026-05-20 20:14:33+08:00,5300741867576131,不用心对的顾客，迟早倒,1,2,1779279321334,江苏,5300743825522857,5815962388,白狐虾滑线,f,https://m.weibo.cn/u/5815962388?launchid=10000360-page_H5,"https://tvax1.sinaimg.cn/crop.0.0.1080.1080.180/006lBbuYly8ic8y7ld532j30u00u0di2.jpg?KID=imgbed,tva&Expires=1779290120&ssig=smtKLYiGWt",search_comments_2026-05-20.csv,search_comment,不用心对的顾客迟早倒,True,False
5300743034900484,1779307885,2026-05-20 20:11:25+08:00,5300741867576131,只顾着赚钱连洗个碗都懒得做 太离谱两,1,1,1779279321352,江西,5300743034900484,7959039804,唯有痛苦值得珍藏,f,https://m.weibo.cn/u/7959039804?launchid=10000360-page_H5,"https://tvax1.sinaimg.cn/crop.0.0.852.852.180/008GDjPKly8id6h47spdhj30no0noad6.jpg?KID=imgbed,tva&Expires=1779290120&ssig=%2FO5Y%2BkVBAr",search_comments_2026-05-20.csv,search_comment,只顾着赚钱连洗个碗都懒得做 太离谱两,True,False
5300738375029636,1779306774,2026-05-20 19:52:54+08:00,5300737052771441,只心疼颜颜啊 认真了男的又要跑路,17,1318,1779279365458,贵州,5300738375029636,7090133430,iiiyheo,f,https://m.weibo.cn/u/7090133430?launchid=10000360-page_H5,"https://tvax2.sinaimg.cn/crop.0.0.1080.1080.180/007JPtAOly8id0iu0e8sxj30u00u0jt3.jpg?KID=imgbed,tva&Expires=1779290164&ssig=MQgGqy1Uli",search_comments_2026-05-20.csv,search_comment,只心疼颜颜啊 认真了男的又要跑路,True,False
5300737787040307,1779306634,2026-05-20 19:50:34+08:00,5300737052771441,美女没有接手瓜男的义务,0,103,1779279365460,山东,5300737787040307,8013733463,猫语铃,f,https://m.weibo.cn/u/8013733463?launchid=10000360-page_H5,"https://tvax2.sinaimg.cn/crop.0.0.720.720.180/008KkO9xly8ic4cza846wj30k00k0jse.jpg?KID=imgbed,tva&Expires=1779290164&ssig=ag3UwgD9uU",search_comments_2026-05-20.csv,search_comment,美女没有接手瓜男的义务,True,False
5300738091912111,1779306707,2026-05-20 19:51:47+08:00,5300737052771441,需要一个合理的解释，双方一直在麦，节目组也一直剪辑引导，现在这样算什么？,12,539,1779279365462,安徽,5300738091912111,7494420233,Yi根豆芽,m,https://m.weibo.cn/u/7494420233?launchid=10000360-page_H5,"https://tvax1.sinaimg.cn/crop.0.0.480.480.180/008bbP3Hly8i3s56v4s3nj30dc0dc0sw.jpg?KID=imgbed,tva&Expires=1779290164&ssig=4aRS77PnkF",search_comments_2026-05-20.csv,search_comment,需要一个合理的解释双方一直在麦节目组也一直剪辑引导现在这样算什么,True,False
5300738374504121,1779306774,2026-05-20 19:52:54+08:00,5300737871450598,这剧情比连续剧还精彩，我站凯凯子！,6,1,1779279371914,AI吃瓜罗伯特,5300738374504121,5606716867,吃瓜罗伯特,f,https://m.weibo.cn/u/5606716867?launchid=10000360-page_H5,"https://tvax1.sinaimg.cn/crop.0.0.921.921.180/0067rdbdly8ibrqhbg0vxj30pl0pl404.jpg?KID=imgbed,tva&Expires=1779290170&ssig=H8BB%2FVqtZ8",search_comments_2026-05-20.csv,search_comment,这剧情比连续剧还精彩我站凯凯子,True,False
5300738437154327,1779306789,2026-05-20 19:53:09+08:00,5300737871450598,其实这样真的很伤人  颜颜 第一次对一个人心动表白了之后之前追自己追呢么勤的人突然拒绝自己 身为母胎真的能感受到这种感觉 颜下次应该很难再次喜欢一个人了,0,47,1779279371917,云南,5300738437154327,5532691072,美人鱼不鱼y,f,https://m.weibo.cn/u/5532691072?launchid=10000360-page_H5,"https://tvax3.sinaimg.cn/crop.0.0.1080.1080.180/0062qBGMly8hnneodwzydj30u00u0tcg.jpg?KID=imgbed,tva&Expires=1779290170&ssig=RImzYscnU3",search_comments_2026-05-20.csv,search_comment,其实这样真的很伤人  颜颜 第一次对一个人心动表白了之后之前追自己追呢么勤的人突然拒绝自己 身为母胎真的能感受到这种感觉 颜下次应该很难再次喜欢一个人了,True,False
5300740188803506,1779307207,2026-05-20 20:00:07+08:00,5300737871450598,颜颜以后要幸福啊,0,12,1779279371918,江苏,5300740188803506,7805293050,渉愛,f,https://m.weibo.cn/u/7805293050?launchid=10000360-page_H5,"https://tvax4.sinaimg.cn/crop.0.0.1080.1080.180/008wedholy8id7vrwgxq3j30u00u0tcy.jpg?KID=imgbed,tva&Expires=1779290170&ssig=E91AC07wKP",search_comments_2026-05-20.csv,search_comment,颜颜以后要幸福啊,True,False
5300738140145053,1779306718,2026-05-20 19:51:58+08:00,5300738060193854,你们磕颜凯吗,2,0,1779279378261,安徽,5300738140145053,7904843441,分享欲已发作,f,https://m.weibo.cn/u/7904843441?launchid=10000360-page_H5,"https://tvax2.sinaimg.cn/crop.0.0.1080.1080.180/008CXUSRly8ida07ra7wlj30u00u0wh8.jpg?KID=imgbed,tva&Expires=1779290177&ssig=KvtUTY6vK0",search_comments_2026-05-20.csv,search_comment,你们磕颜凯吗,True,False
5300740881127821,1779307372,2026-05-20 20:02:52+08:00,5300738060193854,这个反转也太内个了,0,1,1779279378263,山西,5300740881127821,6612437804,纯白十字,f,https://m.weibo.cn/u/6612437804?launchid=10000360-page_H5,"https://tvax2.sinaimg.cn/crop.0.0.1080.1080.180/007dv78Ely8ibozpv3f6fj30u00u0wfw.jpg?KID=imgbed,tva&Expires=1779290177&ssig=D41pz8Vdqm",search_comments_2026-05-20.csv,search_comment,这个反转也太内个了,True,False
5300739989574565,1779307159,2026-05-20 19:59:19+08:00,5300738060193854,可能就是不太合适吧,0,1,1779279378265,海南,5300739989574565,2128116443,卷色调,f,https://m.weibo.cn/u/2128116443?launchid=10000360-page_H5,"https://tvax3.sinaimg.cn/crop.0.0.1080.1080.180/7ed87adbly8ib1lwp7egpj20u00u0djq.jpg?KID=imgbed,tva&Expires=1779290177&ssig=Ngm3fB5qgV",search_comments_2026-05-20.csv,search_comment,可能就是不太合适吧,True,False
5300744196195261,1779308162,2026-05-20 20:16:02+08:00,5300730329040115,这男的瓜特别多，没在一起才对颜好,0,0,1779279384636,重庆,5300744196195261,2377831445,尤其迷人滴兔宝,f,https://m.weibo.cn/u/2377831445?launchid=10000360-page_H5,"https://tvax4.sinaimg.cn/crop.0.0.1024.1024.180/8dbad415ly8i8ogtiu9r2j20sg0sgtc9.jpg?KID=imgbed,tva&Expires=1779290183&ssig=vg%2B9%2BxaYQN",search_comments_2026-05-20.csv,search_comment,这男的瓜特别多没在一起才对颜好,True,False
5300741879372884,1779307610,2026-05-20 20:06:50+08:00,5300728522084108,？发生什么了,0,2,1779279391020,北京,5300741879372884,7648019462,福气小幺酱,f,https://m.weibo.cn/u/7648019462?launchid=10000360-page_H5,"https://tvax3.sinaimg.cn/crop.0.0.610.610.180/008lAjeCly8idc0e7ju27j30gy0gy0tt.jpg?KID=imgbed,tva&Expires=1779290189&ssig=YUl%2BkilPsz",search_comments_2026-05-20.csv,search_comment,发生什么了,True,False
5300743654347445,1779308033,2026-05-20 20:13:53+08:00,5300728522084108,不是吧 线上是oe 线下相处了之后颜喜欢上凯了 返场表白了 但是凯拒绝了,1,11,1779279391026,山东,5300743654347445,7929778525,霜雾季,f,https://m.weibo.cn/u/7929778525?launchid=10000360-page_H5,"https://tvax1.sinaimg.cn/crop.0.0.1080.1080.180/008EExDDly8ibreswo6cdj30u00u0dib.jpg?KID=imgbed,tva&Expires=1779290189&ssig=Q4L5JnX%2F2%2B",search_comments_2026-05-20.csv,search_comment,不是吧 线上是oe 线下相处了之后颜喜欢上凯了 返场表白了 但是凯拒绝了,True,False
5300743382762181,1779307968,2026-05-20 20:12:48+08:00,5300728522084108,男嘉宾就是烂人一个上节目都是演的 查看图片,0,7,1779279391029,天津,5300743382762181,7833695800,别抢我瓜瓜,m,https://m.weibo.cn/u/7833695800?launchid=10000360-page_H5,"https://tvax2.sinaimg.cn/crop.0.0.1080.1080.180/008y9o8gly8ibqm9pj0a0j30u00u0wfq.jpg?KID=imgbed,tva&Expires=1779290189&ssig=qoZnEewmya",search_comments_2026-05-20.csv,search_comment,男嘉宾就是烂人一个上节目都是演的 查看图片,True,False
5300645964026459,1779284742,2026-05-20 13:45:42+08:00,5300634871398917,再来看一遍好幸福啊拥抱也足够浪漫了 我的颜凯,0,94,1779279454192,广东,5300645964026459,6623062519,Jin天的粉色鞋,f,https://m.weibo.cn/u/6623062519?launchid=10000360-page_H5,"https://tvax2.sinaimg.cn/crop.0.0.1080.1080.180/007edH71ly8id5l69gqf0j30u00u0q7b.jpg?KID=imgbed,tva&Expires=1779290252&ssig=p%2FFhEHJYYf",search_comments_2026-05-20.csv,search_comment,再来看一遍好幸福啊拥抱也足够浪漫了 我的颜凯,True,False
5300697092587616,1779296931,2026-05-20 17:08:51+08:00,5300634871398917,闺蜜闺蜜夫做主桌,0,33,1779279454195,贵州,5300697092587616,7508944491,kkkinmia_,f,https://m.weibo.cn/u/7508944491?launchid=10000360-page_H5,"https://tvax1.sinaimg.cn/crop.0.0.1080.1080.180/008caLtVly8ib8ustjhjxj30u00u0tc6.jpg?KID=imgbed,tva&Expires=1779290252&ssig=IH0MFtLy%2Bl",search_comments_2026-05-20.csv,search_comment,闺蜜闺蜜夫做主桌,True,False
5300670395847437,1779290567,2026-05-20 15:22:47+08:00,5300634871398917,这次真的是幸福的眼泪,0,19,1779279454199,辽宁,5300670395847437,7072363902,ok手机没油了,m,https://m.weibo.cn/u/7072363902?launchid=10000360-page_H5,"https://tvax1.sinaimg.cn/crop.0.0.1080.1080.180/007ICUVwly8h4kq3yr8xdj30u00u0jsu.jpg?KID=imgbed,tva&Expires=1779290252&ssig=eOSOq%2FJVJp",search_comments_2026-05-20.csv,search_comment,这次真的是幸福的眼泪,True,False
5300728052844977,1779304313,2026-05-20 19:11:53+08:00,5300727734079009,还是男生决定的,2,473,1779279467117,河南,5300728052844977,5891231014,怡欣怡易叭,f,https://m.weibo.cn/u/5891231014?launchid=10000360-page_H5,"https://tvax2.sinaimg.cn/crop.0.0.1080.1080.180/006qH0j4ly8ibq4hodi9hj30u00u0n1v.jpg?KID=imgbed,tva&Expires=1779290265&ssig=erncbYxBpD",search_comments_2026-05-20.csv,search_comment,还是男生决定的,True,False
5300730799854016,1779304968,2026-05-20 19:22:48+08:00,5300727734079009,李嘉凯真是神人,1,298,1779279467120,河北,5300730799854016,7836862093,小虞我女,f,https://m.weibo.cn/u/7836862093?launchid=10000360-page_H5,"https://tvax2.sinaimg.cn/crop.0.0.1080.1080.180/008ymFPvly8i9ofofgpd1j30u00u0n1q.jpg?KID=imgbed,tva&Expires=1779290265&ssig=MesL6z3ctd",search_comments_2026-05-20.csv,search_comment,李嘉凯真是神人,True,False
5300730140820435,1779304811,2026-05-20 19:20:11+08:00,5300727734079009,影帝吧 全平台取关,0,183,1779279467121,四川,5300730140820435,6049111970,DENGLING_是个可爱鬼,f,https://m.weibo.cn/u/6049111970?launchid=10000360-page_H5,"https://tvax3.sinaimg.cn/crop.0.0.512.512.180/006Bnsm6ly8g0nrjy7o3bj30e80e8mxa.jpg?KID=imgbed,tva&Expires=1779290265&ssig=A4pHw8%2BhK%2F",search_comments_2026-05-20.csv,search_comment,影帝吧 全平台取关,True,False
5300629209875113,1779280747,2026-05-20 12:39:07+08:00,5300627018092556,我不行了 这下kiss照大家是真能期待了,0,27,1779279479881,河南,5300629209875113,6335296839,5177_,f,https://m.weibo.cn/u/6335296839?launchid=10000360-page_H5,"https://tvax1.sinaimg.cn/crop.0.0.1080.1080.180/006UKg75ly8ht01og3pp6j30u00u0mz2.jpg?KID=imgbed,tva&Expires=1779290278&ssig=bxSM1QZGsG",search_comments_2026-05-20.csv,search_comment,我不行了 这下kiss照大家是真能期待了,True,False
5300636256306023,1779282427,2026-05-20 13:07:07+08:00,5300627018092556,@oi是小丁 @KiYinini @害羞咪 我靠,1,7,1779279479883,马来西亚,5300636256306023,8483111523,jxinn___,f,https://m.weibo.cn/u/8483111523?launchid=10000360-page_H5,"https://tvax1.sinaimg.cn/crop.0.0.1080.1080.180/009g6gPply8ic36uegbg4j30u00u00sn.jpg?KID=imgbed,tva&Expires=1779290278&ssig=0L2zEnPYVt",search_comments_2026-05-20.csv,search_comment,   我靠,True,False
5300705024808636,1779298823,2026-05-20 17:40:23+08:00,5300702148561960,荔枝新闻记者联系到阳朔县市场监督管理局，其工作人员表示，已关注到此事：“这个案件正在办理中，现在正在调查阶段，具体细节不方便透露。”,1,14,1779279556683,,5300705024808636,1796087453,荔枝新闻,m,https://m.weibo.cn/u/1796087453?launchid=10000360-page_H5,"https://tvax2.sinaimg.cn/crop.0.0.1080.1080.180/6b0e1e9dly8i8a3x2pbnjj20u00u0n02.jpg?KID=imgbed,tva&Expires=1779290355&ssig=0h4q5yTDBs",search_comments_2026-05-20.csv,search_comment,荔枝新闻记者联系到阳朔县市场监督管理局其工作人员表示已关注到此事这个案件正在办理中现在正在调查阶段具体细节不方便透露,True,False
5300704949572423,1779298805,2026-05-20 17:40:05+08:00,5300702148561960,博主一行人使用本地口音和外地口音分别以7元和13元单价购买到一份锅烧米粉，而两份米粉在分量和配料上没有任何区别。,0,5,1779279556687,,5300704949572423,1796087453,荔枝新闻,m,https://m.weibo.cn/u/1796087453?launchid=10000360-page_H5,"https://tvax2.sinaimg.cn/crop.0.0.1080.1080.180/6b0e1e9dly8i8a3x2pbnjj20u00u0n02.jpg?KID=imgbed,tva&Expires=1779290355&ssig=0h4q5yTDBs",search_comments_2026-05-20.csv,search_comment,博主一行人使用本地口音和外地口音分别以7元和13元单价购买到一份锅烧米粉而两份米粉在分量和配料上没有任何区别,True,False
5300704910513470,1779298796,2026-05-20 17:39:56+08:00,5300702148561960,近日，有网络博主（@排雷女队长（餐饮真实测评））发视频反映桂林阳朔一家米粉店存在“阴阳菜单”：本地口音顾客一碗二两米粉仅需7元，而外地口音顾客则被收取13元，差价达6元。,0,4,1779279556688,,5300704910513470,1796087453,荔枝新闻,m,https://m.weibo.cn/u/1796087453?launchid=10000360-page_H5,"https://tvax2.sinaimg.cn/crop.0.0.1080.1080.180/6b0e1e9dly8i8a3x2pbnjj20u00u0n02.jpg?KID=imgbed,tva&Expires=1779290355&ssig=0h4q5yTDBs",search_comments_2026-05-20.csv,search_comment,近日有网络博主,True,False
5300735547801607,1779306099,2026-05-20 19:41:39+08:00,5300729016222431,这怎么还区别对待啊,2,2,1779279563150,四川,5300735547801607,7449891249,-小棠禹兮_爱吃张海虾版,f,https://m.weibo.cn/u/7449891249?launchid=10000360-page_H5,"https://tvax3.sinaimg.cn/crop.0.0.1080.1080.180/0088aZ2hly8id5923wuu1j30u00u076q.jpg?KID=imgbed,tva&Expires=1779290362&ssig=w0ifJBJcdy",search_comments_2026-05-20.csv,search_comment,这怎么还区别对待啊,True,False
5300744458601951,1779308225,2026-05-20 20:17:05+08:00,5300729016222431,做生意还能区别对待吗？,0,0,1779279563151,江苏,5300744458601951,3862335239,清晨_Neo,m,https://m.weibo.cn/u/3862335239?launchid=10000360-page_H5,"https://tvax1.sinaimg.cn/crop.0.0.1080.1080.180/e6368f07ly8i9v4xeyyg5j20u00u0438.jpg?KID=imgbed,tva&Expires=1779290362&ssig=BildL9Mu1Y",search_comments_2026-05-20.csv,search_comment,做生意还能区别对待吗,True,False
5300737869613871,1779306654,2026-05-20 19:50:54+08:00,5300729016222431,明码实价坎游客,0,0,1779279563152,黑龙江,5300737869613871,1703487571,零_度_仁,m,https://m.weibo.cn/u/1703487571?launchid=10000360-page_H5,"https://tvax4.sinaimg.cn/crop.0.0.960.960.180/65892853ly8ibkecxqedfj20qo0qoaav.jpg?KID=imgbed,tva&Expires=1779290362&ssig=4vMfeHgi4p",search_comments_2026-05-20.csv,search_comment,明码实价坎游客,True,False
5300733226518598,1779305547,2026-05-20 19:32:27+08:00,5300732728181193,大家有去阳朔旅游过吗？,2,3,1779279569548,浙江,5300733226518598,6786114653,暇客千寻,f,https://m.weibo.cn/u/6786114653?launchid=10000360-page_H5,"https://tvax2.sinaimg.cn/crop.0.0.1003.1003.180/007pfQq9ly8i36py2bl4xj30rv0rv76a.jpg?KID=imgbed,tva&Expires=1779290368&ssig=tmFFApFWLQ",search_comments_2026-05-20.csv,search_comment,大家有去阳朔旅游过吗,True,False
5300735566681309,1779306105,2026-05-20 19:41:45+08:00,5300732728181193,这种定价不太合适吧？,1,1,1779279569551,上海,5300735566681309,7969697036,马儿踩财水,f,https://m.weibo.cn/u/7969697036?launchid=10000360-page_H5,"https://tvax4.sinaimg.cn/crop.0.0.1080.1080.180/008Hm2gAly8ibjjzmnryoj30u00u042z.jpg?KID=imgbed,tva&Expires=1779290368&ssig=1j7YbO0k9y",search_comments_2026-05-20.csv,search_comment,这种定价不太合适吧,True,False
5300738269905220,1779306748,2026-05-20 19:52:28+08:00,5300732728181193,我关注的重点是是这桂林米粉看着不太正宗啊,1,1,1779279569557,广东,5300738269905220,7409567745,阿广-大只广,f,https://m.weibo.cn/u/7409567745?launchid=10000360-page_H5,"https://tvax2.sinaimg.cn/crop.0.0.1080.1080.180/0085rN3bly8i53oz3guqhj30u00u00uq.jpg?KID=imgbed,tva&Expires=1779290368&ssig=1iDwabgFLw",search_comments_2026-05-20.csv,search_comment,我关注的重点是是这桂林米粉看着不太正宗啊,True,False
5300738688811208,1779306848,2026-05-20 19:54:08+08:00,5300737076890462,区别对待，谁还敢去,1,5,1779279575910,浙江,5300738688811208,7185388215,-17的柠檬果,f,https://m.weibo.cn/u/7185388215?launchid=10000360-page_H5,"https://tvax3.sinaimg.cn/crop.0.0.1080.1080.180/007Qh9Ijgy1icn4qo13ukj30u00u0dh4.jpg?KID=imgbed,tva&Expires=1779290374&ssig=C6SR5Fynqg",search_comments_2026-05-20.csv,search_comment,区别对待谁还敢去,True,False
5300738273575904,1779306750,2026-05-20 19:52:30+08:00,5300737076890462,怎么能这样,1,5,1779279575912,辽宁,5300738273575904,7368534212,眞愛至純,f,https://m.weibo.cn/u/7368534212?launchid=10000360-page_H5,"https://tvax1.sinaimg.cn/crop.0.0.1080.1080.180/0082FCm0ly8id9v9nowpuj30u00u0tav.jpg?KID=imgbed,tva&Expires=1779290374&ssig=EbRuCimke%2B",search_comments_2026-05-20.csv,search_comment,怎么能这样,True,False
5300738277246819,1779306751,2026-05-20 19:52:31+08:00,5300737076890462,是啊好恶心,1,5,1779279575913,黑龙江,5300738277246819,7793610620,香菜真香-接林彥廷版,f,https://m.weibo.cn/u/7793610620?launchid=10000360-page_H5,"https://tvax1.sinaimg.cn/crop.0.0.1080.1080.180/008vrc96ly8idbyzyzfy1j30u00u00vk.jpg?KID=imgbed,tva&Expires=1779290374&ssig=sQtHKOdk7I",search_comments_2026-05-20.csv,search_comment,是啊好恶心,True,False
5300744664126785,1779308274,2026-05-20 20:17:54+08:00,5300742994788725,阴阳价太黑了,0,0,1779279582267,安徽,5300744664126785,6064509025,CSF凯2024,m,https://m.weibo.cn/u/6064509025?launchid=10000360-page_H5,"https://tvax3.sinaimg.cn/crop.0.0.800.800.180/006Cq3PHly8hslirhcu8sj30m80m8gmn.jpg?KID=imgbed,tva&Expires=1779290381&ssig=9RPvvHrybG",search_comments_2026-05-20.csv,search_comment,阴阳价太黑了,True,False
5300743149983079,1779307913,2026-05-20 20:11:53+08:00,5300742994788725,阳朔米粉价格差异引热议，本地人与外地游客差距大，文旅诚信待考验。,0,0,1779279582270,浙江,5300743149983079,5027768184,Ad海海之梦,f,https://m.weibo.cn/u/5027768184?launchid=10000360-page_H5,"https://tvax4.sinaimg.cn/crop.0.0.1023.1023.180/005ug0bely8hwtzk03b03j30sg0sfjvy.jpg?KID=imgbed,tva&Expires=1779290381&ssig=TX8gl6109W",search_comments_2026-05-20.csv,search_comment,阳朔米粉价格差异引热议本地人与外地游客差距大文旅诚信待考验,True,False
5300739324774747,1779307001,2026-05-20 19:56:41+08:00,5300729914851472,工友这是咋了,0,0,1779279588606,浙江,5300739324774747,6283651049,处理大魔法师,m,https://m.weibo.cn/u/6283651049?launchid=10000360-page_H5,"https://tvax1.sinaimg.cn/crop.0.0.664.664.180/006RfyGtly8gvcaluatywj60ig0ig0tj02.jpg?KID=imgbed,tva&Expires=1779290387&ssig=iMLCZl7MQn",search_comments_2026-05-20.csv,search_comment,工友这是咋了,True,False
5300739171947571,1779306964,2026-05-20 19:56:04+08:00,5300729914851472,还不解禁吗,0,0,1779279588609,湖北,5300739171947571,7734095576,我洪金宝啊,m,https://m.weibo.cn/u/7734095576?launchid=10000360-page_H5,"https://tvax4.sinaimg.cn/crop.0.0.132.132.180/008rptz2ly4gy0vmz3iucj303o03o0si.jpg?KID=imgbed,tva&Expires=1779290387&ssig=W%2BDrDsl3%2BN",search_comments_2026-05-20.csv,search_comment,还不解禁吗,True,False
5300735639817831,1779306122,2026-05-20 19:42:02+08:00,5300735264692029,对游客只做一次生意嘛,0,4,1779279594983,中国台湾,5300735639817831,6027974051,爱发呆的小妮,f,https://m.weibo.cn/u/6027974051?launchid=10000360-page_H5,"https://tvax1.sinaimg.cn/crop.0.0.945.945.180/006zWLpVly8hhwkdqpbgcj30q90q9n02.jpg?KID=imgbed,tva&Expires=1779290393&ssig=RsqLYMN6to",search_comments_2026-05-20.csv,search_comment,对游客只做一次生意嘛,True,False
5300735434558704,1779306073,2026-05-20 19:41:13+08:00,5300735264692029,感觉有点离谱,0,3,1779279594988,中国台湾,5300735434558704,6027974051,爱发呆的小妮,f,https://m.weibo.cn/u/6027974051?launchid=10000360-page_H5,"https://tvax1.sinaimg.cn/crop.0.0.945.945.180/006zWLpVly8hhwkdqpbgcj30q90q9n02.jpg?KID=imgbed,tva&Expires=1779290393&ssig=RsqLYMN6to",search_comments_2026-05-20.csv,search_comment,感觉有点离谱,True,False
5300735380292391,1779306060,2026-05-20 19:41:00+08:00,5300735264692029,游客也是慕名而来的啊,0,3,1779279594992,中国台湾,5300735380292391,6027974051,爱发呆的小妮,f,https://m.weibo.cn/u/6027974051?launchid=10000360-page_H5,"https://tvax1.sinaimg.cn/crop.0.0.945.945.180/006zWLpVly8hhwkdqpbgcj30q90q9n02.jpg?KID=imgbed,tva&Expires=1779290393&ssig=RsqLYMN6to",search_comments_2026-05-20.csv,search_comment,游客也是慕名而来的啊,True,False
5300737785468167,1779306634,2026-05-20 19:50:34+08:00,5300736336332447,你觉得区别对待对吗,2,2,1779279601380,泰国,5300737785468167,7986052466,法式雪人,f,https://m.weibo.cn/u/7986052466?launchid=10000360-page_H5,"https://tvax2.sinaimg.cn/crop.0.0.1080.1080.180/008IsF3Qly8ic22mdw103j30u00u0gn1.jpg?KID=imgbed,tva&Expires=1779290400&ssig=iDaOw9efJ%2B",search_comments_2026-05-20.csv,search_comment,你觉得区别对待对吗,True,False
5300715981375928,1779301435,2026-05-20 18:23:55+08:00,5300714788358107,我不行了吧，这个侧颜，简直女神。 查看图片,1,41,1779279611456,山西,5300715981375928,7255374626,樂LluJle,f,https://m.weibo.cn/u/7255374626?launchid=10000360-page_H5,"https://tvax4.sinaimg.cn/crop.0.0.320.320.180/007V0Onoly8i0157sday2j308w08waai.jpg?KID=imgbed,tva&Expires=1779290410&ssig=WDftJK01ET",search_comments_2026-05-20.csv,search_comment,我不行了吧这个侧颜简直女神 查看图片,True,False
5300714937255933,1779301186,2026-05-20 18:19:46+08:00,5300714788358107,视频什么时候放出来奇宝！,0,7,1779279611458,浙江,5300714937255933,7383566579,祈雾茶桉_,f,https://m.weibo.cn/u/7383566579?launchid=10000360-page_H5,"https://tvax2.sinaimg.cn/crop.0.0.1080.1080.180/0083GGXxly8idbcsd4r67j30u00u0adr.jpg?KID=imgbed,tva&Expires=1779290410&ssig=FZdznbVq24",search_comments_2026-05-20.csv,search_comment,视频什么时候放出来奇宝,True,False
5300714579428633,1779301101,2026-05-20 18:18:21+08:00,5300712175308219,太漂亮了吧,0,0,1779279647113,广东,5300714579428633,2252982881,溪溪yai,f,https://m.weibo.cn/u/2252982881?launchid=10000360-page_H5,"https://tvax3.sinaimg.cn/crop.0.0.782.782.180/8649ca61ly8i847w5i3zij20lq0lqq3v.jpg?KID=imgbed,tva&Expires=1779290446&ssig=3auoNAJ%2BIS",search_comments_2026-05-20.csv,search_comment,太漂亮了吧,True,False
5300723869031079,1779303316,2026-05-20 18:55:16+08:00,5300712175308219,包可以的啊,0,0,1779279647117,上海,5300723869031079,5568778089,哒哒哒upupupup,f,https://m.weibo.cn/u/5568778089?launchid=10000360-page_H5,"https://tvax3.sinaimg.cn/crop.0.0.1002.1002.180/0064S1zrly8gwx9rgwu2jj30ru0rv752.jpg?KID=imgbed,tva&Expires=1779290446&ssig=U4%2Fvt57tps",search_comments_2026-05-20.csv,search_comment,包可以的啊,True,False
