note_id,content,create_time,create_date_time,liked_count,comments_count,shared_count,last_modify_ts,note_url,ip_location,user_id,nickname,gender,profile_url,avatar,source_keyword,source_file,data_type,ad_filter_reason,cleaned_content,is_meaningful,is_duplicate,all_comments,Topic
5300630606318576,#张凌赫把金靖放在c位#张凌赫晒自己给开推团照的照片，把金靖的单人照片放在了c位了，哈哈哈哈给姐姐最好的待遇#开始推理吧# ,1779281080,2026-05-20 12:44:40+08:00,5680,210,114,1779278834336,https://m.weibo.cn/detail/5300630606318576,河南,3879833811,鸡蛋仔嘎嘣脆,f,https://m.weibo.cn/u/3879833811?launchid=10000360-page_H5,"https://tvax2.sinaimg.cn/crop.0.0.1080.1080.180/e74190d3ly8hhf49jqwh1j20u00u0gmt.jpg?KID=imgbed,tva&Expires=1779289633&ssig=1Wknd7cu3Z",张凌赫把金靖放在C位,search_contents_2026-05-20.csv,search_post,,张凌赫晒自己给开推团照的照片把金靖的单人照片放在了c位了哈哈哈哈给姐姐最好的待遇 ,True,False,这种群像的氛围真的太棒了 || 期待张凌赫开始推理吧4 || 谢谢发凌赫红稿,0
5300641474022140,金靖，撒娇女人最好命。张凌赫把金靖放在C位，开推团的各位，谁没被金靖挑逗到嘴角上扬呢~#张凌赫把金靖放在C位##微博二创视频创作季# 柿柿不炒蛋的微博视频  ,1779283671,2026-05-20 13:27:51+08:00,316,61,6,1779278834345,https://m.weibo.cn/detail/5300641474022140,安徽,5708654517,柿柿不炒蛋,f,https://m.weibo.cn/u/5708654517?launchid=10000360-page_H5,"https://tvax1.sinaimg.cn/crop.0.0.600.600.180/006ekVORly8iasg8m4cfwj30go0go403.jpg?KID=imgbed,tva&Expires=1779289633&ssig=32FhqElcd%2B",张凌赫把金靖放在C位,search_contents_2026-05-20.csv,search_post,,金靖撒娇女人最好命张凌赫把金靖放在C位开推团的各位谁没被金靖挑逗到嘴角上扬呢 柿柿不炒蛋的微博视频  ,True,False,怎么感觉张凌赫很好骗走的样子 || 金靖撒娇谁能扛得住啊 || 金靖可太会了,0
5300673904378268,#张凌赫把金靖放在C位# 开推百灵鸟+推理担当，金句频出，被点出土拨鼠尖叫张凌赫开始推理吧4可爱向🈶️#金靖回复张凌赫谢谢我的站哥# 星姐微博的微博视频 ,1779291403,2026-05-20 15:36:43+08:00,1222,59,22,1779278834352,https://m.weibo.cn/detail/5300673904378268,上海,5103645868,星姐微博,f,https://m.weibo.cn/u/5103645868?launchid=10000360-page_H5,"https://tvax4.sinaimg.cn/crop.0.0.512.512.180/005zonqQly8gqawq1cgqnj30e80e8wfa.jpg?KID=imgbed,tva&Expires=1779289633&ssig=Z%2FlnAcwxI9",张凌赫把金靖放在C位,search_contents_2026-05-20.csv,search_post,, 开推百灵鸟推理担当金句频出被点出土拨鼠尖叫张凌赫开始推理吧4可爱向 星姐微博的微博视频 ,True,False,期待张凌赫 || 张凌赫综艺感越来越强了有趣的人 || 期待张凌赫一起开推吧,0
5300654587248887,#张凌赫把金靖放在C位#看到这条笑死了…有人问跷二郎腿的漂亮女生是谁？是刘宇宁… ,1779286797,2026-05-20 14:19:57+08:00,125,41,1,1779278834360,https://m.weibo.cn/detail/5300654587248887,广东,2683832713,奋斗kitty,m,https://m.weibo.cn/u/2683832713?launchid=10000360-page_H5,"https://tvax3.sinaimg.cn/crop.0.0.995.995.180/9ff80989ly8hcs8a123wvj20rn0rntb9.jpg?KID=imgbed,tva&Expires=1779289633&ssig=xkqU%2BzsZrt",张凌赫把金靖放在C位,search_contents_2026-05-20.csv,search_post,,看到这条笑死了有人问跷二郎腿的漂亮女生是谁是刘宇宁 ,True,False,刘宇宁气的露出了他的兔子牙 || 笑死我了哈哈哈哈哈哈哈哈 || 哈哈哈太有意思了,0
5300642999962262,#张凌赫把金靖放在C位#哈哈哈哈😂张凌赫发开推团的照片，c位留给了金靖，弟弟好宠姐姐啊 ,1779284035,2026-05-20 13:33:55+08:00,409,73,63,1779278834371,https://m.weibo.cn/detail/5300642999962262,河南,5842362793,第一娱闻联播,m,https://m.weibo.cn/u/5842362793?launchid=10000360-page_H5,"https://tvax2.sinaimg.cn/crop.0.0.1024.1024.180/006nnXrXly8h8uil0xhabj30sg0sgn01.jpg?KID=imgbed,tva&Expires=1779289633&ssig=txseEUd20U",张凌赫把金靖放在C位,search_contents_2026-05-20.csv,search_post,,哈哈哈哈张凌赫发开推团的照片c位留给了金靖弟弟好宠姐姐啊 ,True,False,就是说啊家人们这俩人有点好磕 || 哈哈哈哈哈哈两个人怎么都这么可爱 || 他们关系是真的好好啊,0
5300741008790908,#张凌赫把金靖放在C位#520Ye，张凌赫居然把金靖放在了C位，这份爱不言而喻，姐弟情深啊 ,1779307402,2026-05-20 20:03:22+08:00,0,0,0,1779278834381,https://m.weibo.cn/detail/5300741008790908,江苏,1057466682,香香纪事,m,https://m.weibo.cn/u/1057466682?launchid=10000360-page_H5,"https://tvax1.sinaimg.cn/crop.0.0.1080.1080.180/3f07a93aly8i5rgspruwwj20u00u0n0i.jpg?KID=imgbed,tva&Expires=1779289633&ssig=s2jaeyam8p",张凌赫把金靖放在C位,search_contents_2026-05-20.csv,search_post,,520Ye张凌赫居然把金靖放在了C位这份爱不言而喻姐弟情深啊 ,True,False,,0
5300666659504342,【#张凌赫回应金靖人美我的模特# 金靖：谢谢我的站哥】5月20日，@张凌赫z 发布《开始推理吧》九宫格照片，#张凌赫把金靖放在C位#。金靖在评论区回复：“谢谢我的站哥。”张凌赫回应：“人美我的模特。”戳更多#金靖回复张凌赫谢谢我的站哥#&gt;&gt; 钱江视频的微博视频 ,1779289675,2026-05-20 15:07:55+08:00,28,10,8,1779278834392,https://m.weibo.cn/detail/5300666659504342,,1744332207,钱江视频,m,https://m.weibo.cn/u/1744332207?launchid=10000360-page_H5,"https://tvax3.sinaimg.cn/crop.0.0.512.512.180/67f865afly8h8vg6w30czj20e80e8t92.jpg?KID=imgbed,tva&Expires=1779289633&ssig=vawQorjSBm",张凌赫把金靖放在C位,search_contents_2026-05-20.csv,search_post,, 金靖谢谢我的站哥5月20日 发布开始推理吧九宫格照片金靖在评论区回复谢谢我的站哥张凌赫回应人美我的模特戳更多gtgt 钱江视频的微博视频 ,True,False,介绍一下张凌赫 || 介绍一下金靖,0
5300737299972461,#张凌赫把金靖放在C位#好好的一只小狗！！总是把姐姐放最好的位置~张凌赫真的是顶好顶好的~~#张凌赫以为神的坐骑是自己#张凌赫 ,1779306517,2026-05-20 19:48:37+08:00,1,1,0,1779278834401,https://m.weibo.cn/detail/5300737299972461,湖南,7773575639,cheng刷,f,https://m.weibo.cn/u/7773575639?launchid=10000360-page_H5,"https://tvax4.sinaimg.cn/crop.0.1.1078.1078.180/008u588fly8ibixcmk10ij30ty0u077a.jpg?KID=imgbed,tva&Expires=1779289633&ssig=OXc%2F%2Bf2h0B",张凌赫把金靖放在C位,search_contents_2026-05-20.csv,search_post,,好好的一只小狗总是把姐姐放最好的位置张凌赫真的是顶好顶好的张凌赫 ,True,False,我爱你所以我的眼里只能看见你我爱你所以我的世界只围绕着你转,0
5300721404874339,#金莎孙丞潇婚纱照#金莎孙丞潇这组婚纱照真的甜到齁住了姐姐眼里的笑意根本藏不住吧🥰 ,1779302728,2026-05-20 18:45:28+08:00,202,27,10,1779278914360,https://m.weibo.cn/detail/5300721404874339,陕西,6578259677,啵啵暮霭茶_,f,https://m.weibo.cn/u/6578259677?launchid=10000360-page_H5,"https://tvax2.sinaimg.cn/crop.0.0.1080.1080.180/007bbHQxly8idbux01f83j30u00u0q3m.jpg?KID=imgbed,tva&Expires=1779289699&ssig=MZgiUBPPs7",金莎孙丞潇婚纱照,search_contents_2026-05-20.csv,search_post,,金莎孙丞潇这组婚纱照真的甜到齁住了姐姐眼里的笑意根本藏不住吧 ,True,False,好般配的两个人 || 不错诶祝99,0
5300706870297518,穿上了神圣的婚纱 巴厘岛天气比较潮热给我先生热的有些中暑 但并不影响他的疏朗清隽浪漫不限数次 此为我与先生 人生首组婚纱照多谢@时尚新娘官方  的真切邀请哈哈 新娘美吗？@孙丞潇 #520# #莎丞抱# ,1779299262,2026-05-20 17:47:42+08:00,11267,721,442,1779278914369,https://m.weibo.cn/detail/5300706870297518,广东,1195366567,金莎,f,https://m.weibo.cn/u/1195366567?launchid=10000360-page_H5,"https://tvax1.sinaimg.cn/crop.0.0.512.512.180/001iTDrVly8gop6a1r86gj60e80e875402.jpg?KID=imgbed,tva&Expires=1779289699&ssig=wpGILT34Dd",金莎孙丞潇婚纱照,search_contents_2026-05-20.csv,search_post,,穿上了神圣的婚纱 巴厘岛天气比较潮热给我先生热的有些中暑 但并不影响他的疏朗清隽浪漫不限数次 此为我与先生 人生首组婚纱照多谢  的真切邀请哈哈 新娘美吗   ,True,False,我想变成蚊子飞过去参与一下 || 金莎你是最美的新娘 || 你的名字叫幸福 你的生活叫甜蜜 你的微博叫美满 提到你我的血糖都高了  潇莎原地改名莎丞抱  我需要二甲双胍降血糖,0
5298414842807004,甜亿点～还能再甜亿点～这个520，不妨给彼此多加一点包容和勇气，多加一点惊喜和默契，给甜甜的恋爱再加一点甜，让爱直接甜出新高度！和阿尔卑斯一起，表白每一刻心动，不负每一份浓情。#520# #给爱加点甜# 阿尔卑斯-Alpenliebe的微博视频 ,1778752801,2026-05-14 10:00:01+08:00,1220,951,55,1779278914385,https://m.weibo.cn/detail/5298414842807004,上海,2129365744,阿尔卑斯-Alpenliebe,f,https://m.weibo.cn/u/2129365744?launchid=10000360-page_H5,"https://tvax2.sinaimg.cn/crop.0.0.294.294.180/7eeb8af0ly8id3o2ql0vij20860860sp.jpg?KID=imgbed,tva&Expires=1779289699&ssig=qG48j4uNnZ",金莎孙丞潇婚纱照,search_contents_2026-05-20.csv,search_post,,甜亿点还能再甜亿点这个520不妨给彼此多加一点包容和勇气多加一点惊喜和默契给甜甜的恋爱再加一点甜让爱直接甜出新高度和阿尔卑斯一起表白每一刻心动不负每一份浓情  阿尔卑斯Alpenliebe的微博视频 ,True,False,长亭外古道边芳草碧连天晚风拂柳笛声残夕阳山外山cp || 快来领520红包网页链接,0
5300709157242937,身着洁白西装，赴巴厘岛一场盛夏之约 天气湿热，满心却是滚烫欢喜 爱意不限朝夕，此为我与爱人首组婚纱照 幸得@金莎 予我人间浪漫 我的新娘，永远是最美✨#莎丞抱#,1779299808,2026-05-20 17:56:48+08:00,1151,92,121,1779278914401,https://m.weibo.cn/detail/5300709157242937,广东,7715964819,孙丞潇,m,https://m.weibo.cn/u/7715964819?launchid=10000360-page_H5,"https://tvax1.sinaimg.cn/crop.0.0.1080.1080.180/008qboVtly8icjaxd5kbsj30u00u0djk.jpg?KID=imgbed,tva&Expires=1779289699&ssig=QOva%2BaSNz8",金莎孙丞潇婚纱照,search_contents_2026-05-20.csv,search_post,,身着洁白西装赴巴厘岛一场盛夏之约 天气湿热满心却是滚烫欢喜 爱意不限朝夕此为我与爱人首组婚纱照 幸得 予我人间浪漫 我的新娘永远是最美,True,False,,0
5300689594486302,520是“我爱你”，也是从冰岛到巴厘岛、从求婚到婚纱这段路最温暖的注脚。比起“一见钟情”@金莎 @孙丞潇 的感情，更像一种缓慢生长的确认。真正动心的，并不是某一个轰轰烈烈的瞬间，而是相处中那些极其细微的日常。#金莎孙丞潇520婚纱照# #金莎孙丞潇婚纱封面#出品人：@冷冷美好生活 监制｜策划：@嘉熙Jeffrey,1779295144,2026-05-20 16:39:04+08:00,237,38,24,1779278914409,https://m.weibo.cn/detail/5300689594486302,,1678808364,时尚新娘官方,f,https://m.weibo.cn/u/1678808364?luicode=20000061&lfid=5300689594486302&launchid=10000360-page_H5,"https://tvax4.sinaimg.cn/crop.3.17.182.182.180/6410952cly8gxtv2ye4lvj205k05kjrc.jpg?KID=imgbed,tva&Expires=1779289699&ssig=6UHYNE24Ex",金莎孙丞潇婚纱照,search_contents_2026-05-20.csv,search_post,,520是我爱你也是从冰岛到巴厘岛从求婚到婚纱这段路最温暖的注脚比起一见钟情  的感情更像一种缓慢生长的确认真正动心的并不是某一个轰轰烈烈的瞬间而是相处中那些极其细微的日常 出品人 监制策划,True,False,属于你们的独家浪漫 || 平凡的日常就是幸福的 || 520这天两个人请狠狠幸福,0
5298511600157402,#金莎孙丞潇快在评论区亲上了#看得出来孙丞潇很爱金莎。毕竟睛神是不会骗人的！看看金莎和孙丞潇的婚纱照，男方看女方的眼神里透着无限的温柔和喜爱之情。这就是情人睛里出西施，虽然金莎比孙丞潇大一些，但是两个人站在一起真的看不出来年龄差，而且孙丞潇和金莎站在一起就是最萌身高差，妥妥的郎才女貌。,1778775870,2026-05-14 16:24:30+08:00,181,20,3,1779278914419,https://m.weibo.cn/detail/5298511600157402,江苏,7805293050,渉愛,f,https://m.weibo.cn/u/7805293050?luicode=20000061&lfid=5298511600157402&launchid=10000360-page_H5,"https://tvax4.sinaimg.cn/crop.0.0.1080.1080.180/008wedholy8id7vrwgxq3j30u00u0tcy.jpg?KID=imgbed,tva&Expires=1779289703&ssig=ssFO02pjXT",金莎孙丞潇婚纱照,search_contents_2026-05-20.csv,search_post,,看得出来孙丞潇很爱金莎毕竟睛神是不会骗人的看看金莎和孙丞潇的婚纱照男方看女方的眼神里透着无限的温柔和喜爱之情这就是情人睛里出西施虽然金莎比孙丞潇大一些但是两个人站在一起真的看不出来年龄差而且孙丞潇和金莎站在一起就是最萌身高差妥妥的郎才女貌,True,False,你喜欢他们俩吗 || 哈哈哈找弟弟这么幸福啊 || 一直不看好姐弟恋 没想到他俩挺幸福的,0
5300714173631648,金莎孙丞潇甜到齁啦！金莎孙丞潇婚纱照拍得真好，必定是孙丞潇指导的。这弟弟太会了，哪个姐姐不喜欢啊~ #金莎孙丞潇婚纱照##微博二创视频创作季# 柿柿不炒蛋的微博视频 ,1779301004,2026-05-20 18:16:44+08:00,626,39,34,1779278914424,https://m.weibo.cn/detail/5300714173631648,安徽,5708654517,柿柿不炒蛋,f,https://m.weibo.cn/u/5708654517?launchid=10000360-page_H5,"https://tvax1.sinaimg.cn/crop.0.0.600.600.180/006ekVORly8iasg8m4cfwj30go0go403.jpg?KID=imgbed,tva&Expires=1779289699&ssig=aitw%2BQqf11",金莎孙丞潇婚纱照,search_contents_2026-05-20.csv,search_post,,金莎孙丞潇甜到齁啦金莎孙丞潇婚纱照拍得真好必定是孙丞潇指导的这弟弟太会了哪个姐姐不喜欢啊  柿柿不炒蛋的微博视频 ,True,False,这糖我嗑了两人默契满分甜度超标了 || 两个人真的挺恩爱的 || 这弟弟也太会拍了姐姐幸福啊,0
5300724537755894,金莎孙丞潇婚纱照金莎孙丞潇从雪山告白到巴厘岛婚纱，相差19岁双向奔赴，把爱情过成满分答卷，如今甜到骨子里，大概这就是爱情最好的模样！ perfect__a的微博视频 ,1779303475,2026-05-20 18:57:55+08:00,137,42,0,1779278914436,https://m.weibo.cn/detail/5300724537755894,陕西,2665784027,perfect__a,f,https://m.weibo.cn/u/2665784027?launchid=10000360-page_H5,"https://tvax3.sinaimg.cn/crop.0.0.720.720.180/9ee4a2dbly8ia39404la3j20k00k00tp.jpg?KID=imgbed,tva&Expires=1779289699&ssig=bwwFDK%2FA4n",金莎孙丞潇婚纱照,search_contents_2026-05-20.csv,search_post,,金莎孙丞潇婚纱照金莎孙丞潇从雪山告白到巴厘岛婚纱相差19岁双向奔赴把爱情过成满分答卷如今甜到骨子里大概这就是爱情最好的模样 perfect__a的微博视频 ,True,False,一直幸福下去啊 || 两个人真的很甜啊 || 他俩挺般配的,0
5300730936169371,居然是be。。。“经过了四个月的相处我们还是决定做朋友”#喜笑颜凯be##颜颜凯凯决定做朋友# 会火的微博视频  ,1779305001,2026-05-20 19:23:21+08:00,3604,163,337,1779278973872,https://m.weibo.cn/detail/5300730936169371,湖南,3725773862,会火,m,https://m.weibo.cn/u/3725773862?launchid=10000360-page_H5,"https://tvax4.sinaimg.cn/crop.0.0.1080.1080.180/00448XYOly8hr3sojtj9ej60u00u0aau02.jpg?KID=imgbed,tva&Expires=1779289769&ssig=cbtxCThf%2Be",颜凯be,search_contents_2026-05-20.csv,search_post,,居然是be经过了四个月的相处我们还是决定做朋友 会火的微博视频  ,True,False,感觉颜的表情好尴尬啊 || 男的前女友不都锤他了吗,0
5300286352523745,#颜凯#颜凯不会真的要be吧？恋综让人仰卧起坐的cp有he过吗？5.15那天就觉得有点奇怪，而且颜凯之间的状态有时候真的很训跟班的感觉，但颜又说凯喜欢打压式教育，不管了希望he吧… ,1779199003,2026-05-19 13:56:43+08:00,721,49,2,1779278973878,https://m.weibo.cn/detail/5300286352523745,浙江,6378160135,综艺崽崽酱,m,https://m.weibo.cn/u/6378160135?launchid=10000360-page_H5,"https://tvax4.sinaimg.cn/crop.0.0.1002.1002.180/006XE6Ozly8gyk9t9yil2j30ru0ru0wm.jpg?KID=imgbed,tva&Expires=1779289769&ssig=VR7KpSlO9K",颜凯be,search_contents_2026-05-20.csv,search_post,,颜凯不会真的要be吧恋综让人仰卧起坐的cp有he过吗515那天就觉得有点奇怪而且颜凯之间的状态有时候真的很训跟班的感觉但颜又说凯喜欢打压式教育不管了希望he吧 ,True,False,颜凯好甜希望一直走下去 || 不要啊很看好的 || 希望能有一个好结果吧,0
5300728849767934,喜笑颜凯 be了不知道算不算be，刚刚直播说了，以朋友的关系相处 ,1779304503,2026-05-20 19:15:03+08:00,350,39,1,1779278973883,https://m.weibo.cn/detail/5300728849767934,广西,6364268196,螺蛳粉加辣v,f,https://m.weibo.cn/u/6364268196?launchid=10000360-page_H5,"https://tvax2.sinaimg.cn/crop.0.0.1080.1080.180/006WHOT2ly8i6y50dca6xj30u00u076c.jpg?KID=imgbed,tva&Expires=1779289769&ssig=gEw3gt5thT",颜凯be,search_contents_2026-05-20.csv,search_post,,喜笑颜凯 be了不知道算不算be刚刚直播说了以朋友的关系相处 ,True,False,在哪里直播呀 || 这个直播是今天的吗 || 还有可能不还有可能他们在骗我们有没有可能,0
5300730329040115,喜笑颜凯be “这段关系是凯决定的”“怎么先炽热的却先变冷了 慢热的人却停不了还在沸腾着”李嘉凯真的是来恋综演戏来的 #颜颜凯凯没在一起# #颜凯be# 恰饭而已的微博视频  ,1779304856,2026-05-20 19:20:56+08:00,131,10,2,1779278973888,https://m.weibo.cn/detail/5300730329040115,福建,5127726727,恰饭而已,f,https://m.weibo.cn/u/5127726727?launchid=10000360-page_H5,"https://tvax4.sinaimg.cn/crop.0.0.480.480.180/005B1pXNly8i01r5tdai3j30dc0dcjrj.jpg?KID=imgbed,tva&Expires=1779289769&ssig=SEXEja9dwB",颜凯be,search_contents_2026-05-20.csv,search_post,,喜笑颜凯be 这段关系是凯决定的怎么先炽热的却先变冷了 慢热的人却停不了还在沸腾着李嘉凯真的是来恋综演戏来的   恰饭而已的微博视频  ,True,False,这剧情编剧是懂拿捏的 || 这首歌词很贴切 || 全世界第一会演的人 恶心到我了 || 这男的瓜特别多没在一起才对颜好,0
5300732662121525,自从彭高跟翁清雅节目里那么甜结果却be我就再也不会相信任何我看好的cp了 颜凯be也是意料之中 ,1779305412,2026-05-20 19:30:12+08:00,52,20,0,1779278973893,https://m.weibo.cn/detail/5300732662121525,浙江,7910575178,女巧一,m,https://m.weibo.cn/u/7910575178?launchid=10000360-page_H5,"https://tvax3.sinaimg.cn/crop.0.0.1080.1080.180/008DlXYely8idba0acd1wj30u00u0jtf.jpg?KID=imgbed,tva&Expires=1779289769&ssig=gX2vECj10j",颜凯be,search_contents_2026-05-20.csv,search_post,,自从彭高跟翁清雅节目里那么甜结果却be我就再也不会相信任何我看好的cp了 颜凯be也是意料之中 ,True,False,我当时很磕 || 这是什么 综艺吗我没看过 || 不是说在一起了吗,0
5300742496720917,#颜凯be##颜颜凯凯没在一起#恋综大热CP颜颜凯凯最终定调！5月20日官方多方证实，张笑颜与李嘉凯确定维持纯粹好友关系，不会更进一步发展恋人关系，瞬间在全网掀起巨大舆论风波。不少知情网友纷纷站出来力挺张笑颜，直言女生全程清醒又通透，实在不该被无端指责。众所周知张笑颜本就是慢热内敛、对待感情极度谨慎的性格，骨子里自带防备感，对待亲密关系向来宁缺毋滥，从不会因为节目热度、粉丝期待就仓促将就一段感情。节目里流露的好感皆是真心实意，线下互动也坦荡大方，自始至终都没有刻意制造暧昧氛围炒作热度，更不存在吊着对方博取流量的行为。面对全网催恋的巨大舆论压力，她依旧坚持遵从自己内心想法，不被外界声音裹挟，不迎合大众期待，这份独立自持的态度格外圈好感。感情之事本就强求不来，心动不假，犹豫亦是真心，止步于朋友也是两人共同商议后的慎重决定。希望大家多给予女生尊重与包容，别用刻板眼光随意评判她的情感选择，也别把未圆满的遗憾全都归咎于她身上。颜颜凯凯没在一起 Ustinian闻·的微博视频 颜凯be,1779307757,2026-05-20 20:09:17+08:00,0,0,0,1779278973899,https://m.weibo.cn/detail/5300742496720917,安徽,5403096194,俞舟同渡_Crossing,m,https://m.weibo.cn/u/5403096194?luicode=20000061&lfid=5300742496720917&launchid=10000360-page_H5,"https://tvax1.sinaimg.cn/crop.0.0.1080.1080.180/005TEQ8Oly8icc6hlq26aj30u00u041i.jpg?KID=imgbed,tva&Expires=1779289769&ssig=Ma5Upnaj6q",颜凯be,search_contents_2026-05-20.csv,search_post,,恋综大热CP颜颜凯凯最终定调5月20日官方多方证实张笑颜与李嘉凯确定维持纯粹好友关系不会更进一步发展恋人关系瞬间在全网掀起巨大舆论风波不少知情网友纷纷站出来力挺张笑颜直言女生全程清醒又通透实在不该被无端指责众所周知张笑颜本就是慢热内敛对待感情极度谨慎的性格骨子里自带防备感对待亲密关系向来宁缺毋滥从不会因为节目热度粉丝期待就仓促将就一段感情节目里流露的好感皆是真心实意线下互动也坦荡大方自始至终都没有刻意制造暧昧氛围炒作热度更不存在吊着对方博取流量的行为面对全网催恋的巨大舆论压力她依旧坚持遵从自己内心想法不被外界声音裹挟不迎合大众期待这份独立自持的态度格外圈好感感情之事本就强求不来心动不假犹豫亦是真心止步于朋友也是两人共同商议后的慎重决定希望大家多给予女生尊重与包容别用刻板眼光随意评判她的情感选择也别把未圆满的遗憾全都归咎于她身上颜颜凯凯没在一起 Ustinian闻的微博视频 颜凯be,True,False,,0
5300742476795688,#颜凯be#他俩说实话真的不合适 性格各方面 ,1779307752,2026-05-20 20:09:12+08:00,0,0,0,1779278973905,https://m.weibo.cn/detail/5300742476795688,福建,6539012955,香草拿铁拿不住铁c_来财版1,f,https://m.weibo.cn/u/6539012955?launchid=10000360-page_H5,"https://tvax3.sinaimg.cn/crop.0.0.1080.1080.180/0078x1YTly8i90bu4f6u6j30u00u0wfc.jpg?KID=imgbed,tva&Expires=1779289769&ssig=3yDr24ZLFg",颜凯be,search_contents_2026-05-20.csv,search_post,,他俩说实话真的不合适 性格各方面 ,True,False,,0
5300742467624442,#颜凯be#我还以为节目我看漏了呢 先追的人怎么还拒绝上了 此男的爱来得快去得也蛮快哈 ,1779307750,2026-05-20 20:09:10+08:00,1,0,0,1779278973910,https://m.weibo.cn/detail/5300742467624442,重庆,6498203623,日历折角-,f,https://m.weibo.cn/u/6498203623?launchid=10000360-page_H5,"https://tvax1.sinaimg.cn/crop.0.0.1080.1080.180/0075LNBRly8icl67cclzyj30u00u0dkz.jpg?KID=imgbed,tva&Expires=1779289769&ssig=qg8CjLTNKi",颜凯be,search_contents_2026-05-20.csv,search_post,,我还以为节目我看漏了呢 先追的人怎么还拒绝上了 此男的爱来得快去得也蛮快哈 ,True,False,气死了ljk和他的梦女们锁死吧,0
5300622678298812,【#中俄元首检阅解放军仪仗队#】5月20日上午，国家主席习近平在北京人民大会堂东门外广场为来华进行国事访问的俄罗斯总统普京举行欢迎仪式。#普京访华欢迎仪式上的中国排面#（央视时政） 人民日报的微博视频 ,1779279190,2026-05-20 12:13:10+08:00,6778,313,564,1779279067347,https://m.weibo.cn/detail/5300622678298812,,2803301701,人民日报,m,https://m.weibo.cn/u/2803301701?launchid=10000360-page_H5,"https://tvax4.sinaimg.cn/crop.0.0.1018.1018.180/0033ImPzly8h8vgemh8kxj60sa0sadgw02.jpg?KID=imgbed,tva&Expires=1779289849&ssig=hQUkd%2F1xnC",普京访华欢迎仪式上的中国排面,search_contents_2026-05-20.csv,search_post,白名单账号,5月20日上午国家主席习近平在北京人民大会堂东门外广场为来华进行国事访问的俄罗斯总统普京举行欢迎仪式央视时政 人民日报的微博视频 ,True,False,希望我们能够互惠互利 || 仪仗队真的太帅了,-1
5300601417371311,火爆全网的一幕再现！俄媒盛赞中国军人身姿挺拔、站如松柏#普京访华欢迎仪式上的中国排面#         大公文匯網的微博视频  ,1779274121,2026-05-20 10:48:41+08:00,1197,30,46,1779279067355,https://m.weibo.cn/detail/5300601417371311,,7476748260,大公文匯網,m,https://m.weibo.cn/u/7476748260?launchid=10000360-page_H5,"https://tvax2.sinaimg.cn/crop.0.0.600.600.180/0089ZFLSly8i7vuiwez97j30go0gojt7.jpg?KID=imgbed,tva&Expires=1779289849&ssig=c6gVQqmXo5",普京访华欢迎仪式上的中国排面,search_contents_2026-05-20.csv,search_post,,火爆全网的一幕再现俄媒盛赞中国军人身姿挺拔站如松柏         大公文匯網的微博视频  ,True,False,,-1
5300605893739810,【现场画面：#普京欢迎仪式前解放军仪仗队准备就位#】5月20日上午，RT驻华记者@俄罗斯阿丽娜 从现场发回的视频显示，俄罗斯总统普京的访华欢迎仪式即将开始，中国人民解放军仪仗队正在做最后的彩排准备工作，一旁手持鲜花和国旗的中国青少年也已经就位。#普京访华欢迎仪式上的中国排面# 今日俄罗斯RT的微博视频  ,1779275188,2026-05-20 11:06:28+08:00,130,9,6,1779279067366,https://m.weibo.cn/detail/5300605893739810,,6244553417,今日俄罗斯RT,m,https://m.weibo.cn/u/6244553417?launchid=10000360-page_H5,"https://tvax2.sinaimg.cn/crop.0.0.600.600.180/006OBvBvly8id2elooulrj30go0goglu.jpg?KID=imgbed,tva&Expires=1779289849&ssig=cB1WGrcy%2Fi",普京访华欢迎仪式上的中国排面,search_contents_2026-05-20.csv,search_post,,现场画面5月20日上午RT驻华记者 从现场发回的视频显示俄罗斯总统普京的访华欢迎仪式即将开始中国人民解放军仪仗队正在做最后的彩排准备工作一旁手持鲜花和国旗的中国青少年也已经就位 今日俄罗斯RT的微博视频  ,True,False,欢迎欢迎热烈欢迎 || 为我们伟大的祖国,-1
5300698541198783,#俄媒盛赞中国军人站如松柏#【中国仪仗队实力全球出圈，俄媒盛赞中国军人“站如松柏”，真正的“中国排面”！】俄罗斯总统普京访华，中国仪仗队再次成为最闪耀的一道风景线。俄媒盛赞，“中国军人身姿挺拔、站如松柏”“体现了中国军队的现代化水平”。真正的“中国排面”！  #普京访华欢迎仪式上的中国排面# 北京新闻的微博视频,1779297277,2026-05-20 17:14:37+08:00,23,1,0,1779279067374,https://m.weibo.cn/detail/5300698541198783,,7730217402,北京卫视向前一步,m,https://m.weibo.cn/u/7730217402?luicode=20000061&lfid=5300698541198783&launchid=10000360-page_H5,"https://tvax2.sinaimg.cn/crop.0.0.1024.1024.180/008r9cFQly8h8vi5ot0xbj30sg0sg3zi.jpg?KID=imgbed,tva&Expires=1779289849&ssig=FiNa%2FERNFS",普京访华欢迎仪式上的中国排面,search_contents_2026-05-20.csv,search_post,,中国仪仗队实力全球出圈俄媒盛赞中国军人站如松柏真正的中国排面俄罗斯总统普京访华中国仪仗队再次成为最闪耀的一道风景线俄媒盛赞中国军人身姿挺拔站如松柏体现了中国军队的现代化水平真正的中国排面   北京新闻的微博视频,True,False,ai主持人,-1
5300700785148150,【#普京与26年前抱过的中国男孩见面了#】5月20日，俄罗斯总统普京在人民大会堂与2000年在北海公园合影的中国男孩彭湃再次见面，两人握手问好。（中国新闻网）#俄10位副总理中5位来到北京##普京访华欢迎仪式上的中国排面# 热度新闻的微博视频 ,1779297811,2026-05-20 17:23:31+08:00,58,1,5,1779279067379,https://m.weibo.cn/detail/5300700785148150,,2460937233,热度新闻,m,https://m.weibo.cn/u/2460937233?launchid=10000360-page_H5,"https://tvax4.sinaimg.cn/crop.0.0.1080.1080.180/92aeec11ly8hlwg775m3ej20u00u0wgf.jpg?KID=imgbed,tva&Expires=1779289849&ssig=UtxTvZZQTF",普京访华欢迎仪式上的中国排面,search_contents_2026-05-20.csv,search_post,,5月20日俄罗斯总统普京在人民大会堂与2000年在北海公园合影的中国男孩彭湃再次见面两人握手问好中国新闻网 热度新闻的微博视频 ,True,False,,-1
5300617099870948,#中俄元首会谈#【习近平：以更高质量的#中俄全面战略协作#助力各自国家发展振兴】#中俄元首会见记者# 5月20日上午，国家主席习近平在北京人民大会堂同来华进行国事访问的俄罗斯总统普京举行会谈。习近平指出，今年是中俄战略协作伙伴关系建立30周年和《中俄睦邻友好合作条约》签署25周年。中俄关系之所以一步一个脚印走到今天这个高度，就是因为我们能够以“千磨万击还坚劲”的毅力不断深化政治互信和战略协作，能够以“更上一层楼”的精神拓展各领域合作，能够以“乱云飞渡仍从容”的勇气捍卫国际公道正义、推动构建人类命运共同体。当前，国际形势变乱交织，单边霸权逆流横行，但求和平、谋发展、促合作仍是民心所向、大势所趋。作为联合国安理会常任理事国和世界重要大国，中俄两国要着眼战略长远，以更高质量的全面战略协作助力各自国家发展振兴，推动构建更加公正合理的全球治理体系。#武契奇将对中国进行国事访问##中俄领导人握手#（央视新闻）#普京与26年前抱过的中国男孩见面了##普京访华欢迎宴会##普京说了一句中国古语##中俄两国元首签署联合声明##中俄元首致辞##普京访华欢迎仪式上的中国排面##俄10位副总理中5位来到北京#央视新闻的微博视频,1779277860,2026-05-20 11:51:00+08:00,42,7,6,1779279067395,https://m.weibo.cn/detail/5300617099870948,,1751714412,大皖新闻,m,https://m.weibo.cn/u/1751714412?luicode=20000061&lfid=5300617099870948&launchid=10000360-page_H5,"https://tvax4.sinaimg.cn/crop.0.0.600.600.180/001Uy0Wgly8ia2ykszcvbj60go0got9n02.jpg?KID=imgbed,tva&Expires=1779289853&ssig=t3Q%2BO2cHRc",普京访华欢迎仪式上的中国排面,search_contents_2026-05-20.csv,search_post,,习近平以更高质量的助力各自国家发展振兴 5月20日上午国家主席习近平在北京人民大会堂同来华进行国事访问的俄罗斯总统普京举行会谈习近平指出今年是中俄战略协作伙伴关系建立30周年和中俄睦邻友好合作条约签署25周年中俄关系之所以一步一个脚印走到今天这个高度就是因为我们能够以千磨万击还坚劲的毅力不断深化政治互信和战略协作能够以更上一层楼的精神拓展各领域合作能够以乱云飞渡仍从容的勇气捍卫国际公道正义推动构建人类命运共同体当前国际形势变乱交织单边霸权逆流横行但求和平谋发展促合作仍是民心所向大势所趋作为联合国安理会常任理事国和世界重要大国中俄两国要着眼战略长远以更高质量的全面战略协作助力各自国家发展振兴推动构建更加公正合理的全球治理体系央视新闻央视新闻的微博视频,True,False,,-1
5300735671796635,【#普京说学习中文的俄公民已超10万人#】5月20日，俄罗斯总统普京在北京人民大会堂出席“中俄教育年”开幕式并致辞。普京表示，学习中文的俄罗斯公民人数逐年增长，目前已超过10万人。#普京与26年前抱过的中国男孩见面了##普京访华欢迎仪式上的中国排面#（中国新闻网）中国新闻网的微博视频 ,1779306130,2026-05-20 19:42:10+08:00,7,1,0,1779279067406,https://m.weibo.cn/detail/5300735671796635,,1499104401,新浪军事,m,https://m.weibo.cn/u/1499104401?launchid=10000360-page_H5,"https://tvax2.sinaimg.cn/crop.0.0.461.461.180/001Ds5xfly8h8vgjdxo3uj60ct0ctq3c02.jpg?KID=imgbed,tva&Expires=1779289849&ssig=N04EUFma5E",普京访华欢迎仪式上的中国排面,search_contents_2026-05-20.csv,search_post,,5月20日俄罗斯总统普京在北京人民大会堂出席中俄教育年开幕式并致辞普京表示学习中文的俄罗斯公民人数逐年增长目前已超过10万人中国新闻网中国新闻网的微博视频 ,True,False,暂时的合作啊,-1
5300679763035418,【反差萌！&quot;五彩斑斓的黑&quot;被做成了冰淇淋】遇事不要慌，先来点&quot;乌漆麻嘿&quot;。#乌漆麻嘿一口嘿化#，520满屏粉红泡泡，王安宇竟带巧乐兹搞起&quot;黑色浪漫&quot;！这支&quot;乌漆麻嘿&quot;简直是当代年轻人的情绪嘴替。黑巧、黑桑葚等五重黑料拉满，边吃边朋克养生~早八困顿、深夜嘴馋？来一口合法&quot;嘿化&quot;，5分钟快乐满血复活！现在全网都在魔性二创宇哥表情包，尊嘟太上头！今天你&quot;乌漆麻嘿&quot;了吗？快来get同款叛逆快乐。,1779292800,2026-05-20 16:00:00+08:00,1987,1482,1468,1779279181525,https://m.weibo.cn/detail/5300679763035418,,1655444627,潇湘晨报,m,https://m.weibo.cn/u/1655444627?luicode=20000061&lfid=5300679763035418&launchid=10000360-page_H5,"https://tvax4.sinaimg.cn/crop.0.0.826.826.180/001O24LNly8h8viu4nck1j60my0myq3m02.jpg?KID=imgbed,tva&Expires=1779289957&ssig=KOUaS%2BjQxe",乌漆麻嘿一口嘿化,search_contents_2026-05-20.csv,search_post,,反差萌quot五彩斑斓的黑quot被做成了冰淇淋遇事不要慌先来点quot乌漆麻嘿quot520满屏粉红泡泡王安宇竟带巧乐兹搞起quot黑色浪漫quot这支quot乌漆麻嘿quot简直是当代年轻人的情绪嘴替黑巧黑桑葚等五重黑料拉满边吃边朋克养生早八困顿深夜嘴馋来一口合法quot嘿化quot5分钟快乐满血复活现在全网都在魔性二创宇哥表情包尊嘟太上头今天你quot乌漆麻嘿quot了吗快来get同款叛逆快乐,True,False,感觉这款冰淇淋真的很好吃啊 || 看起来好诱人呀真的很想品尝一下 || 这个同款我也要去试一下了,0
5300710142640824,哦吼！巧乐兹这波新品+代言人有点东西🔥 新品叫乌漆麻嘿也是很接地气了！拆开也确实是乌漆嘛黑的🍦，一口咬下去——外层黑巧脆皮巨脆，咔嚓一口掉渣，内里黑芝麻冰淇淋丝丝滑滑，裹着黑桑葚果酱的微酸，还有脆饼和椰香黑米的颗粒感，软fufu又有嚼劲，层次直接拉满重点！代言人是王安宇啊啊啊啊啊😭 5月31号安宇宝宝有抖音直播，我已蹲住，夏天的快乐全靠这支乌漆麻嘿续上❄️夏天一口乌漆麻嘿所有疲惫直接嘿化，打工人续命神器无疑了 #乌漆麻嘿一口嘿化#,1779300043,2026-05-20 18:00:43+08:00,5157,76,613,1779279181537,https://m.weibo.cn/detail/5300710142640824,辽宁,6013542431,小食神叨叨,f,https://m.weibo.cn/u/6013542431?luicode=20000061&lfid=5300710142640824&launchid=10000360-page_H5,"https://tvax4.sinaimg.cn/crop.0.0.1080.1080.180/006yYd5Rly8hcp6kb7fraj30u00u0jve.jpg?KID=imgbed,tva&Expires=1779289963&ssig=ErjgsS3kNq",乌漆麻嘿一口嘿化,search_contents_2026-05-20.csv,search_post,,哦吼巧乐兹这波新品代言人有点东西 新品叫乌漆麻嘿也是很接地气了拆开也确实是乌漆嘛黑的一口咬下去外层黑巧脆皮巨脆咔嚓一口掉渣内里黑芝麻冰淇淋丝丝滑滑裹着黑桑葚果酱的微酸还有脆饼和椰香黑米的颗粒感软fufu又有嚼劲层次直接拉满重点代言人是王安宇啊啊啊啊啊 5月31号安宇宝宝有抖音直播我已蹲住夏天的快乐全靠这支乌漆麻嘿续上夏天一口乌漆麻嘿所有疲惫直接嘿化打工人续命神器无疑了 ,True,False,好想吃上一口巧乐兹给你不一样的味道,0
5300710189044622,被老王哥开屏暴击之后立马去买了巧乐兹新品乌漆麻嘿，吃完一根就懂了什么叫越吃越有，从第一口到最后一口，每一口味道都不一样。最外面是经典黑色巧克力味脆皮，里面裹着黑桑葚果酱、黑芝麻味冰淇淋、黑巧克力脆饼还有椰香黑米味冰淇淋，从内至外五重黑色食材，吃完感觉莫名养生。我最爱下半段的黑芝麻冰淇淋和黑巧脆饼，每一口咬下去都是惊喜，很适宅家跟朋友一起吃，已经迫不及待想知道巧乐兹还会出什么新品！#乌漆麻嘿一口嘿化#,1779300054,2026-05-20 18:00:54+08:00,683,115,107,1779279181544,https://m.weibo.cn/detail/5300710189044622,北京,5047102394,争气孔,f,https://m.weibo.cn/u/5047102394?luicode=20000061&lfid=5300710189044622&launchid=10000360-page_H5,"https://tvax1.sinaimg.cn/crop.0.0.1080.1080.180/005vz7Tkly8glqlehdvphj30u00u0t9z.jpg?KID=imgbed,tva&Expires=1779289967&ssig=%2FmSQd%2Bbw30",乌漆麻嘿一口嘿化,search_contents_2026-05-20.csv,search_post,,被老王哥开屏暴击之后立马去买了巧乐兹新品乌漆麻嘿吃完一根就懂了什么叫越吃越有从第一口到最后一口每一口味道都不一样最外面是经典黑色巧克力味脆皮里面裹着黑桑葚果酱黑芝麻味冰淇淋黑巧克力脆饼还有椰香黑米味冰淇淋从内至外五重黑色食材吃完感觉莫名养生我最爱下半段的黑芝麻冰淇淋和黑巧脆饼每一口咬下去都是惊喜很适宅家跟朋友一起吃已经迫不及待想知道巧乐兹还会出什么新品,True,False,黑芝麻和巧克力的搭配真的光想想就很好吃啊 || 看起来好好吃的巧乐兹 我馋了 || 这个口味简直是我的最爱,0
5300741933892761,#乌漆麻嘿一口嘿化#&quot;乌漆麻嘿一口嘿化&quot;是巧乐兹于2026年5月推出的冰淇淋新品名称，以通体黑色脆皮包裹五重黑色食材，主打&quot;一口解锁快乐&quot;的反差体验 ,1779307623,2026-05-20 20:07:03+08:00,0,0,0,1779279181551,https://m.weibo.cn/detail/5300741933892761,天津,5660531627,_追着梓渝跑,f,https://m.weibo.cn/u/5660531627?launchid=10000360-page_H5,"https://tvax4.sinaimg.cn/crop.0.0.1080.1080.180/006b50Rdly8ic4vmfdbmwj30u00u0q5z.jpg?KID=imgbed,tva&Expires=1779289953&ssig=BB7n2xu9ea",乌漆麻嘿一口嘿化,search_contents_2026-05-20.csv,search_post,,quot乌漆麻嘿一口嘿化quot是巧乐兹于2026年5月推出的冰淇淋新品名称以通体黑色脆皮包裹五重黑色食材主打quot一口解锁快乐quot的反差体验 ,True,False,,0
5300709991383942,#乌漆麻嘿一口嘿化#是谁？被王安宇的“嘿化”大片刷屏？是我！（举手🙋♀️）是谁？看完立马冲向便利店，只为get王安宇同款“乌漆麻嘿”？也是我！（再次举手🙋♀️🙋♀️）一根巧乐兹新品【乌漆麻嘿】，直接给我整“嘿嘿嘿”了！根本停不下来～这分明是舌尖上的“五彩斑斓的黑”！第一口：嘎嘣脆！ 黑色巧克力脆皮直接唤醒味蕾，浓郁不甜腻，是成年人的高级微苦。第二口：上头上头上头！ 咬到里面的黑芝麻冰淇淋，香浓丝滑，仿佛在吃液体的黑芝麻汤圆，养生DNA动了！第三口：哇塞！ 突然爆浆！居然是酸甜的黑桑葚果酱！像在嘴里炸开了一朵小烟花，瞬间点亮味觉👅。第四口：咔滋咔滋！ 黑巧克力脆饼的酥脆感，给牙齿带来小惊喜，口感层次拉满。第五口：完美收尾！ 椰香黑米冰淇淋的清香缓缓而来，椰奶香+黑米香，温柔得像给嘴巴做了个SPA。从内到外五重黑食材，每一口都是不同的“嘿嘿嘿嘿嘿”体验！谁说黑色不能又潮又健康？巧乐兹你是懂流量密码的！🔑🍞【解锁神仙吃法——乌漆麻嘿三明治，好吃到转圈圈】光干吃怎么够？本吃货连夜研发了5分钟快乐升级版做法巨简单：1️⃣ 拿一片全麦吐司，扔进空气炸锅/烤箱，烤到两面焦脆，边角微微发黄。2️⃣ 拿出刚从冰箱取出的【乌漆麻嘿】，对半切开夹在吐司片中3️⃣ 等30秒！重点来了！冰淇淋微微融化，渗透进吐司的气孔里谁懂啊～ 不甜不腻的满足感和幸福感！ 快来试试吧姐妹，超绝！,1779300007,2026-05-20 18:00:07+08:00,208,217,17,1779279181557,https://m.weibo.cn/detail/5300709991383942,河南,1170229657,Tina厨房日记,f,https://m.weibo.cn/u/1170229657?luicode=20000061&lfid=5300709991383942&launchid=10000360-page_H5,"https://tvax2.sinaimg.cn/crop.145.272.412.412.180/45c04999ly8fecqumlcgwj20zk0qm75x.jpg?KID=imgbed,tva&Expires=1779289970&ssig=5WWXGpqT0W",乌漆麻嘿一口嘿化,search_contents_2026-05-20.csv,search_post,,是谁被王安宇的嘿化大片刷屏是我举手是谁看完立马冲向便利店只为get王安宇同款乌漆麻嘿也是我再次举手一根巧乐兹新品乌漆麻嘿直接给我整嘿嘿嘿了根本停不下来这分明是舌尖上的五彩斑斓的黑第一口嘎嘣脆 黑色巧克力脆皮直接唤醒味蕾浓郁不甜腻是成年人的高级微苦第二口上头上头上头 咬到里面的黑芝麻冰淇淋香浓丝滑仿佛在吃液体的黑芝麻汤圆养生DNA动了第三口哇塞 突然爆浆居然是酸甜的黑桑葚果酱像在嘴里炸开了一朵小烟花瞬间点亮味觉第四口咔滋咔滋 黑巧克力脆饼的酥脆感给牙齿带来小惊喜口感层次拉满第五口完美收尾 椰香黑米冰淇淋的清香缓缓而来椰奶香黑米香温柔得像给嘴巴做了个SPA从内到外五重黑食材每一口都是不同的嘿嘿嘿嘿嘿体验谁说黑色不能又潮又健康巧乐兹你是懂流量密码的解锁神仙吃法乌漆麻嘿三明治好吃到转圈圈光干吃怎么够本吃货连夜研发了5分钟快乐升级版做法巨简单1 拿一片全麦吐司扔进空气炸锅烤箱烤到两面焦脆边角微微发黄2 拿出刚从冰箱取出的乌漆麻嘿对半切开夹在吐司片中3 等30秒重点来了冰淇淋微微融化渗透进吐司的气孔里谁懂啊 不甜不腻的满足感和幸福感 快来试试吧姐妹超绝,True,False,哇塞隔着屏幕都闻到了香味 || 巧克脆皮新奇特四味交替惊喜足解馋首选 || 新品乌漆麻嘿巧乐兹新意十足口感丰富让人欲罢不能,0
5300710167544324,每逢夏天，巧乐兹始终装点着阿洁的夏日时光✨全新乌漆麻嘿雪糕创意上新，这款新品跳出传统口味思路，加入黑芝麻、黑桑葚这类天然食材，搭配新颖别致，五层风味各有特色：🍩酥脆黑巧外皮🍨醇厚黑芝麻冰淇淋🍇清甜黑桑葚果酱🍫香浓黑巧脆饼🥥绵密椰香黑米冰淇淋多种口感在口中交融迸发，体会乌漆麻嘿一口嘿化的奇妙滋味，香甜风味在舌尖缓缓散开。#乌漆麻嘿一口嘿化#闲暇午后拿来当下午茶再合适不过，居家小憩放松，或和好朋友分享美味😋老牌巧乐兹携手王安宇带来新品惊喜，在保留经典味道的同时大胆创新，续写夏日专属甜蜜～,1779300049,2026-05-20 18:00:49+08:00,287,52,16,1779279181563,https://m.weibo.cn/detail/5300710167544324,四川,5243887616,洁能守恒定律,f,https://m.weibo.cn/u/5243887616?luicode=20000061&lfid=5300710167544324&launchid=10000360-page_H5,"https://tvax2.sinaimg.cn/crop.0.0.1080.1080.180/005ISOIwly8glpq0if6kpj30u00u075o.jpg?KID=imgbed,tva&Expires=1779289973&ssig=ifOWN9ZHAz",乌漆麻嘿一口嘿化,search_contents_2026-05-20.csv,search_post,,每逢夏天巧乐兹始终装点着阿洁的夏日时光全新乌漆麻嘿雪糕创意上新这款新品跳出传统口味思路加入黑芝麻黑桑葚这类天然食材搭配新颖别致五层风味各有特色酥脆黑巧外皮醇厚黑芝麻冰淇淋清甜黑桑葚果酱香浓黑巧脆饼绵密椰香黑米冰淇淋多种口感在口中交融迸发体会乌漆麻嘿一口嘿化的奇妙滋味香甜风味在舌尖缓缓散开闲暇午后拿来当下午茶再合适不过居家小憩放松或和好朋友分享美味老牌巧乐兹携手王安宇带来新品惊喜在保留经典味道的同时大胆创新续写夏日专属甜蜜,True,False,尝一下新品巧乐兹 || 谁的夏日记忆永远少不了巧乐兹啊乌漆麻黑新品看着也太好吃了吧 || 巧乐兹新品看着也太好吃了,0
5300685270686321,【#寿司郎被罚后仍拒洗净餐具#】#寿司郎翻车# 5月19日，话题“杭州一寿司郎被查盘子10抽10脏”冲上热搜。#寿司郎多次被曝卫生问题#杭州市萧山区市场监督管理局公布的决定书显示，北京寿司郎餐饮有限公司萧山区第一分公司被责令改正，给予警告，没收违法所得并处罚款超6万元。执法人员现场抽查装刺身的10只餐盘，10只全脏，大量水渍且有食物残渣。一个月后再检查，10件待用餐具里，仍有6件有饭粒残留，仍未洗净。网红寿司郎翻车！餐具全脏还无证经营，被罚超6万元 21世纪经济报道的微博视频,1779294113,2026-05-20 16:21:53+08:00,175,39,28,1779279272058,https://m.weibo.cn/detail/5300685270686321,,1651428902,21世纪经济报道,m,https://m.weibo.cn/u/1651428902?luicode=20000061&lfid=5300685270686321&launchid=10000360-page_H5,"https://tvax2.sinaimg.cn/crop.37.0.890.890.180/001NLe62ly8h8vgljum5kj60r00oqq4102.jpg?KID=imgbed,tva&Expires=1779290047&ssig=Lxmc8hP%2Boe",寿司郎被罚后仍拒洗净餐具,search_contents_2026-05-20.csv,search_post,, 5月19日话题杭州一寿司郎被查盘子10抽10脏冲上热搜杭州市萧山区市场监督管理局公布的决定书显示北京寿司郎餐饮有限公司萧山区第一分公司被责令改正给予警告没收违法所得并处罚款超6万元执法人员现场抽查装刺身的10只餐盘10只全脏大量水渍且有食物残渣一个月后再检查10件待用餐具里仍有6件有饭粒残留仍未洗净网红寿司郎翻车餐具全脏还无证经营被罚超6万元 21世纪经济报道的微博视频,True,False,据悉这不是寿司郎第一次被曝存在卫生问题今年3月曾有消费者反映在寿司郎北京门头沟长安天街店就餐时发现所点的金枪鱼上有寄生虫卵还有多位消费者反映曾在寿司郎就餐后出现腹泻呕吐等症状 || 寿司郎目前国内在营门店123家2026年前两个月就新开8家计划2026财年冲到190193家,1
5300738680686076,#寿司郎被罚后仍拒洗净餐具#🍽️ 餐具清洁问题持续未整改执法人员对杭州萧山万象汇寿司郎门店刺身专区进行突击检查，现场抽查10只盛装刺身的铝盘，全部存在大量水渍和食物残渣；出品区抽查的20只餐盘中，10只表面残留明显食物残渣，清洁合格率仅50%。 ,1779306847,2026-05-20 19:54:07+08:00,95,6,0,1779279272062,https://m.weibo.cn/detail/5300738680686076,广东,6286642432,许愿啦_,f,https://m.weibo.cn/u/6286642432?launchid=10000360-page_H5,"https://tvax4.sinaimg.cn/crop.0.0.1080.1080.180/006Rs6SAly8i73z67edvrj30u00u0n04.jpg?KID=imgbed,tva&Expires=1779290047&ssig=A45ps3QJC4",寿司郎被罚后仍拒洗净餐具,search_contents_2026-05-20.csv,search_post,, 餐具清洁问题持续未整改执法人员对杭州萧山万象汇寿司郎门店刺身专区进行突击检查现场抽查10只盛装刺身的铝盘全部存在大量水渍和食物残渣出品区抽查的20只餐盘中10只表面残留明显食物残渣清洁合格率仅50 ,True,False,青春人的一生中最美好年岁它是一个人的生命含苞待放的时期生机勃发朝气蓬勃它意味着进取意味着上升蕴含着巨大希望的未知数 || 你今天的努力是幸运的伏笔当下的付出是明日的花开即使现在还看不到成果请不要着急最好的总会在最不经意的时候出现让我们怀揣希望去努力静待美好的出现,1
5300721504485677,#寿司郎被罚后仍拒洗净餐具#刚刚吃完寿司郎的我，默默的碎了………………说好的郎的诱惑，结果郎是坑货。寿司郎还送了我2个小玩具鹅肝牛肉还是挺好吃的#我的日常plog##寿司郎# 惠州·华贸天地 ,1779302751,2026-05-20 18:45:51+08:00,2,1,0,1779279272066,https://m.weibo.cn/detail/5300721504485677,广东,1995435767,圆周律儿,f,https://m.weibo.cn/u/1995435767?launchid=10000360-page_H5,"https://tvax4.sinaimg.cn/crop.0.0.1066.1066.180/76efeef7ly8icipbm7khaj20tm0tmgmx.jpg?KID=imgbed,tva&Expires=1779290047&ssig=zb%2F3NsY98J",寿司郎被罚后仍拒洗净餐具,search_contents_2026-05-20.csv,search_post,,刚刚吃完寿司郎的我默默的碎了说好的郎的诱惑结果郎是坑货寿司郎还送了我2个小玩具鹅肝牛肉还是挺好吃的 惠州华贸天地 ,True,False,好可爱的弟弟,0
5300743047220160,#寿司郎被罚后仍拒洗净餐具#被罚之后仍然拒绝洗净餐具，不知道是以什么样的心理。根本就不对顾客的食品卫生安全负责，也根本没有把这件事情放在心上。寿司郎这种点餐寿司店在市面上很多，在这种态度下，下次还是选择其他的品牌吧。一次出事或许可以婉转口碑，一而再再而三这样下去，相信没有什么顾客再会去买单了！,1779307888,2026-05-20 20:11:28+08:00,4,3,0,1779279272072,https://m.weibo.cn/detail/5300743047220160,四川,5905799430,不紺貓,f,https://m.weibo.cn/u/5905799430?luicode=20000061&lfid=5300743047220160&launchid=10000360-page_H5,"https://tvax1.sinaimg.cn/crop.0.0.1049.1049.180/006rG8dwly8idaubg5dmfj30t50t5mz3.jpg?KID=imgbed,tva&Expires=1779290050&ssig=Imf7gQqGGQ",寿司郎被罚后仍拒洗净餐具,search_contents_2026-05-20.csv,search_post,,被罚之后仍然拒绝洗净餐具不知道是以什么样的心理根本就不对顾客的食品卫生安全负责也根本没有把这件事情放在心上寿司郎这种点餐寿司店在市面上很多在这种态度下下次还是选择其他的品牌吧一次出事或许可以婉转口碑一而再再而三这样下去相信没有什么顾客再会去买单了,True,False,你吃过寿司郎吗 || 好巧没吃过,1
5300741867576131,#寿司郎被罚后仍拒洗净餐具#寿司郎主打表面风光，内里敷衍了事🤫对外宣称优化完毕，实际老问题反复出现，处罚如同走过场。热度赚足，基础品控全凭运气。别家用心优化门店，他家只会优化宣传文案🤡器具洁净度不达标、手续不完善、多次出现同类问题，丝毫没有吸取经验。门店客流爆棚，后厨管理松散。经济惩戒起不到约束作用，基础经营规范形同虚设。,1779307607,2026-05-20 20:06:47+08:00,60,3,0,1779279272079,https://m.weibo.cn/detail/5300741867576131,天津,7817590352,昭祈雨,f,https://m.weibo.cn/u/7817590352?luicode=20000061&lfid=5300741867576131&launchid=10000360-page_H5,"https://tvax3.sinaimg.cn/crop.0.0.1080.1080.180/008x3OmYly8idatoyx4nhj30u00u0abv.jpg?KID=imgbed,tva&Expires=1779290057&ssig=PnJc2k1tj5",寿司郎被罚后仍拒洗净餐具,search_contents_2026-05-20.csv,search_post,,寿司郎主打表面风光内里敷衍了事对外宣称优化完毕实际老问题反复出现处罚如同走过场热度赚足基础品控全凭运气别家用心优化门店他家只会优化宣传文案器具洁净度不达标手续不完善多次出现同类问题丝毫没有吸取经验门店客流爆棚后厨管理松散经济惩戒起不到约束作用基础经营规范形同虚设,True,False,不用心对的顾客迟早倒 || 只顾着赚钱连洗个碗都懒得做 太离谱两,1
5300741105520446,#寿司郎被罚后仍拒洗净餐具##寿司郎多次被曝卫生问题##寿司郎翻车# 寿司郎目前国内在营门店123家，2026年前两个月就新开8家，计划2026财年冲到190-193家。,1779307425,2026-05-20 20:03:45+08:00,0,0,0,1779279272084,https://m.weibo.cn/detail/5300741105520446,,1651428902,21世纪经济报道,m,https://m.weibo.cn/u/1651428902?launchid=10000360-page_H5,"https://tvax2.sinaimg.cn/crop.37.0.890.890.180/001NLe62ly8h8vgljum5kj60r00oqq4102.jpg?KID=imgbed,tva&Expires=1779290047&ssig=Lxmc8hP%2Boe",寿司郎被罚后仍拒洗净餐具,search_contents_2026-05-20.csv,search_post,, 寿司郎目前国内在营门店123家2026年前两个月就新开8家计划2026财年冲到190193家,True,False,,1
5300739435135895,#寿司郎被罚后仍拒洗净餐具#？？？郎？我一直想去尝试来着，还好我没排上过队不洗盘子这什么鬼啊啊啊啊啊啊好恶心 ,1779307026,2026-05-20 19:57:06+08:00,0,0,0,1779279272088,https://m.weibo.cn/detail/5300739435135895,上海,7376678893,江故妤_,f,https://m.weibo.cn/u/7376678893?launchid=10000360-page_H5,"https://tvax4.sinaimg.cn/crop.0.0.1080.1080.180/0083dN9Ply8icvqfozdozj30u00u0tbp.jpg?KID=imgbed,tva&Expires=1779290047&ssig=p07XW6b8xH",寿司郎被罚后仍拒洗净餐具,search_contents_2026-05-20.csv,search_post,,郎我一直想去尝试来着还好我没排上过队不洗盘子这什么鬼啊啊啊啊啊啊好恶心 ,True,False,,0
5300737052771441,#颜颜凯凯没在一起#颜颜凯凯竟然没在一起。。。凯：“目前还是决定以朋友的关系来面对。”我不想相信颜颜凯凯be了 吃瓜姐妹的微博视频  ,1779306459,2026-05-20 19:47:39+08:00,6252,241,161,1779279358914,https://m.weibo.cn/detail/5300737052771441,四川,6543419106,吃瓜姐妹,f,https://m.weibo.cn/u/6543419106?launchid=10000360-page_H5,"https://tvax1.sinaimg.cn/crop.0.0.1125.1125.180/0078PwdQly8fv9zg8hr48j30v90v90u5.jpg?KID=imgbed,tva&Expires=1779290157&ssig=HB0sK9CMAs",颜颜凯凯没在一起,search_contents_2026-05-20.csv,search_post,,颜颜凯凯竟然没在一起凯目前还是决定以朋友的关系来面对我不想相信颜颜凯凯be了 吃瓜姐妹的微博视频  ,True,False,只心疼颜颜啊 认真了男的又要跑路 || 美女没有接手瓜男的义务 || 需要一个合理的解释双方一直在麦节目组也一直剪辑引导现在这样算什么,0
5300737871450598,#颜颜凯凯没在一起#其实这样真的很伤人，线下接触四个月，不喜欢为什么不提前跟女生说呢？女生在返场那一天晚上还表白了，就应该当场拒绝啊#微博二创视频创作季# 李冷冷·的微博视频 ,1779306654,2026-05-20 19:50:54+08:00,241,25,1,1779279358923,https://m.weibo.cn/detail/5300737871450598,云南,5250723934,李冷冷·,f,https://m.weibo.cn/u/5250723934?launchid=10000360-page_H5,"https://tvax4.sinaimg.cn/crop.0.0.1080.1080.180/005Jlv9Ily8hr0dlcv7tnj30u00u0jv7.jpg?KID=imgbed,tva&Expires=1779290157&ssig=lP51KERATM",颜颜凯凯没在一起,search_contents_2026-05-20.csv,search_post,,其实这样真的很伤人线下接触四个月不喜欢为什么不提前跟女生说呢女生在返场那一天晚上还表白了就应该当场拒绝啊 李冷冷的微博视频 ,True,False,这剧情比连续剧还精彩我站凯凯子 || 其实这样真的很伤人  颜颜 第一次对一个人心动表白了之后之前追自己追呢么勤的人突然拒绝自己 身为母胎真的能感受到这种感觉 颜下次应该很难再次喜欢一个人了 || 颜颜以后要幸福啊,0
5300738060193854,#颜颜凯凯没在一起#这个反转太厉害了吧 明明上午还在撒糖  现在说居然说be了吗颜颜你承认被凯凯的真诚所感动了吧  但是还是不合适 ,1779306699,2026-05-20 19:51:39+08:00,80,19,0,1779279358927,https://m.weibo.cn/detail/5300738060193854,安徽,7904843441,分享欲已发作,f,https://m.weibo.cn/u/7904843441?launchid=10000360-page_H5,"https://tvax2.sinaimg.cn/crop.0.0.1080.1080.180/008CXUSRly8ida07ra7wlj30u00u0wh8.jpg?KID=imgbed,tva&Expires=1779290157&ssig=2onHcrTjWF",颜颜凯凯没在一起,search_contents_2026-05-20.csv,search_post,,这个反转太厉害了吧 明明上午还在撒糖  现在说居然说be了吗颜颜你承认被凯凯的真诚所感动了吧  但是还是不合适 ,True,False,你们磕颜凯吗 || 这个反转也太内个了 || 可能就是不太合适吧,0
5300728522084108,什么情况？所以颜凯线上成了但是线下的相处情况不妙所以凯凯决定两人之间的关系还是停留在朋友是这意思不 ,1779304425,2026-05-20 19:13:45+08:00,176,34,1,1779279358936,https://m.weibo.cn/detail/5300728522084108,山东,7818721260,幸运姜琳,f,https://m.weibo.cn/u/7818721260?launchid=10000360-page_H5,"https://tvax4.sinaimg.cn/crop.0.0.720.720.180/008x8yzqly1icopjvmbqlj30k00k0gm5.jpg?KID=imgbed,tva&Expires=1779290157&ssig=fVELtOnasu",颜颜凯凯没在一起,search_contents_2026-05-20.csv,search_post,,什么情况所以颜凯线上成了但是线下的相处情况不妙所以凯凯决定两人之间的关系还是停留在朋友是这意思不 ,True,False,发生什么了 || 不是吧 线上是oe 线下相处了之后颜喜欢上凯了 返场表白了 但是凯拒绝了 || 男嘉宾就是烂人一个上节目都是演的 查看图片,0
5300744171291605,#颜颜凯凯没在一起#我女儿独美，渣男不配 ,1779308156,2026-05-20 20:15:56+08:00,0,0,0,1779279358940,https://m.weibo.cn/detail/5300744171291605,河北,7485723381,沅屿骤,f,https://m.weibo.cn/u/7485723381?launchid=10000360-page_H5,"https://tvax4.sinaimg.cn/crop.0.0.1080.1080.180/008aBkBTly8ickdd0gcm8j30u00u0tbe.jpg?KID=imgbed,tva&Expires=1779290157&ssig=4qEvQKAMtz",颜颜凯凯没在一起,search_contents_2026-05-20.csv,search_post,,我女儿独美渣男不配 ,True,False,,0
5300744158973161,#颜颜凯凯没在一起#中午刷到返场表白 晚上来个做朋友 ,1779308153,2026-05-20 20:15:53+08:00,0,0,0,1779279358945,https://m.weibo.cn/detail/5300744158973161,湖南,6999347598,wqshn,f,https://m.weibo.cn/u/6999347598?launchid=10000360-page_H5,"https://tvax3.sinaimg.cn/crop.0.0.608.608.180/007DGy3cly8hv1ayt8ubkj30gw0gwjs8.jpg?KID=imgbed,tva&Expires=1779290157&ssig=goAqP8SJ0s",颜颜凯凯没在一起,search_contents_2026-05-20.csv,search_post,,中午刷到返场表白 晚上来个做朋友 ,True,False,,0
5300744158712465,#颜颜凯凯没在一起#每次恋综都要有一对这种情况的 ,1779308153,2026-05-20 20:15:53+08:00,0,0,0,1779279358951,https://m.weibo.cn/detail/5300744158712465,山东,7189107423,搞来搞去好像也就那样,m,https://m.weibo.cn/u/7189107423?launchid=10000360-page_H5,"https://tvax4.sinaimg.cn/crop.0.0.1080.1080.180/007QwLfxly8icxbheckedj30u00u0goj.jpg?KID=imgbed,tva&Expires=1779290157&ssig=OW0uYkGa7c",颜颜凯凯没在一起,search_contents_2026-05-20.csv,search_post,,每次恋综都要有一对这种情况的 ,True,False,,0
5300634871398917,喜笑颜凯 我的颜凯拥抱了颜：你再不主动就没有机会了#喜笑颜凯# #颜颜哭着告白凯凯# Jin天的粉色鞋的微博视频  ,1779282097,2026-05-20 13:01:37+08:00,2065,17,30,1779279447669,https://m.weibo.cn/detail/5300634871398917,广东,6623062519,Jin天的粉色鞋,f,https://m.weibo.cn/u/6623062519?launchid=10000360-page_H5,"https://tvax2.sinaimg.cn/crop.0.0.1080.1080.180/007edH71ly8id5l69gqf0j30u00u0q7b.jpg?KID=imgbed,tva&Expires=1779290243&ssig=C14AU0BCG3",喜笑颜凯,search_contents_2026-05-20.csv,search_post,,喜笑颜凯 我的颜凯拥抱了颜你再不主动就没有机会了  Jin天的粉色鞋的微博视频  ,True,False,再来看一遍好幸福啊拥抱也足够浪漫了 我的颜凯 || 闺蜜闺蜜夫做主桌 || 这次真的是幸福的眼泪,0
5300727734079009,喜笑颜凯  朋友…… #颜颜凯凯没在一起# 一生与大蒜为敌的暴躁张张的微博视频  ,1779304237,2026-05-20 19:10:37+08:00,4700,212,66,1779279447676,https://m.weibo.cn/detail/5300727734079009,黑龙江,7808480512,一生与大蒜为敌的暴躁张张,f,https://m.weibo.cn/u/7808480512?launchid=10000360-page_H5,"https://tvax1.sinaimg.cn/crop.0.0.1080.1080.180/008wrAu4ly8icb2rnpa25j30u00u0juk.jpg?KID=imgbed,tva&Expires=1779290243&ssig=UNRPdcciUQ",喜笑颜凯,search_contents_2026-05-20.csv,search_post,,喜笑颜凯  朋友  一生与大蒜为敌的暴躁张张的微博视频  ,True,False,还是男生决定的 || 李嘉凯真是神人 || 影帝吧 全平台取关,0
5300627018092556,喜笑颜凯  这张是不是脸贴脸了 ,1779280225,2026-05-20 12:30:25+08:00,562,38,1,1779279447682,https://m.weibo.cn/detail/5300627018092556,四川,7807825363,灶灶重生版,f,https://m.weibo.cn/u/7807825363?launchid=10000360-page_H5,"https://tvax2.sinaimg.cn/crop.0.0.1024.1024.180/008woQ39ly8icuzvlcv2uj30sg0sgwgg.jpg?KID=imgbed,tva&Expires=1779290243&ssig=%2F%2FzQ2x96aP",喜笑颜凯,search_contents_2026-05-20.csv,search_post,,喜笑颜凯  这张是不是脸贴脸了 ,True,False,我不行了 这下kiss照大家是真能期待了 || 我靠,0
5300744527020722,喜笑颜凯#喜笑颜凯# 看到直播说可能be才去搜了之前凯的瓜，之前一直想安心磕cp所以一直没去看瓜条，刚刚看完之后只能说还好没在一起！！我的天🤦♀️颜颜快点远离这种男的 ,1779308240,2026-05-20 20:17:20+08:00,0,0,0,1779279447685,https://m.weibo.cn/detail/5300744527020722,湖南,7560206305,少管本大王zzZ,f,https://m.weibo.cn/u/7560206305?launchid=10000360-page_H5,"https://tvax1.sinaimg.cn/crop.0.0.1080.1080.180/008fDR1nly8ick73uaj0zj30u00u0q43.jpg?KID=imgbed,tva&Expires=1779290243&ssig=ZqqvUf8b4C",喜笑颜凯,search_contents_2026-05-20.csv,search_post,,喜笑颜凯 看到直播说可能be才去搜了之前凯的瓜之前一直想安心磕cp所以一直没去看瓜条刚刚看完之后只能说还好没在一起我的天颜颜快点远离这种男的 ,True,False,,0
5300744469353205,#颜颜凯凯没在一起#520这天《怦然心动20岁》收官，备受看好的喜笑颜凯CP遗憾收场。颜颜当众走心告白，满心奔赴对方，可线下相处许久后，凯凯还是选择只做朋友。 此前两人私下互动甜蜜满满，各种暧昧举动让粉丝满心期待，结局落差让人难以接受。不少网友心疼主动付出的颜颜，纷纷指责凯凯态度含糊，迟迟不明确态度。 还有相关负面流言传出，引发不少争议。也有理性网友表示，二人性格、恋爱观念差距大，加上现实因素阻碍，走到一起本就很难，好感属实但彼此并不合适，只能遗憾收场。 颜颜凯凯没在一起,1779308227,2026-05-20 20:17:07+08:00,0,0,0,1779279447689,https://m.weibo.cn/detail/5300744469353205,河北,7736541502,M杯百香果,f,https://m.weibo.cn/u/7736541502?luicode=20000061&lfid=5300744469353205&launchid=10000360-page_H5,"https://tvax4.sinaimg.cn/crop.0.0.1080.1080.180/008rzJRsly8icx7xtcppwj30u00u0ae2.jpg?KID=imgbed,tva&Expires=1779290243&ssig=SH51hE3SRa",喜笑颜凯,search_contents_2026-05-20.csv,search_post,,520这天怦然心动20岁收官备受看好的喜笑颜凯CP遗憾收场颜颜当众走心告白满心奔赴对方可线下相处许久后凯凯还是选择只做朋友 此前两人私下互动甜蜜满满各种暧昧举动让粉丝满心期待结局落差让人难以接受不少网友心疼主动付出的颜颜纷纷指责凯凯态度含糊迟迟不明确态度 还有相关负面流言传出引发不少争议也有理性网友表示二人性格恋爱观念差距大加上现实因素阻碍走到一起本就很难好感属实但彼此并不合适只能遗憾收场 颜颜凯凯没在一起,True,False,,0
5300744391493945,喜笑颜凯  没成别卖。#喜笑颜凯be# ,1779308209,2026-05-20 20:16:49+08:00,2,0,0,1779279447692,https://m.weibo.cn/detail/5300744391493945,辽宁,7488159758,xixiiiiaaqwq,m,https://m.weibo.cn/u/7488159758?launchid=10000360-page_H5,"https://tvax2.sinaimg.cn/crop.0.0.1062.1062.180/008aLyqily8idc6nkeg37j30ti0ti75h.jpg?KID=imgbed,tva&Expires=1779290243&ssig=EoWRQsb98X",喜笑颜凯,search_contents_2026-05-20.csv,search_post,,喜笑颜凯  没成别卖 ,True,False,,0
5300729016222431,#阳朔一米粉店本地人7元游客13元#本地人常吃是口碑，不是搞差价的理由，做生意凭良心不凭地域，别拿本地人常吃当幌子，明码标价不分远近客。 ,1779304542,2026-05-20 19:15:42+08:00,64,14,0,1779279550136,https://m.weibo.cn/detail/5300729016222431,湖北,6469950262,我有恋铮癖呀,m,https://m.weibo.cn/u/6469950262?launchid=10000360-page_H5,"https://tvax3.sinaimg.cn/crop.0.0.1080.1080.180/0073RfCuly8icw3akaq63j30u00u0n27.jpg?KID=imgbed,tva&Expires=1779290332&ssig=8t%2BcbgCrRt",阳朔一米粉店本地人7元游客13元,search_contents_2026-05-20.csv,search_post,,本地人常吃是口碑不是搞差价的理由做生意凭良心不凭地域别拿本地人常吃当幌子明码标价不分远近客 ,True,False,这怎么还区别对待啊 || 做生意还能区别对待吗 || 明码实价坎游客,1
5300737076890462,#阳朔一米粉店本地人7元游客13元#店家贪心又偷懒，不想用心经营，只想靠着信息差收割别人，既不尊重消费者，也不尊重自己的生意，自己把招牌砸了。。。还坏了城市的口碑😅 ,1779306465,2026-05-20 19:47:45+08:00,73,9,0,1779279550143,https://m.weibo.cn/detail/5300737076890462,吉林,5867908093,Youngs_等云来版,f,https://m.weibo.cn/u/5867908093?launchid=10000360-page_H5,"https://tvax2.sinaimg.cn/crop.0.0.850.850.180/006p78WVly8iaezcyho8aj30nm0nmq3y.jpg?KID=imgbed,tva&Expires=1779290332&ssig=T5li4IaF3F",阳朔一米粉店本地人7元游客13元,search_contents_2026-05-20.csv,search_post,,店家贪心又偷懒不想用心经营只想靠着信息差收割别人既不尊重消费者也不尊重自己的生意自己把招牌砸了还坏了城市的口碑 ,True,False,区别对待谁还敢去 || 怎么能这样 || 是啊好恶心,1
5300742994788725,阳朔米粉“阴阳价”引热议 桂林阳朔米粉店再现看人定价争议！同款二两米粉，本地人7元、外地游客13元，价格近乎翻倍。 面对质疑，店主态度强硬，直言自己定价自由。这一区别宰客行为引发全网热议，不少网友吐槽当地早已存在此类潜规则。 目前当地市场监管局已立案调查。文旅经济，诚信为先，短期牟利透支城市口碑，终究得不偿失。你出门旅游遇过差别定价吗？#阳朔一米粉店本地人7元游客13元##微博二创视频创作季##专业视频创作季# 扬帆锐评的微博视频,1779307875,2026-05-20 20:11:15+08:00,23,2,0,1779279550147,https://m.weibo.cn/detail/5300742994788725,广东,1650933515,扬帆锐评,m,https://m.weibo.cn/u/1650933515?luicode=20000061&lfid=5300742994788725&launchid=10000360-page_H5,"https://tvax4.sinaimg.cn/crop.72.0.354.354.180/62673f0bly8fn4gwjd6gfj20dw09ugp8.jpg?KID=imgbed,tva&Expires=1779290339&ssig=aSAj1F%2FWqS",阳朔一米粉店本地人7元游客13元,search_contents_2026-05-20.csv,search_post,,阳朔米粉阴阳价引热议 桂林阳朔米粉店再现看人定价争议同款二两米粉本地人7元外地游客13元价格近乎翻倍 面对质疑店主态度强硬直言自己定价自由这一区别宰客行为引发全网热议不少网友吐槽当地早已存在此类潜规则 目前当地市场监管局已立案调查文旅经济诚信为先短期牟利透支城市口碑终究得不偿失你出门旅游遇过差别定价吗 扬帆锐评的微博视频,True,False,阴阳价太黑了 || 阳朔米粉价格差异引热议本地人与外地游客差距大文旅诚信待考验,1
5300729914851472,#阳朔一米粉店本地人7元游客13元#是真的。挺离谱的。 ,1779304756,2026-05-20 19:19:16+08:00,13,2,0,1779279550150,https://m.weibo.cn/detail/5300729914851472,福建,7591173996,suamzmzer,f,https://m.weibo.cn/u/7591173996?launchid=10000360-page_H5,"https://tvax3.sinaimg.cn/crop.0.0.959.959.180/008hJN8gly8h0qt0sfdwuj30qn0qnmxx.jpg?KID=imgbed,tva&Expires=1779290332&ssig=HJ4%2FKIAImY",阳朔一米粉店本地人7元游客13元,search_contents_2026-05-20.csv,search_post,,是真的挺离谱的 ,True,False,工友这是咋了 || 还不解禁吗,0
5300735264692029,#阳朔一米粉店本地人7元游客13元#为什么不同价啊这样慕名而来的游客感受会不太好吧 ,1779306033,2026-05-20 19:40:33+08:00,47,18,0,1779279550153,https://m.weibo.cn/detail/5300735264692029,中国台湾,6027974051,爱发呆的小妮,f,https://m.weibo.cn/u/6027974051?launchid=10000360-page_H5,"https://tvax1.sinaimg.cn/crop.0.0.945.945.180/006zWLpVly8hhwkdqpbgcj30q90q9n02.jpg?KID=imgbed,tva&Expires=1779290332&ssig=0JUO1tKDKw",阳朔一米粉店本地人7元游客13元,search_contents_2026-05-20.csv,search_post,,为什么不同价啊这样慕名而来的游客感受会不太好吧 ,True,False,对游客只做一次生意嘛 || 感觉有点离谱 || 游客也是慕名而来的啊,1
5300736336332447,#阳朔一米粉店本地人7元游客13元#本地外地不都是客吗 有什么必要区别对待啊 这不是砸自己招牌吗 法式雪人的微博视频 ,1779306288,2026-05-20 19:44:48+08:00,36,7,0,1779279550156,https://m.weibo.cn/detail/5300736336332447,泰国,7986052466,法式雪人,f,https://m.weibo.cn/u/7986052466?launchid=10000360-page_H5,"https://tvax2.sinaimg.cn/crop.0.0.1080.1080.180/008IsF3Qly8ic22mdw103j30u00u0gn1.jpg?KID=imgbed,tva&Expires=1779290332&ssig=OZyk2qRQbm",阳朔一米粉店本地人7元游客13元,search_contents_2026-05-20.csv,search_post,,本地外地不都是客吗 有什么必要区别对待啊 这不是砸自己招牌吗 法式雪人的微博视频 ,True,False,你觉得区别对待对吗,1
5300714788358107,#清弦cos大乔花嫁##520心动暗号##无锡TCG# 👰是心动的感觉TCG俱乐部#荣耀之间 腾必九天# ,1779301151,2026-05-20 18:19:11+08:00,1602,233,127,1779279605018,https://m.weibo.cn/detail/5300714788358107,江苏,7721745098,无锡TCG,m,https://m.weibo.cn/u/7721745098?launchid=10000360-page_H5,"https://tvax1.sinaimg.cn/crop.0.0.1080.1080.180/008qzEDMly8hxte4dv6wrj30u00u0dhi.jpg?KID=imgbed,tva&Expires=1779290403&ssig=K9lznd0E9q",清弦cos大乔花嫁,search_contents_2026-05-20.csv,search_post,, 是心动的感觉TCG俱乐部 ,True,False,我不行了吧这个侧颜简直女神 查看图片 || 视频什么时候放出来奇宝,0
5300712152236923,#清弦cos大乔花嫁#清弦这Cos的大乔花嫁，大家觉得还原度怎么样？ ,1779300522,2026-05-20 18:08:42+08:00,93,18,1,1779279605020,https://m.weibo.cn/detail/5300712152236923,河南,7803777828,WZ菌菌,m,https://m.weibo.cn/u/7803777828?launchid=10000360-page_H5,"https://tvax1.sinaimg.cn/crop.0.0.794.794.180/008w7R6kly8h9xgq4o0plj30m20m23zm.jpg?KID=imgbed,tva&Expires=1779290403&ssig=4UEb2x0nyI",清弦cos大乔花嫁,search_contents_2026-05-20.csv,search_post,,清弦这Cos的大乔花嫁大家觉得还原度怎么样 ,True,False,,0
5300713131607613,#清弦cos大乔花嫁#紫渊: 不是你怎么有这么多张清弦: 要求这么多我直接cos站你面前呗 ,1779300756,2026-05-20 18:12:36+08:00,9,0,0,1779279605021,https://m.weibo.cn/detail/5300713131607613,广东,6472157904,熊熊无聊_,f,https://m.weibo.cn/u/6472157904?launchid=10000360-page_H5,"https://tvax4.sinaimg.cn/crop.0.0.1080.1080.180/00740vVCly8hsmlrxry5ej30u00u0go6.jpg?KID=imgbed,tva&Expires=1779290403&ssig=XjG59YRo9v",清弦cos大乔花嫁,search_contents_2026-05-20.csv,search_post,,紫渊 不是你怎么有这么多张清弦 要求这么多我直接cos站你面前呗 ,True,False,,0
5300723353913347,#清弦cos大乔花嫁# 还原度100%，可人度200%，别人一听这是男的更激动了，说什么也要加个联系方式 ,1779303193,2026-05-20 18:53:13+08:00,4,1,0,1779279605022,https://m.weibo.cn/detail/5300723353913347,山东,5402415316,极光AuR,m,https://m.weibo.cn/u/5402415316?launchid=10000360-page_H5,"https://tvax4.sinaimg.cn/crop.0.0.512.512.180/005TBZ0Uly8gybt9zlc0ej30e80e8jrx.jpg?KID=imgbed,tva&Expires=1779290403&ssig=wfJhzV68iV",清弦cos大乔花嫁,search_contents_2026-05-20.csv,search_post,, 还原度100可人度200别人一听这是男的更激动了说什么也要加个联系方式 ,True,False,,0
5300712175308219,#清弦cos大乔花嫁#男人也能这么美丽吗 ,1779300528,2026-05-20 18:08:48+08:00,4,3,3,1779279605023,https://m.weibo.cn/detail/5300712175308219,安徽,5939204645,多樂,f,https://m.weibo.cn/u/5939204645?launchid=10000360-page_H5,"https://tvax2.sinaimg.cn/crop.0.0.1080.1080.180/006tWirjly8gq0mxkkkbxj30u00u0wgt.jpg?KID=imgbed,tva&Expires=1779290403&ssig=ET00HouAYU",清弦cos大乔花嫁,search_contents_2026-05-20.csv,search_post,,男人也能这么美丽吗 ,True,False,太漂亮了吧 || 包可以的啊,0
5300719708013854,大声说出来，这是什么级别的cos！！！@无锡TCG清弦 图片都这么美了，视频什么时候放出来#清弦cos大乔花嫁# ,1779302324,2026-05-20 18:38:44+08:00,35,1,0,1779279605024,https://m.weibo.cn/detail/5300719708013854,广东,7553752404,在圈里收瓜,f,https://m.weibo.cn/u/7553752404?launchid=10000360-page_H5,"https://tvax4.sinaimg.cn/crop.0.0.1045.1045.180/008fcM4cly8hc7mi1eg1pj30t10t1acm.jpg?KID=imgbed,tva&Expires=1779290403&ssig=HQYh9frTnz",清弦cos大乔花嫁,search_contents_2026-05-20.csv,search_post,,大声说出来这是什么级别的cos 图片都这么美了视频什么时候放出来 ,True,False,,0
5300739427009228,#清弦cos大乔花嫁#卧槽，竞男！卧槽！ ,1779307024,2026-05-20 19:57:04+08:00,23,6,0,1779279605026,https://m.weibo.cn/detail/5300739427009228,河南,7774565822,buff和水晶,m,https://m.weibo.cn/u/7774565822?launchid=10000360-page_H5,"https://tvax3.sinaimg.cn/crop.0.6.1046.1046.180/008u9hIWly8hwqglupo3bj30t20teq9h.jpg?KID=imgbed,tva&Expires=1779290403&ssig=iAM63dBAmG",清弦cos大乔花嫁,search_contents_2026-05-20.csv,search_post,,卧槽竞男卧槽 ,True,False,,0
5300742245320711,#清弦cos大乔花嫁#just欣赏。 ,1779307697,2026-05-20 20:08:17+08:00,3,0,0,1779279605027,https://m.weibo.cn/detail/5300742245320711,福建,7547788132,希侑雪衣ovo,f,https://m.weibo.cn/u/7547788132?launchid=10000360-page_H5,"https://tvax3.sinaimg.cn/crop.0.0.1080.1080.180/008eNKugly8id4gguek1nj30u00u0419.jpg?KID=imgbed,tva&Expires=1779290403&ssig=EoAfCZ%2BD4D",清弦cos大乔花嫁,search_contents_2026-05-20.csv,search_post,,just欣赏 ,True,False,,0
