user_id,nickname,gender,avatar,desc,follows,fans,tag_list,last_modify_ts
5435952828,嘻嘻哈哈的嗯,m,https://wx3.sinaimg.cn/orj480/005VSHEwly8i7k2amzoikj30u00u0aeg.jpg,,33.0,515,,1778770833076
7399177124,阿涵爱吃桃DAYTOY,f,https://wx4.sinaimg.cn/orj480/0084KbYwly8hytu0z7diwj30u00u0juk.jpg,永远追随我的光,1345.0,970,,1778770836469
7861577512,三一子198703,f,https://wx3.sinaimg.cn/orj480/008A2nrily8hyc7t5y30vj30u00u0ad1.jpg,一名在读的女大学生,1187.0,526,,1778770839831
2013831281,为自己做美食,f,https://wx2.sinaimg.cn/orj480/7808a071ly8i75y6fpl3nj20u00u0dlf.jpg,阅己，悦己，越己足以,1663.0,1275,,1778770843188
7523615648,現在几点了您在哪里,Male,https://wx2.sinaimg.cn/orj480/008dak7uly8id06kftopyj30u013z77p.jpg,流星划过的瞬间，我似点点繁星，浩渺无际的夜空，触摸不到的距离.,,1730,2207,1778771314309
6747707069,不就是论文么,Female,https://wx3.sinaimg.cn/orj480/007mEGQZly8icxygg7jkij30u00u0tdi.jpg,我能看完 我能写完（发疯专用）（创亖全世界版）,,472,576,1778771317735
1772370627,兜兜崽Xixi,Female,https://wx3.sinaimg.cn/orj480/69a43ac3ly8i2a5kbt8gcj209z09zjrh.jpg,若我离去 后会无期。,,74,167,1778771321139
6705133107,·小霖安利杂货店·,Female,https://wx2.sinaimg.cn/orj480/007jM3qbly8icwv4fyqm6j30u00u0ad6.jpg,家有一只两颗牙的萌兔🐰,,354,1.7万,1778771324616
5884091536,阿树塘,Female,https://wx1.sinaimg.cn/orj480/006qd30cly8iaxq45m7kcj30u00u0gon.jpg,你在人潮人海 值得被偏爱@M鹿M,,456,777,1778771328051
5740573307,此爱起司君,Female,https://wx4.sinaimg.cn/orj480/006guRm3ly8i5ff2y2dgpj30u00u00vf.jpg,给我按粉籍的，纯是膀胱代替大脑，尿道代替思考的蠢货。对长的好看的人天生有好感，毕竟谁不喜欢赏心悦目的人呢。,,155,37,1778771331515
7817754117,矢氧愛,Male,https://wx3.sinaimg.cn/orj480/008x4uYlly8icvpz3txdxj30u00u0jta.jpg,🎸可爱小猫领养中✧˚₊‧✩,,478,1447,1778771334949
6052805597,言王彳,Male,https://wx3.sinaimg.cn/orj480/006BCXeJly8huck45g33tj30qo0qo42b.jpg,,,96,53,1778771338487
6275188204,借来的兔_,Female,https://wx2.sinaimg.cn/orj480/006QG36Yly8icvlb66hi2j30u00u0ju1.jpg,我的是心肝，你的是猪肝，能一样吗😏,,1247,2146,1778771341944
3373620432,清秋枫起,Female,https://wx4.sinaimg.cn/orj480/c9155cd0ly8id1z0hs4uoj20u00u0tb5.jpg,三餐四季，看似平淡，却是最美好的欢喜与幸福。过好自己的小日子，让每一天都热气腾腾。,,381,300,1778771345400
7489942380,林林-Swifties,Female,https://wx1.sinaimg.cn/orj480/008aT2agly8iczcjn0cc8j30u00u042h.jpg,越来越好,,322,106,1778771348894
1496719845,朱老板1234567,Female,https://wx4.sinaimg.cn/orj480/593621e5ly8icgawlnsxhj20dw0dwab1.jpg,,,2099,805,1778771352319
1406459975,季嘉麟,Male,https://wx2.sinaimg.cn/orj480/53d4e047ly8fzt6ghw343j20ru0ruq6n.jpg,不同视角看世界,,479,187,1778771355778
5666495530,那遗失的青春719,Female,https://wx2.sinaimg.cn/orj480/006bu2lcly8gcthuir3jsj30ro0rogpj.jpg,一花一世界，一叶一追寻。一曲一场叹，一生为一人。,,4336,4039,1778771359261
5726262179,热爱生活的宋声声,Female,https://wx4.sinaimg.cn/orj480/006fwOnply8huchneo0owj306o06oq2x.jpg,瞎嗑 帅哥都是我墙头。冲浪信条：没有伤害任何人，所以不应该不开心😊,,809,725,1778771362648
7442483868,殇雪清辰-亲签限定版,Male,https://wx4.sinaimg.cn/orj480/0087FU2oly8id35ntxai6j30u00u0q5k.jpg,唯粉❗️不呼❗️不接受教育家❗️ 双无痕会拉黑❗️,,1471,2.2万,1778771366089
7850221632,小鱼鱼鱼鱼鱼yuyuyu,Female,https://wx3.sinaimg.cn/orj480/008zgJfWly8i0c17ktur8j30u00u0tca.jpg,素材来自网络，超爱莎头,,2489,3.6万,1778771369524
7440091370,Crystalw_Remedy,Female,https://wx3.sinaimg.cn/orj480/0087vRDIly8ichspnccujj30ty0u0q8j.jpg,☁️,,80,2,1778771372955
2858012720,快乐没有彩排,Male,https://wx1.sinaimg.cn/orj480/aa59d030ly8i64v4kz3g3j20u00u0q8e.jpg,,,337,20,1778771376383
6435045659,简单音乐,Female,https://wx2.sinaimg.cn/orj480/0071uNl1ly8gdimoplrsvj30e80e8weu.jpg,vx：edc88vip 既然琴瑟起 何以笙箫急,,568,18.3万,1778771379803
7820635580,南宫碗hah,Male,https://wx2.sinaimg.cn/orj480/008xgAzyly8ibmuokvfq0j30u00u0q67.jpg,新之助先生是一个明明很体贴却不够坦率的人。,,829,1825,1778771383231
6760251418,奔窜求存,Male,https://wx1.sinaimg.cn/orj480/007nvkdcly8ibzlys5shuj30u00u0taz.jpg,生命不息 折腾不止,,223,36,1778771386617
1428708077,司马中原同学,Male,https://ww3.sinaimg.cn/orj480/55285aedjw1e8qgp5bmzyj2050050aa8.jpg,学佛读书骑车踢球打球。,,1402,1831,1778771390033
2104790901,Hello_是大A啊,Female,https://wx2.sinaimg.cn/orj480/7d748f75ly8icuw6ekg0xj20qo0qoq5i.jpg,家有两可爱女娃😘,,866,3848,1778771393469
1741124047,梁伽之蔚,Male,https://wx1.sinaimg.cn/orj480/67c771cfly8fik2n0jk3sj20ro0rojtp.jpg,喜欢摄影，视频剪辑。美好生活需要定格，更要记录。,,4250,6.7万,1778771396869
7892833522,欣c美式,Female,https://wx1.sinaimg.cn/orj480/008C9wyuly8icuzqxbcwdj30u00u0767.jpg,微博是我的厕所 你审判我的微博就是在吃我的屎 ​​​,,350,31,1778771400360
7630182341,烊小鱼_,Female,https://wx4.sinaimg.cn/orj480/008knsZ7ly8i52xr34rn0j30e80e8js3.jpg,一直喜欢小烊,,36,2,1778771403795
2024857661,云南曾颖,Female,https://ww1.sinaimg.cn/orj480/78b0e03djw1e8qgp5bmzyj2050050aa8.jpg,生活小百科，记录昆明物价，记录昆明生活，分享云南美好,,666,4.5万,1778771407309
3570312160,子小水苜,Female,https://wx4.sinaimg.cn/orj480/d4cea3e0ly8g3nkj1bpohj20u00u075s.jpg,,,364,154,1778771410769
7615095760,小吴冲浪热线,Male,https://wx3.sinaimg.cn/orj480/008jmahaly8ibzewm9g51j30u00u040b.jpg,遵循本心 分享世界 愿所愿皆所成,,143,932,1778771414175
7883094560,优雅的跟随者,Female,https://wx1.sinaimg.cn/orj480/008BuF0sly8hui9vit0jyj30qn0qn77e.jpg,,,231,17,1778771417575
1778414481,烊烊叻叻崽,Female,https://wx4.sinaimg.cn/orj480/6a007391ly8ibzkrdr70ij20u00u0jt1.jpg,玺宝女,,89,691,1778771420990
2011820460,浮笙,Female,https://wx1.sinaimg.cn/orj480/77e9f1acly8i4yhi9gig4j20tz0u0wgv.jpg,谁的青春不迷茫 谁的大腿不怕凉,,534,9507,1778771424438
3024909812,赫赫小公,Female,https://ww1.sinaimg.cn/orj480/b44c75f4jw8f2dqi68h17j20hs0hsaas.jpg,,,265,1214,1778771427891
5287984174,多米鱼贝贝,Female,https://wx1.sinaimg.cn/orj480/005LRQfkly8i62ms3i60gj30dc0dct8x.jpg,分享母婴育儿小知识，喜欢的点点关注吧❤️❤️,,3433,5.6万,1778771431360
7827656076,米粒56锦鲤,Female,https://wx3.sinaimg.cn/orj480/008xK2Vmly8hi4ajep3evj30pz0pz75h.jpg,安利片博主偏包容，不喜欢勿看，不好意思接投稿接商单,,7100,2.3万,1778771434764
5412864811,SBNSNSKK-,Male,https://wx4.sinaimg.cn/orj480/005UjPp9ly8ic7xmqea6jj30u00u0799.jpg,방탄소년단⁷,,528,454,1778771438166
7951000386,锦鲤颜颜a,Female,https://wx2.sinaimg.cn/orj480/008G5ApIly8i6ukcxrr6wj30u00u0jtz.jpg,月光碎成星屑，我在碎银里种出一朵永不凋零的春,,3261,441,1778771441612
5869365045,朴真山君,Female,https://wx4.sinaimg.cn/orj480/006pdfY9ly8gj5hlccc1sj30u00u0goo.jpg,,,329,95,1778771445022
6162926109,沕涌潇师妹_3,Female,https://wx2.sinaimg.cn/orj480/006J50C1ly8iahg1iun8sj30u00u0dhu.jpg,唯爱中国。🇨🇳  美美与共，和合共生。❤️努力做一个正能量的搬运工。,,8293,1.2万,1778771448512
7809939120,玫瑰厚抹,Female,https://wx4.sinaimg.cn/orj480/008wxHW0ly8icw1h75p3qj30jg0jgab0.jpg,也许是天气,,588,2286,1778771451913
7794791148,ARs-Forever,Male,https://wx2.sinaimg.cn/orj480/008vw9fSly8h6y4lizqubj30u00u0t9w.jpg,,,145,52,1778771455321
7720336322,是只臭屁猪丶,Female,https://wx4.sinaimg.cn/orj480/008qtK9Aly8hfzxik35ooj30u00u0adj.jpg,🛵......ᴅᴜᴅᴜ！关于福宝，所有来源于小🍠,,684,15.2万,1778771458806
7933823929,唯凌知羽_,Female,https://wx4.sinaimg.cn/orj480/008EVw25ly8ibba0kcqk3j30mm0mm75n.jpg,來看你爹了？,,493,1990,1778771462224
1775379735,近城整木,Male,https://wx2.sinaimg.cn/orj480/69d22517ly8icvspls9e7j20u00u0jti.jpg,,,252,657,1778771465686
6719842550,我今天不吃乌鸡卷,Female,https://wx3.sinaimg.cn/orj480/007kLM1ggy1id56c31pbxj30u00u0gnf.jpg,虞书欣全肯定,,762,112,1778771469074
6820265621,立志拯救世界的少年,Male,https://wx2.sinaimg.cn/orj480/007rz8Edly8fwx44qmx8aj30ru0rudgi.jpg,,,115,56,1778771472457
5414509426,妖慧慧,Female,https://wx1.sinaimg.cn/orj480/005UqJfcly8i0nby8og9vj30u00u0di5.jpg,戒骄戒躁戒熬夜，宽人宽己宽天地,,4363,1万,1778771475900
7273818835,雾散时风起_iy,Female,https://wx2.sinaimg.cn/orj480/007WgcyDly8icanvztkb3j30u00u0adc.jpg,所有的热爱都要努力奔赴,,1024,452,1778771479401
7971996229,韩佳秋CharlesHan,Male,https://wx4.sinaimg.cn/orj480/008HvGolly8hx6dapovywj30go0godhm.jpg,15906525509 hanjiaqiu.com,,448,75,1778771482805
2767040747,百变_IX,Female,https://wx2.sinaimg.cn/orj480/a4edb0ebly8iaysw18z8oj20u00u0tau.jpg,立场田栩宁,,847,2698,1778771486240
5701093306,-秋燥,Female,https://wx3.sinaimg.cn/orj480/006dPcNQly8ic7kqdsu3pj30u00u0n1j.jpg,从你的门阶望去，世界一览无余🍂,,1408,294,1778771489695
7366623777,玲子变身锦鲤,Female,https://wx4.sinaimg.cn/orj480/0082xBmxly8i0orm1se89j30qo0qogms.jpg,锦鲤好运！笑口常开好彩自然来！,,2615,1181,1778771493150
7755908482,我是一包酸奶疙瘩,Female,https://wx2.sinaimg.cn/orj480/008sT066ly8ichnrrwj4oj30u00u0ad4.jpg,,,27,2056,1778771496591
1661910033,最后一支多巴胺,Male,https://wx2.sinaimg.cn/orj480/001OtcIxly8gun3vur29lj60u00u0taz02.jpg,急诊科医生。《最后一支多巴胺》、《黎明的光》作者。,,1807,109.1万,1778771500038
6203869369,YYL天空,Male,https://wx2.sinaimg.cn/orj480/006LQNPbly8gquu4dwgi3j30ru0ru75z.jpg,你问风..为什么托着候鸟飞翔..却又吹得让它慌张...,,70,68,1778771503418
6204206654,皮特-格里份,Female,https://wx1.sinaimg.cn/orj480/006LSdzgly8i3jjuxggk9j30e80e8gm7.jpg,爱尔兰裔美国人，Peter Griffin，居住在的罗德岛圆蛤镇、啤酒厂运输工人，蓝领阶层。,,60,21,1778771506850
7611160288,长夜将明BR,Female,https://wx1.sinaimg.cn/orj480/008j5EtOly8hw2vphvgsnj30q40q4jt3.jpg,人心难测，以窥众“声”​ 如有侵权，私信删除,,737,10.6万,1778771510277
9053961678,Everleaf869,Female,https://wx2.sinaimg.cn/orj480/009SJv1Yly8icdkghv2q4j30u00u0wk4.jpg,,,2,1,1778771513732
6601747095,田果酱专属烤肉屋,Male,https://wx3.sinaimg.cn/orj480/007cMfZRly8icw97rvxyfj30u00u0myw.jpg,人生如果没有田柾國就没有意义(;´༎ຶД༎ຶ`)(;´༎ຶД༎ຶ`)(;´༎ຶД༎ຶ`),,76,53,1778771517135
6179392408,一粒种子在发芽,Female,https://wx1.sinaimg.cn/orj480/006Kc6fuly8hwjf1dh26nj30dw0dwt9x.jpg,,,642,50,1778771520655
7679955163,头五嗷呜w喵,Female,https://wx4.sinaimg.cn/orj480/008nKjazly8i80deiy4ffj30u00u0tce.jpg,我们终将重逢⭐️｜别问了炸鸡幸福主义纯溺爱,,204,598,1778771524044
7525519763,坐在窗前南望秦岭,Male,https://wx2.sinaimg.cn/orj480/008dijt1ly8hne77saqqyj30ib0ibt9j.jpg,读书使人增智，感受文字的力量。,,3799,288,1778771527592
9162070912,寒川渡我,Female,https://wx2.sinaimg.cn/orj480/00a037bily8ibre701pgij30qo0qojt9.jpg,,,20,10,1778771531049
8290649378,橘子汽水C-,Male,https://wx3.sinaimg.cn/orj480/00934IDgly4i9ctdpq1dqj303o03odfo.jpg,,,8,2,1778771534522
7222437173,dy十九,Male,https://wx4.sinaimg.cn/orj480/007SMBQ9ly8ibpxuna922j30u00u0ac4.jpg,万事顺遂,,114,73,1778771537942
5697879200,泰兰德只有眼泪和遗憾-媛mango,Female,https://wx4.sinaimg.cn/orj480/006dBIFqly8icpchms795j30u00u0acl.jpg,和光首席唯粉,,440,403,1778771541365
2278438262,狮子头_com,Male,https://ww2.sinaimg.cn/orj480/87ce3576jw8edc4r6weovj20e80e8my1.jpg,_____少年回首怎奈梦已空,,531,5458,1778771544798
2605356681,WuQiulin,Male,https://ss1.sinaimg.cn/orj480/default_avatar_male_180&690,,,309,112,1778771548197
2921220103,呆界躁妈,Female,https://wx3.sinaimg.cn/orj480/ae1e4807ly8hcba8b0k7zj20u00u0adq.jpg,无,,42,23,1778771551673
1934654402,汤甜菜,Male,https://wx3.sinaimg.cn/orj480/73507bc2ly8ibqp9xomgwj20u00u0jtl.jpg,各种腐，日漫日剧泰剧游戏宅。infp，宅到注孤生。😉,,939,1514,1778771555040
2327435330,外星人小豆儿,Female,https://wx2.sinaimg.cn/orj480/8ab9d842ly8hjqdiftu7lj20u00u0diq.jpg,本号，少用，理性追星。0H，小白事业粉，看到辣菜谩骂，低幼无智，直接拉黑！🥰,,1027,289,1778771558507
5686478471,游戏新手亚斯娜,Female,https://wx4.sinaimg.cn/orj480/006cPSOHly8hqhtqjt8qzj30go0gomy8.jpg,游戏新手一枚，像亚丝娜一样去战斗！,,829,27.6万,1778771561937
2588098551,似叶非叶的叶,Male,https://wx2.sinaimg.cn/orj480/9a433ff7ly8g8t7w224snj20ro0ro75e.jpg,,,165,75,1778771565388
2361940503,暗夜降诞,Male,https://ww3.sinaimg.cn/orj480/8cc85a17jw8edftpxmk30j20hs0hsmy8.jpg,普普通通平平凡凡的一生挺好,,103,59,1778771568851
2984215521,发芽的小豆豆-1003,Female,https://wx4.sinaimg.cn/orj480/b1df83e1ly8hz72g7yo7uj20u00u0js8.jpg,一个爱嗑cp的喜欢群像的小女孩💗                        🌟热爱能抵岁月漫长🫶🏻,,1965,215,1778771572246
6887173967,晴天有时下小七,Female,https://wx2.sinaimg.cn/orj480/007w5Sz5ly8ic3zhyq992j30u00u0taf.jpg,镇魂｜我与我周旋久，宁作我,,257,25,1778771575645
5539416196,桌子底下的布偶,Female,https://wx2.sinaimg.cn/orj480/0062SPcwly8ffltn8seaoj30ig0igaau.jpg,别人敬我一尺，我敬他人一丈,,1383,177,1778771579062
1251933173,机仙,Male,https://wx2.sinaimg.cn/orj480/4a9efbf5ly8ht0z90xw66j20fn0fnwff.jpg,一个不知名的科技爱好者 vx：edc88vip,,1024,10万,1778771582479
5143098287,王景文007,Male,https://ww3.sinaimg.cn/orj480/005C3UObjw8eixhu8sljjj30dc0dc0tc.jpg,,,4029,821,1778771585892
2363846763,旗晚吟,Female,https://wx2.sinaimg.cn/orj480/8ce5706bly8ibicbubk9jj20u00u0god.jpg,目前为了养账⭕重，只和阳光信用良好的小伙伴互关哦～信用偏低暂时无法回关，感谢理解啦💛,,329,1562,1778771589330
2345225534,Bryant曼巴魂,Male,https://wx3.sinaimg.cn/orj480/8bc94d3ely8hz8xn79b0lj20u00u0mz9.jpg,莫愁前路无知己，天下谁人不识君,,859,1531,1778771592701
7739906679,蓝月-雨星辰,Male,https://wx4.sinaimg.cn/orj480/008rNRivly8i4h9hhwglfj30u00u0q6a.jpg,,,123,505,1778771596134
6330133439,0痛觉,Male,https://wx3.sinaimg.cn/orj480/006UoASrly8ibdjsd4uwsj30u00u0dhu.jpg,🎶,,697,1807,1778771599495
6023872437,阿巴巴个塞罗那呀,Female,https://wx3.sinaimg.cn/orj480/006zFyoRly8hnp0ku3xyhj30on0onmyd.jpg,喧闹任其喧闹 ，自由我自为之。,,427,26,1778771602885
7481080441,言蹊Marguerite,Female,https://wx4.sinaimg.cn/orj480/008ahQLLly8hrlngroulaj30u00u041i.jpg,二极管走远些，拒绝思想绑架,,81,12,1778771606281
7308869934,云中书贩,Female,https://wx3.sinaimg.cn/orj480/005BHmQ1ly8ib5cjn0818j30u00u0wgk.jpg,我是一个好公民  来我底下评论默认支持我观点 咔我正主被反噬 聚我正主滚出娱乐圈,,3015,2.5万,1778771609744
5110590449,-阿永防永foreverbts-,Female,https://wx3.sinaimg.cn/orj480/005zRw2dly8i4bcgpigllj30u00u0diq.jpg,法全世界，低脂远离我,,1019,2347,1778771613083
5702918160,浩林201509,Male,https://ww2.sinaimg.cn/orj480/006dWRwYjw8f4zep0srelj30hs0hsaan.jpg,出色源於本色｛浩林｝出色源於本色!,,170,198,1778771616457
1807711820,做自己的好盆友,Female,https://wx4.sinaimg.cn/orj480/6bbf7e4cly8hla0xixr5aj20ve0f6wfc.jpg,,,521,1771,1778771619844
7776109601,Hyacinthsf,Female,https://wx3.sinaimg.cn/orj480/008ufLkBly8i3kici0ngoj30u00u1gs7.jpg,,,70,23,1778771623203
6172694351,CC的包崽,Female,https://wx1.sinaimg.cn/orj480/006JJZMjgy1hfkwo5h1y6j30ec0ec74m.jpg,快乐追星人～,,516,1.1万,1778771626643
7823461404,日升北海南,Female,https://wx2.sinaimg.cn/orj480/008xsrHmly8i60cfhw1gqj30tz0u076w.jpg,,,172,25,1778771630042
2502869144,BaoFamilyBell,Male,https://wx3.sinaimg.cn/orj480/952ec098ly8iczlpfn4qlj20u00u0n14.jpg,,,465,2,1778771633481
1741882667,涛财神,Male,https://wx3.sinaimg.cn/orj480/67d3052bly8hf97kfzo87j20e80e8q3q.jpg,低调可以一生❤️‍🔥高调随时奉陪,,565,20万,1778771636841
1842103225,很白很白的小白,Male,https://wx1.sinaimg.cn/orj480/6dcc43b9ly8hi5tx4n43ij20u00u0tc4.jpg,KY,,577,270,1778771640385
7676484496,GHM人生,Female,https://wx2.sinaimg.cn/orj480/008nvKi4ly8gtn0pd6r7vj30ro0rogsb.jpg,,,5348,1318,1778771643905
3489690481,丝ssgirl,Female,https://wx2.sinaimg.cn/orj480/d0007371ly8hn83fhngmgj20u00u075r.jpg,我是被邓为翻牌的小女孩👧🏻邓丝丝💎,,1719,1.5万,1778771647264
6605497189,醉美好_,Female,https://wx3.sinaimg.cn/orj480/007d1Zzfly8hog0oasi4gj30u00u0juf.jpg,੭,,151,1.1万,1778771650629
3901934993,工设野火,Male,https://ww1.sinaimg.cn/orj480/e892cd91jw1eb3xdusgraj20fx0g0wfk.jpg,进步的制造业，发展的工业设计，不退！,,961,436,1778771653992
9172274603,海底椰椰yeah,Female,https://wx3.sinaimg.cn/orj480/00a0JVCXly8id1volgkf1j30u00u0add.jpg,,,13,3,1778771657352
6328746350,梨花想去洱海修仙-,Female,https://wx3.sinaimg.cn/orj480/006UiM22ly8icw0oingzgj30u00u0tak.jpg,FAM+ILY : FAMILY -FAM I LOVE YOU ❤️                      第一位永远是GD🐉」 竞体支持孙颖莎王楚钦（看过线下版）🤲🏻,,595,2163,1778771660707
6640569441,妹系学论,Male,https://wx4.sinaimg.cn/orj480/007fp9sJly8id59ykjy1rj30u00u0mzj.jpg,,,897,2.3万,1778771664068
2280268854,小_小婷_婷,Female,https://wx4.sinaimg.cn/orj480/87ea2436ly8icvdwqesy5j20re0req52.jpg,不忘初心，才能始终。,,102,67,1778771667454
5665297910,神夜祭司,Female,https://wx4.sinaimg.cn/orj480/006bp0MKly8i320bibgd1j30u00u0dho.jpg,,,111,129,1778771670848
5073804860,普通市民爱生活,Female,https://wx4.sinaimg.cn/orj480/005xnaqgly8hx6glsjvbcj30ic0icmz8.jpg,主页看不了~,,3765,607,1778771674256
6898537775,用户6898537775,Female,https://wx1.sinaimg.cn/orj480/007wRyOjly8gljlkl818fj30b40b4q2p.jpg,无论花期早晚，重要的是，我们都在向着阳光，汲取雨露，努力生长。——  ​​​允许自己是一朵晚开的花🐷🐰🐮,,1206,51,1778771677642
6274861580,我是格格巫2000,Female,https://wx4.sinaimg.cn/orj480/006QEG8Qly8icvtghd1boj30dw0dwq43.jpg,爱我所爱，行我所行，听从内心，无问西东 …,,302,158,1778771681007
2243572322,掉入一片喧嚣,Female,https://wx2.sinaimg.cn/orj480/85ba3262ly8ibvmicohe2j20rh0rhdhn.jpg,幸福无限蔓延,,1293,3635,1778771684447
6585123422,小周小周乐悠悠U,Female,https://wx1.sinaimg.cn/orj480/007bEvq6ly8i2l6mw9q7qj30e80e8t9f.jpg,随便发发 感谢你的关注,,621,2560,1778771687810
7753316529,红海,Male,https://wx2.sinaimg.cn/orj480/008sI7Oply8id50reedlhj30u00u0acs.jpg,对战的爱与信任是100%（只追战，不追星）唯！,,1429,1283,1778771691164
8489819456,善解长颈鹿做甜品,Female,https://wx1.sinaimg.cn/orj480/009gypRSly8ias3cusvkej30dw0dwq3a.jpg,,,48,1,1778771694569
7800125129,言子要喝烫水,Female,https://wx1.sinaimg.cn/orj480/008vSwRPly8ibxiq90pyhj30u00u0wg3.jpg,李昀锐全肯定 看我默认同意我所有观点 拉踩全部反弹,,692,1626,1778771697920
2564132715,結絾明日桜,Female,https://wx3.sinaimg.cn/orj480/98d58f6bly8ici019s6eij20u00u0q5v.jpg,直搜“属性帖”！我想发什么就发什么！慎关！互关请sx，直观看不到☺️不开访客别看了,,1736,3.6万,1778771701232
1741331803,加州樱桃子,Female,https://wx3.sinaimg.cn/orj480/67ca9d5bly8gqdeiapv06j20u00u0dis.jpg,,,105,94,1778771704591
6585382319,愁杀客儿行,Female,https://wx2.sinaimg.cn/orj480/007bFALRly8i766lp570qj30u00u0wh6.jpg,杀不死我的都会成为我的文学素材,,122,5,1778771708009
7895921289,孔明诸葛亮,Male,https://wx3.sinaimg.cn/orj480/008CmtPbly8hlvoovtix6j30u00u0wg8.jpg,淡泊明志，宁静致远。运筹帷幄之中，决胜千里之外，助明主兴汉室！•𝒜ℐ🌟,,5863,7.3万,1778771711389
5938472022,情绪拾光者,Male,https://wx1.sinaimg.cn/orj480/006tTdQOly8ibsrlxruaej30jg0jgwfa.jpg,把零碎情绪归置，在时光里慢慢自愈。,,83,82,1778771714876
6606981256,JackyZ_thebest,Male,https://wx2.sinaimg.cn/orj480/007d8dDOly8i2x3xmi6n4j30u00u0795.jpg,周峻炜,,812,512,1778771718263
5507863674,plumtree10,Female,https://wx3.sinaimg.cn/orj480/0060KqWSly8i62rwjf0pfj30si0sin4y.jpg,生命无常，随遇而安,,2380,540,1778771721727
2490734504,老王谈改革,Male,https://wx2.sinaimg.cn/orj480/947597a8ly8hj8wtuu5saj2095095weh.jpg,原用网名“诸子百家之一”，现实姓实名：王福生。研究员，长期从事基于中外改革历史比较研究的改革学，寻找改革历史规律，寻找有益未来的启迪。,,1425,22.3万,1778771725030
7198036796,森挽崽崽,Female,https://wx2.sinaimg.cn/orj480/007R8ebGly8ibr3nkrkfoj30u00u041f.jpg,一个不知道怎么被定义的人，所以别来定义我。别贴脸，贴脸默认你蒸煮噶了。素质不详遇强则强。蹭≠粉 单取lh,,2562,1.7万,1778771728384
5780742944,吃瓜者号,Male,https://wx2.sinaimg.cn/orj480/006jdpjqly8hofpm3med6j30qd0qdq6f.jpg,,,103,140,1778771731723
9122868913,浔椿肆沅,Female,https://wx3.sinaimg.cn/orj480/009XoCWZly8id5aqybh4bj30uv0u0q6y.jpg,向流星許願一個永遠沒有悲傷の明天,,169,757,1778771735055
6854795996,大圣之道心,Male,https://wx3.sinaimg.cn/orj480/007tU1zKly8hucmhz0bdqj30u00u079r.jpg,,,27,21,1778771738441
6364556474,Jessiedu2020,Female,https://wx3.sinaimg.cn/orj480/006WJ1SGly8go9d3wfuedj30e80e874l.jpg,,,1160,24,1778771741774
7899021283,若相遇则楠相忘,Female,https://wx4.sinaimg.cn/orj480/008Czuh5ly8hm1ldruqikj30k00k0dgt.jpg,,,39,1,1778771745108
1853005193,天鼬itachi,Male,https://wx2.sinaimg.cn/orj480/6e729d89ly8gwds1e097aj20u00u0q7q.jpg,自宅一只 个人号 日常咸鱼 找图要图 或者有其他疑问直接私信就好,,2138,54.1万,1778771748446
7117516231,原动力ww,Female,https://wx4.sinaimg.cn/orj480/007LGn6Tly8i6rx7tn26yj30u00u0wgu.jpg,光速奔跑的年代，美都太骨感,,2047,192,1778771751836
7847976723,来杯冰美式420,Female,https://wx3.sinaimg.cn/orj480/008z7jfJly8i4fjibdvsaj30ro0roade.jpg,我比流言蜚语更早认识你@M鹿M,,111,65,1778771755206
7905009121,雪雪酱yaya,Female,https://wx4.sinaimg.cn/orj480/008CYBZ7ly8icvxa4nmaej30u00u0abt.jpg,唯爱张凌赫❤️,,505,1.1万,1778771758567
7405250975,入眉入心,Female,https://wx4.sinaimg.cn/orj480/00859G3Rly8hkk3izvseqj30go0go40c.jpg,,,90,2,1778771761949
2914316215,雨之媚,Female,https://wx1.sinaimg.cn/orj480/adb4efb7ly8hqfm0nd31fj20u00u0aca.jpg,发扬中医，治疗疑难杂症。,,5000,14.3万,1778771765313
7752618110,7dllxn,Female,https://wx1.sinaimg.cn/orj480/008sFc7Aly8icxxvemyvqj30qo0qowgw.jpg,+°♡镇魂｜不知道正规军是什么 只知道守护心肝是我的使命 不是锐因批❗️举报我的替我挡灾 下家别看我主页了😂有访客记录直接毕业🎓,,3502,3087,1778771768662
7437476114,放轻松莫焦虑,Female,https://wx2.sinaimg.cn/orj480/0087kTialy8i85kz2qdacj30u00u0wfi.jpg,长路绵延，我们共赴。Only for JacksonYee,,608,84,1778771772027
7954239162,月影緋桜,Female,https://wx3.sinaimg.cn/orj480/008GjaY2ly8i75z9tzs1jj30u00u0go0.jpg,喜欢正直良善、努力刻苦的人    XXP和BS离我远点,,135,5,1778771775423
2861575295,璐璐lulufmn,Male,https://wx1.sinaimg.cn/orj480/aa902c7fly8h3ullkauw2j20e80e8aak.jpg,摄影博主,,1023,1.4万,1778771778882
7752260321,煜煜呆呆星,Female,https://wx2.sinaimg.cn/orj480/008sDH2Nly8icy7m5bk40j30u00u0n04.jpg,东东是全世界最棒的小孩,,634,1.2万,1778771782262
3939428236,发财2099,Female,https://ww4.sinaimg.cn/orj480/eacee78cgw1elpnt0jpvlj20bv07p0tc.jpg,逆风如解意，多赚人民币～,,4838,347,1778771785628
7998711257,HHH11223_YUAN1,Female,https://wx4.sinaimg.cn/orj480/008JjMbTly8i1jytqg1t4j30u00u0gnx.jpg,,,40,2,1778771788988
6960467939,沉暮挽歌,Female,https://wx4.sinaimg.cn/orj480/007B3pFVly8icmlcddtx7j30u00u041z.jpg,顺我者，法爽。逆我者，法死。,,1346,1.4万,1778771792345
7929493195,看蝴蝶飞走啦,Female,https://wx4.sinaimg.cn/orj480/008EDlpxly8iatwr6es3cj30u00u0taf.jpg,｜会为了我的心肝 一次次的开麦,,429,285,1778771795700
1747150823,深圳县令,Male,https://wx3.sinaimg.cn/orj480/682367e7ly8fgt1568xmhj20ry0ryabo.jpg,职业投资者,,907,173万,1778771799084
7877462232,泡鲁达加点美味Cc,Female,https://wx3.sinaimg.cn/orj480/008B71Msly8ibk3omv84ij30u00u078f.jpg,菲包我的宝宝,,98,28,1778771802485
7893571270,花期电子刊,Female,https://wx3.sinaimg.cn/orj480/008CcCtEly8ici68xdz2yj30u00u0jsl.jpg,个人博 禁搬运 不混圈| 不要在猜我了,,899,3.9万,1778771805844
2890836770,水瓶橘子,Female,https://wx3.sinaimg.cn/orj480/ac4eab22ly8hsn6ei2f2lj20e80e874m.jpg,Stay with you,,702,4330,1778771809215
7606618082,冬绒兔,Female,https://wx2.sinaimg.cn/orj480/008iMAQqly8i6zh2t1cryj30u00u0wg5.jpg,/ᐠ - ˕ -マ Ⳋ,,837,1478,1778771812549
1481516623,testdemo213,Male,https://wx2.sinaimg.cn/orj480/584e264fly8gns3qlk4z8j20rs0kvabt.jpg,路人甲,,1013,813,1778771815934
6457307019,迷路的糯米熊,Female,https://wx3.sinaimg.cn/orj480/00730cxdly8icf09sl7zij30u00u0js2.jpg,jump！ 商务联系 mmf9893,,522,94.1万,1778771819276
8015625554,戴萌爱吃橘子,Female,https://wx3.sinaimg.cn/orj480/008KsKn8ly8ic1eya344aj30u00u1q5c.jpg,,,115,2,1778771822668
7463225652,Muse_蔻蔻v,Female,https://wx1.sinaimg.cn/orj480/00894VVily8icvyyfo3v9j30u00u075q.jpg,偷窥我主页的人把我的霉运通通吸光,,599,29,1778771826044
6004692224,体贴的佳宝宝,Female,https://ss1.sinaimg.cn/orj480/default_avatar_female_180&690,,,59,1,1778771829447
6871660168,我做的饭真的很难吃,Female,https://wx4.sinaimg.cn/orj480/007v2MIwly8ibn3cmdic9j30sg0sg0vg.jpg,gay lgbt 镇魂防搜防窥 les 🌈🙂🙂🙂,,874,114,1778771832856
1873790375,恬欣欣恬,Female,https://wx1.sinaimg.cn/orj480/6fafc5a7ly8i3lidvw982j20u00u042h.jpg,无敌巨可爱的欣欣 生活随记 不喜请绕道,,907,1956,1778771836222
7975571432,豪爽泡泡爱阅读,Male,https://wx1.sinaimg.cn/orj480/008HKGsUly8hxk38prc3cj30dw0dwaal.jpg,,,100,63,1778771839608
6111242604,TRMRSZD,Female,https://wx3.sinaimg.cn/orj480/006FA9n6ly8i2e8oihc2qj30ld0ldgn6.jpg,恶霸但防弹少年团全肯定,,117,284,1778771842933
7979327447,眠眠子_o,Female,https://wx1.sinaimg.cn/orj480/008I0rzNly8icmc7b9eutj30u00u0jv6.jpg,,,235,38,1778771846361
3305800797,改个名不知叫啥,Male,https://wx3.sinaimg.cn/orj480/c50a845dly8hwweqsbhycj20u00u0wg4.jpg,吃瓜群众,,1114,291,1778771849661
6414494768,凸凹一凹凸一凹凸,Male,https://wx4.sinaimg.cn/orj480/00706z72ly8flzxlsz3tyj30e80do751.jpg,,,184,126,1778771853004
1878290113,嘭乐开怀,Female,https://ss1.sinaimg.cn/orj480/default_avatar_female_180&690,,,322,35,1778771856392
1430629423,pink查克拉,Female,https://wx2.sinaimg.cn/orj480/5545ac2fly8gdi675670qj20ro0rojso.jpg,做一天甜美系 爷 看我 看我,,2746,16.6万,1778771859770
2823995654,洋茜茜620,Female,https://wx1.sinaimg.cn/orj480/a852c106ly8fjgzzi2xukj20dn0e8752.jpg,,,1316,199,1778771863182
4062539375,自渡不渡人啊,Male,https://wx2.sinaimg.cn/orj480/f2256e6fly8i8izr3qxjkj20u00u0n11.jpg,,,74,21,1778771866512
7505223378,是你的太阳Aii,Female,https://wx1.sinaimg.cn/orj480/008bV9rYly8hz1kes92lnj30sg0sggnx.jpg,🎉天天开心,,3958,1100,1778771869893
6687789302,栗町熊,Female,https://wx1.sinaimg.cn/orj480/007iBhvoly8i2ltr7xpdsj30tf0tfn1r.jpg,一只想睡觉的熊,,1232,172,1778771873235
6668166620,淚猫头,Male,https://wx3.sinaimg.cn/orj480/007hgWKwly8icxrqxrv3ej30u00u0adf.jpg,不玩 双随意,,1408,3631,1778771876614
6481422159,见巫山不见云,Female,https://wx3.sinaimg.cn/orj480/0074DnZ5ly8ibmjh73tskj30u00u0778.jpg,爱赢万难,,509,2672,1778771879959
7960289922,櫻民存渽,Female,https://wx4.sinaimg.cn/orj480/008GIz2Wly8id3wxz0rslj30u00u0die.jpg,少来管我。🈚️任何粉籍。自由发言。你破防自己滚远点就行。,,353,95,1778771883306
1932847787,Mr维森特,Male,https://ww2.sinaimg.cn/orj480/7334eaabjw8ejo4clujtmj20hs0hs0t2.jpg,,,491,133,1778771886717
3181170011,波猪i,Male,https://wx1.sinaimg.cn/orj480/bd9ccd5bly8gorxpmlbdgj20ro0rot9t.jpg,戴上耳机 世界才会出现,,300,11.6万,1778771890054
7348767246,Wsxcvbjo,Female,https://wx4.sinaimg.cn/orj480/0081kG3Yly8ic8cu6sn7kj30u00u00vx.jpg,没人想要了解你的精神世界,,543,887,1778771893420
7885421966,拉布拉布多拉多,Male,https://wx4.sinaimg.cn/orj480/008BEqtgly8hr36t1v2uyj30go0goaar.jpg,幼稚园新同学εïз,,1383,160,1778771896770
2523060021,骆驼快乐的坚持,Female,https://wx3.sinaimg.cn/orj480/9662d735ly8hsy2ru6emwj20u00u0q68.jpg,没心没肺活的不累,,1528,462,1778771900120
3174194027,云上丨丶,Male,https://wx1.sinaimg.cn/orj480/bd325b6bly8grnjhk0x1vj20u00u077x.jpg,,,37,32,1778771903528
7815552044,海盐小饼干200,Female,https://wx3.sinaimg.cn/orj480/008wVg72ly8ibr54hd96nj30u00u0gqt.jpg,铁血团粉 时代少年团永远在一起！ 追星就是开心最重要！  希望小时一直健健康康！快快乐乐！,,1107,228,1778771906919
5379600726,木木43866,Female,https://wx1.sinaimg.cn/orj480/005S4fTEly8hxflur0cl8j30u00u0tby.jpg,。。。,,711,154,1778771910312
7052760219,住在布拉格的守望者,Female,https://wx2.sinaimg.cn/orj480/007HiF75ly8hvzno44e39j30sg0sgjs8.jpg,在那莲花盛开的地方，到处都是美丽的火星人,,495,3660,1778771913702
7521726054,菁榆屿,Female,https://wx2.sinaimg.cn/orj480/008d2oyaly8id3yy77uydj30u00u0ac4.jpg,Anonymous letter,,1067,1.1万,1778771917076
5715625428,YoYO_GoUp,Female,https://wx3.sinaimg.cn/orj480/006eObgUly8ibkrunwjuyj30tu0tuq5b.jpg,This for you.,,261,24,1778771920435
5543804403,睡醒就开心ko-好运降凌版,Female,https://wx2.sinaimg.cn/orj480/0063beM3ly8ica9rf1kgxj30mq0mqq4l.jpg,不计划太多反而能勇敢冒险.,,604,1.2万,1778771923765
7444293798,Whisper_玊尔_,Female,https://wx1.sinaimg.cn/orj480/0087NuSOly8icp1uejgw2j30e80e8aak.jpg,❤️,,904,331,1778771927116
1826941121,千里无草,Male,https://ww2.sinaimg.cn/orj480/6ce4e8c1jw1e8qgp5bmzyj2050050aa8.jpg,,,515,279,1778771930487
1696445532,steninglee2012,Male,https://wx3.sinaimg.cn/orj480/651db45cly8h83r3kuenhj20qo0qm75n.jpg,做自己,,112,122,1778771933863
1681176012,韩庚吧_官方粉丝后援会,Male,https://wx1.sinaimg.cn/orj480/6434b5ccly8ibay62vzzrj20u00u00vu.jpg,韩庚官方后援会，有事联络请私信！  【从前至未来，只为@韩庚 】,,108,21.8万,1778771937234
5642650556,为什么不可以让我用饭团做昵称,Male,https://wx2.sinaimg.cn/orj480/0069RZaQly8i8bv4sd34tj30u00u0go3.jpg,😐,,386,84,1778771940617
5121590819,思绪梨,Female,https://wx4.sinaimg.cn/orj480/005ABFJxly8ictrx5qmv7j30u00u076s.jpg,被修掉的请联系我,,2595,1.4万,1778771944059
7701806777,金陵大喵,Male,https://wx2.sinaimg.cn/orj480/008pdZLXly8gulsc9vmrpj60go0gomxx02.jpg,哼哼,,293,161,1778771947509
2469853180,泰妮的追剧日常,Female,https://wx3.sinaimg.cn/orj480/9336f7fcly8ictu0aln6fj20u00u00ws.jpg,单曲直接lh，无雷无属性，纯看剧，吵架的别来。,,1318,1339,1778771950910
7940923585,香芋小苏饼,Female,https://wx1.sinaimg.cn/orj480/008FpiYFly8ic8vvdr3ejj30u00u0ada.jpg,我的小狗天下第一,,1282,1.1万,1778771954243
6136614971,阳光小小玥,Female,https://wx1.sinaimg.cn/orj480/006HiBSPly8i4bkmwhba2j30u00u00vd.jpg,❤️我依然站在爱你的地方❤️,,2021,1.3万,1778771957566
2409356484,李冬和,Male,https://wx1.sinaimg.cn/orj480/8f9bdcc4ly8gevwszs80qj20u00u0gpu.jpg,要做个妖孽般的存在,,310,103,1778771960943
5710941619,好菁菁,Male,https://wx3.sinaimg.cn/orj480/006euwNBly8hoi9avqphmj30u00u079e.jpg,,,1643,658,1778771964330
2216319280,财小简,Female,https://wx3.sinaimg.cn/orj480/841a5930ly8i0muw9n4e2j20u00u0abj.jpg,但行好事，莫问前程。,,7621,1.6万,1778771967692
5784599436,柯拉松莉莉,Female,https://wx2.sinaimg.cn/orj480/006jtAyUly8gdilsy4iznj30e80e80t6.jpg,火影忍者对海贼王说 我先走了,,2080,144,1778771971037
5870461224,灵谌尽处,Male,https://wx1.sinaimg.cn/orj480/006phR8sly8glnb5pbz9wj30ro0roq6i.jpg,青鸾衔玉诏，云外有真言,,110,197,1778771974430
7917389081,-菠萝妍水my,Female,https://wx2.sinaimg.cn/orj480/008DOyzTly8ia8sumi9otj30u00u0jty.jpg,,,71,26,1778771977811
1803827157,淮北的橘子皮,Male,https://wx1.sinaimg.cn/orj480/6b8437d5ly8i6foe4ac0wj20sg0sgwhp.jpg,想要自由的生活,,1449,3222,1778771981189
7315114803,巧克力梦女lu,Male,https://wx3.sinaimg.cn/orj480/007Z3twDly8id1wdx8djrj30u00u0n0d.jpg,我不知道我不知道我真不知道。,,157,74,1778771984535
9139809858,大吉大利的唐三,Male,https://wx3.sinaimg.cn/orj480/009YxI42ly8i4yi73dks6j30u00u0t9u.jpg,,,2,11,1778771987884
7538093066,大鲨鱼嗷呜一口你,Female,https://wx4.sinaimg.cn/orj480/008e94mely8gmzwfvboroj30ro0ro769.jpg,你怕鲨鱼嘛,,199,239,1778771991312
7371245276,faye8988,Female,https://wx3.sinaimg.cn/orj480/0082QZCQly8hq0j01hnbcj30e80e8t95.jpg,,,164,1604,1778771994666
1280220593,夜行小夜猫,Female,https://wx4.sinaimg.cn/orj480/4c4e9db1ly8icuh5lmb8fj20u00u0jto.jpg,Nininif颜,,524,767,1778771998053
5557091575,real777real,Female,https://wx1.sinaimg.cn/orj480/00644Znhly8ica8phg25bj30u00u0mzy.jpg,大爱之人 无所畏惧,,1117,1.3万,1778772001394
5213716249,wooook_罗伯特猎手,Male,https://wx3.sinaimg.cn/orj480/005GQdLzly8i5i71vovmjj30u00u0wfk.jpg,世界是有尽头的，在南方洋流的末端里，冰山漂浮，云和水一起冻结。,,89,80,1778772004750
2134682401,阿狸马修兔的fans316,Female,https://wx2.sinaimg.cn/orj480/7f3cab21ly8hxshezhz8bj20u00u0acq.jpg,少管闲事，寿命更长！远离认知低下的东西！极度厌蠢症！,,1318,608,1778772008182
9176845743,随处找饭吃版,Female,https://wx4.sinaimg.cn/orj480/00a136N1ly8id45ypyesfj30u00u0di1.jpg,老存全肯定‖喜欢碎碎念…,,385,24,1778772011521
7242655245,岁隐言时,Male,https://wx4.sinaimg.cn/orj480/007U9ru5ly1icw6hpd63mj30f00f0wet.jpg,为爱变成正规坤,,3047,2.2万,1778772014923
5237099979,你的好友上线了1128,Female,https://wx2.sinaimg.cn/orj480/005IqkWvly8flr70okgwkj30yi0xkn0j.jpg,唯易,,210,180,1778772018350
7870262805,一糯金梨,Female,https://wx4.sinaimg.cn/orj480/008ACOSFly8id56ggacokj30u00u0wgj.jpg,日日行不怕千万里，天天讲不吝千万言，时时做不惧千万事。,,1086,1.4万,1778772021714
7745495201,夏至的野心,Female,https://wx2.sinaimg.cn/orj480/008sbj7Xly8hydhgkaukdj30ou0ouwfh.jpg,喜欢吃美食🍱.,,37,10,1778772025102
5867908093,Youngs_等云来版,Female,https://wx2.sinaimg.cn/orj480/006p78WVly8iaezcyho8aj30nm0nmq3y.jpg,ᵉ‿ᵉ✧ ​​​,,693,2.2万,1778772028417
1045224682,马先森2026,Male,https://wx1.sinaimg.cn/orj480/3e4cdcealy8ia0fnpbujij20dw0dwdgj.jpg,平安,,2186,2292,1778772031798
7675623106,零幼痛-,Male,https://wx2.sinaimg.cn/orj480/008ns8cGly8id58azy1omj30u00u077m.jpg,Daniel啊！出道顺利！！！🦁直关不回，要回发sx，谢谢😘,,1794,1.5万,1778772035141
6392932450,享福不如享哥哥,Female,https://wx2.sinaimg.cn/orj480/006YE5LIly8hi1u6frh9uj30c80c8wes.jpg,,,579,49.8万,1778772038498
3632924123,COOSHOOJOOKY,Female,https://wx3.sinaimg.cn/orj480/d88a05dbly8ia8y5pg7guj20p70p740w.jpg,阿米国国民💜,,738,683,1778772041848
1597428653,科技潮玩,Male,https://wx4.sinaimg.cn/orj480/5f36d3adly8g3w1vby54oj20u00u075d.jpg,,,717,5.3万,1778772045214
1746364637,你的刹车失灵了,Female,https://wx3.sinaimg.cn/orj480/681768ddly8gnezzh9q8mj20ru0ruwga.jpg,,,22,8,1778772048618
7609517271,唔哩小糖糖,Female,https://wx4.sinaimg.cn/orj480/008iYL3xly8ib7uikadtgj30u00u0jvy.jpg,,,287,29,1778772051964
7371412675,最富的公主,Female,https://wx1.sinaimg.cn/orj480/0082RHaPly8iczr5x2qhkj30u00u0tb3.jpg,人生最好的状态就是销声匿迹半隐半藏 自我沉淀,,1100,294,1778772055350
7893713388,探险家hoo,Female,https://wx2.sinaimg.cn/orj480/008CddrSly8iaw88kbxvbj30dw0dwaad.jpg,,,426,134,1778772058762
7425737435,枣日成功,Female,https://wx1.sinaimg.cn/orj480/0086xDwDly8iczbipvs1tj30u00u0tb1.jpg,焦个朋友,,2937,63,1778772062097
2642633583,Lizsen,Male,https://ww4.sinaimg.cn/orj480/9d83636fjw8e7umn58yxhj20hs0hs74w.jpg,🚀🚀守住心中的宁静，让一切归于心境，不因喜欢而执著，不因虚幻而烦忧🚀🚀,,496,84,1778772065522
6323707292,水原兎紀,Female,https://wx2.sinaimg.cn/orj480/006TXD8Uly8id5bvza7yoj30u00u0gn9.jpg,kawaii^,,976,6676,1778772068911
2743345891,繁星闪烁ctj,Male,https://wx4.sinaimg.cn/orj480/a38422e3ly8gej30v7w57j20kv0kvwfw.jpg,🍎👻🍏🇧🇬,,936,1642,1778772072294
7544900617,Aaa比奇堡打酱油哥,Male,https://wx3.sinaimg.cn/orj480/008eBDjrly8hpf22vrjxqj30j60j675q.jpg,简简单单水瓶,,1667,356,1778772075658
7210458762,抹茶椰子粥,Female,https://wx3.sinaimg.cn/orj480/007RYlHYly8hy348wtlzhj30u00u0dgl.jpg,记忆是一个橘子罐头,,354,97,1778772079057
7812399779,NewBillionaire,Female,https://wx1.sinaimg.cn/orj480/008wI243ly8hv5ap3ha9vj30e80e8jrq.jpg,,,272,3,1778772082453
2207826932,RONIA2011,Female,https://wx3.sinaimg.cn/orj480/8398c3f4ly8gydk5fj3e1j20u00u0acz.jpg,,,1931,460,1778772085857
7369708717,不二嵂,Male,https://wx4.sinaimg.cn/orj480/0082KxTDly8i9wpbaw3dyj30u00u0abr.jpg,情绪有界，证据有据，用法律和理性看社会热点事件。,,9,3,1778772089262
7880708330,Merrai-677,Female,https://wx4.sinaimg.cn/orj480/008BkEeSly8iaygfwvcj7j30u00u0acb.jpg,（弹毒！OT7）💜,,145,26,1778772092636
7808982638,张凌赫是我的1号宝贝,Female,https://wx2.sinaimg.cn/orj480/008wtH6Sly8icskw8dyr0j30u00u00wy.jpg,我每年都许愿幸福 或许老天听到了 感谢你的出现,,101,7,1778772096025
2683758841,跟所有-的快乐说嗨嗨,Male,https://ss1.sinaimg.cn/orj480/default_avatar_male_180&690,,,3154,444,1778772099419
2308663930,小寻的Haru,Female,https://wx2.sinaimg.cn/orj480/899b6a7aly8i7vjx4owtmj20u00u0776.jpg,我担在韩🐟！李惠利的搬运工……,,1260,1万,1778772102783
7764833244,装蒜西红柿,Female,https://wx1.sinaimg.cn/orj480/008turPSly8iczkgtkv6bj30u00u0q5n.jpg,咕噜咕噜～🧩,,50,7,1778772106179
8001201861,岫雾蘅珂逸遥,Female,https://wx3.sinaimg.cn/orj480/008Jue6Vly8i5c7jzfeztj30u00u00vd.jpg,,,136,168,1778772109579
7792999834,秋柏秋柏秋柏,Male,https://wx1.sinaimg.cn/orj480/008voDfIly8hg80ta8c72j30e80e8wf7.jpg,知足常乐，平安顺遂 ​,,3213,860,1778772113025
3542821113,月半要咻,Female,https://wx1.sinaimg.cn/orj480/d32b28f9ly8hrh8v20qevj20u00u0n10.jpg,I don't car.,,915,258,1778772116402
7967312077,一枚柯基呀,Male,https://wx4.sinaimg.cn/orj480/008Hc1Pvly8hwgziamesej30go0got9w.jpg,,,130,154,1778772119747
2652483484,青稚ttt,Female,https://wx4.sinaimg.cn/orj480/9e19af9cly8ibc3zln3arj20u00u0ach.jpg,,,201,76,1778772123123
7886700536,照亮琴谱好几页,Male,https://wx2.sinaimg.cn/orj480/008BJN5mly8ic10o0k7y2j30u00u0q5j.jpg,喜欢黄霄雲,,586,1673,1778772126514
5050690712,-故宫红-,Female,https://wx3.sinaimg.cn/orj480/005vObnqly8i2e731ocn2j30u00u00wd.jpg,神風靜默，山海藏雲！ ​​​ 天神顺，旁海蓬，马有成！,,296,32,1778772129876
1526483147,大狗松松爱桃子,Female,https://ww3.sinaimg.cn/orj480/5afc48cbjw1eb0urufyt6j20g40a275h.jpg,做一只幸福的小兔子吧~,,534,272,1778772133325
5730133746,Faker大魔王家的小花生,Male,https://ww4.sinaimg.cn/orj480/006fN3y2jw8ex4kut9q2bj30hs0huwf2.jpg,,,180,127,1778772136722
7087678456,李妲玲,Female,https://wx1.sinaimg.cn/orj480/007JFaWsly8hqft2ooftsj30u00u0gp8.jpg,越想越复杂，越做越简单！💞💞,,1627,111,1778772140057
1912366315,菲_小绿,Female,https://wx3.sinaimg.cn/orj480/71fc64ebly8ggqer999npj20u00u0gny.jpg,,,487,41,1778772143458
6002640782,夹心各种,Female,https://wx4.sinaimg.cn/orj480/006yet4Oly8gtcx3mj8hsj30ro0rodh2.jpg,有底线口嗨，魔怔退散；中土原著cp；什么圈都不是，不进任何圈,,144,97,1778772146835
1698256664,生姜茶co,Female,https://wx2.sinaimg.cn/orj480/65395718ly8icnlx4xw9rj20u00u0wg6.jpg,relax,,985,135,1778772150204
7916343045,吸引新xin,Female,https://wx1.sinaimg.cn/orj480/008DKaslly8ibw5ymqietj30u00u0wgj.jpg,,,1772,1.6万,1778772153560
1341739731,伴7Fn憇,Female,https://ww3.sinaimg.cn/orj480/4ff952d3jw8ef17qiniqxj20u00u0q4b.jpg,祈愿我你她他马上能还清负债。和家人身心健康，工作顺利，学业有成，福慧双增，暴富，平安喜乐！,,189,157,1778772156928
1760298927,陆锡鑫,Male,https://wx2.sinaimg.cn/orj480/68ec07afly8i4v1h9vatej20u00u0jxg.jpg,用心感悟人生，认真思考问题。,,3881,23.4万,1778772160321
7450457636,奇怪小羊9,Male,https://wx2.sinaimg.cn/orj480/0088dmnyly8icqp6jfrvvj30eu0euwep.jpg,很酷  不聊天        💙,,117,50,1778772163671
7100540520,人间第一昂,Male,https://wx3.sinaimg.cn/orj480/007Kx8X6ly8i206zb5cn3j30e70e7wf0.jpg,🤖 .♂️. 默默无闻,,364,362,1778772167038
7978705632,婲婳婳啊,Female,https://wx1.sinaimg.cn/orj480/002XJY2Tly8ib8wixc3mnj606c06cglo02.jpg,随手发,,1197,103,1778772170444
1273590234,环球旅游攻略咖,Male,https://ww1.sinaimg.cn/orj480/4be971dagw1eyt426787ij21h41827wh.jpg,关注旅游出行，为你分享国内国外美景，全球旅行攻略、美食攻略天天呈现.......💥欢迎投稿💥,,8549,351.2万,1778772173853
7967041063,南宫一孟,Female,https://wx3.sinaimg.cn/orj480/008HaTkjly8i5zecyrdgrj30fb0fb0t4.jpg,,,27,1,1778772177251
2841553005,迷鹭爱吃虾的橙子,Female,https://wx1.sinaimg.cn/orj480/a95ea86dly8i6hmelqdwlj20u00u0q5e.jpg,只爱魏晨🧡🧡🧡,,129,617,1778772180657
1744796061,圆兔公众号,Male,https://wx2.sinaimg.cn/orj480/67ff799dly1gf89gbcgvej208z08umzj.jpg,微信公众号：圆兔（微信号：ytgjxapp）,,380,1777,1778772184081
1644572662,麦兜爱夏天,Female,https://wx4.sinaimg.cn/orj480/62062ff6ly8ibjybk1untj20u00u0tb8.jpg,刘亦菲唯粉！只和仙儿唯粉互关，互关的仙粉如所谓蹭阅读量总转发辣鸡黑子或蹭过仙儿的内娱辣鸡们，不要和我互关请自觉双取！我对丑男丑女不敢兴趣！,,574,793,1778772187452
7913832877,朱菜shuna,Female,https://wx4.sinaimg.cn/orj480/008DzDrLly8hohm16u6fsj30e80e8t9h.jpg,杂食性玩家，啥都玩点。,,414,21万,1778772190870
6232151771,素笺淡墨0807,Female,https://wx2.sinaimg.cn/orj480/006NLtmXly8hcq5oor5a2j30u00u0772.jpg,分享游戏日常，絮絮叨叨，，,,7623,47.1万,1778772194252
2871470722,二猪,Male,https://wx2.sinaimg.cn/orj480/ab272a82ly8hmk57y587aj20t40t4mxz.jpg,这世界最恐怖的力量，并非是先进武器，或杀气腾腾的千军万马，而是那人心中小小的贪婪。,,1297,225.8万,1778772197620
1411601871,曹田果几,Male,https://ww1.sinaimg.cn/orj480/542355cfjw8f6yt1avkoqj21kw2b61kx.jpg,老板！来个小碗牛肉面，肉多加点，面也多要点！记得用大碗装啊！,,1167,561,1778772200987
1428782365,盖世无双长公主,Female,https://wx3.sinaimg.cn/orj480/55297d1dly8i76vrct7jij20u00u0gnk.jpg,榜一大姐,,242,2807,1778772204360
5806432157,摆烂专家icon,Female,https://wx1.sinaimg.cn/orj480/006kXcfzly8hthy35yojqj30sg0sgwft.jpg,一直在@杨洋,,599,1439,1778772207717
7883352786,璀璨柔柔,Female,https://wx4.sinaimg.cn/orj480/008BvKboly8hogw1rnmb9j30e80e8aad.jpg,,,122,19,1778772211062
6511192106,11点就想睡-,Female,https://wx2.sinaimg.cn/orj480/0076Eivwly8g9qoevmc3gj30u00u0wh5.jpg,是个懒人,,8637,566,1778772214408
5706371106,我爱听现场,Male,https://wx2.sinaimg.cn/orj480/006eblNEly8i2bi1i5z6qj30tn0tndj2.jpg,,,1026,2752,1778772217812
5228325659,木子悧l,Male,https://ww2.sinaimg.cn/orj480/005HPwldjw8eikq4n2gg8j30u00u0q4i.jpg,,,3458,554,1778772221166
7909137488,夏昼眠眠,Male,https://wx4.sinaimg.cn/orj480/008DfVXGly8ibeidn3zvnj30u00u0767.jpg,部分素材源于网络，侵删（镇魂）,,544,3万,1778772224495
2676921964,evo52235223,Female,https://wx3.sinaimg.cn/orj480/9f8e966cly8hu3aho73ddj20dw0dwdgz.jpg,,,1199,84,1778772227896
6039061244,天选小瑄,Female,https://wx3.sinaimg.cn/orj480/006AHhHCly8iceebdc265j30u00u0ju2.jpg,我会上天堂吗,,1088,1.4万,1778772231249
5868195945,月亮河摆渡人,Female,https://wx3.sinaimg.cn/orj480/006p8lPHly8hgffvdlrm0j30u00u044v.jpg,总有一颗繁星看不惯江湖险恶，回自己的世界里当几天神仙💫,,14,12,1778772234633
7860859783,每一天都要快乐过,Male,https://wx2.sinaimg.cn/orj480/008zZmJ1ly8i76qz7twkgj30u00u0q32.jpg,,,58,6,1778772238060
3027851557,酸奶君H,Female,https://wx1.sinaimg.cn/orj480/b4795925ly8i4scvbz7imj2068068glj.jpg,🎈  🏃,,2802,193,1778772241530
2271726940,重逢有待,Female,https://wx1.sinaimg.cn/orj480/8767cd5cly8i664yhtkwnj20u01hc43s.jpg,三口之家生活在广州~记录三年级小学鸡的日常~🌼 优秀不够 ~你是否无可替代~🌻,,2087,3970,1778772244914
1931364387,如此相信了,Female,https://ww4.sinaimg.cn/orj480/731e4823jw8f7b1m549ddj211a11adiw.jpg,,,455,26,1778772248308
2647857260,怡悦于博,Female,https://wx3.sinaimg.cn/orj480/002Tc8Daly8gvr7rxh6vwj60u00u041002.jpg,🍃🍎🍏🍃,,182,217,1778772251665
6156918059,李进毅,Male,https://wx4.sinaimg.cn/orj480/006IFNDZly8i5dn1w9zcbj30sg0sgwfx.jpg,,,139,8458,1778772255000
5346281905,俏小妹620,Male,https://ww1.sinaimg.cn/orj480/005POs9jjw8ew4lmbzud9j30hs0hs0t2.jpg,生活总有那么多不如意,,254,18,1778772258399
7742945383,温良振英_,Male,https://wx3.sinaimg.cn/orj480/008s0BNRly8id0eg3redkj30u00u00vt.jpg,All these time are precious due to you,,1868,1.7万,1778772261781
1833153860,睡眠不足李雷雷,Male,https://ww2.sinaimg.cn/orj480/6d43b544jw1e8qgp5bmzyj2050050aa8.jpg,長期矜持，早已找不到奔放的方向.,,57,225,1778772265135
6389952573,牛油果生椰拿铁nice,Female,https://wx1.sinaimg.cn/orj480/006YrAzbly8hfiektaz9sj30u00u00y1.jpg,,,99,16,1778772268532
7901305673,萌宠呆呆酱,Female,https://wx2.sinaimg.cn/orj480/008CJ4y5ly8i0lkvjmht9j30rr0u0dik.jpg,每天更新萌宠，可以给大家带来快乐！,,1935,1.3万,1778772271927
7871914700,锋19881217,Male,https://wx1.sinaimg.cn/orj480/008AJKC8ly4hi2wyavrnzj303o03oq2s.jpg,,,181,47,1778772275330
2644989827,F努力成为情绪稳定的人,Female,https://ww2.sinaimg.cn/orj480/9da75783jw8f8zvcf9ttjj20yi0zi40w.jpg,热爱生活方能治愈一切,,46,123,1778772278692
3232928332,Dai雯儿,Female,https://wx2.sinaimg.cn/orj480/c0b2924cly8i03oe8dpzej20u00u0q79.jpg,爱笑的女孩运气不会太差,,1080,1000,1778772282082
2985349340,明月抬眸,Female,https://wx1.sinaimg.cn/orj480/b1f0d0dcly8icabb12g0ej20u00u0wfb.jpg,天下熙熙，皆为利来，天下攘攘，皆为利往。,,116,88,1778772285532
3155882020,77木琪,Female,https://wx2.sinaimg.cn/orj480/bc1af024ly8i98x8ope8pj20u00u0n1t.jpg,爱好钩针，开始瑜伽,,450,336,1778772288889
1984011820,back282,Female,https://ww3.sinaimg.cn/orj480/76419e2cjw1e8qgp5bmzyj2050050aa8.jpg,,,485,130,1778772292339
5774002305,我是浪荡的小少年,Male,https://wx4.sinaimg.cn/orj480/006iL7Lrly8g5nyjrmpy0j30u00u0n12.jpg,,,146,2.2万,1778772295724
3951172725,Moni_鱼子酱,Male,https://wx2.sinaimg.cn/orj480/eb821c75ly8hsom10nj8jj20po0poabn.jpg,,,5766,1207,1778772299100
7265620936,我没素质丨__,Female,https://wx4.sinaimg.cn/orj480/007VHNUsly8i6ukfv406ij30u00u07ca.jpg,hhhhhhh,,354,211,1778772302483
6886397134,长着一颗长长兔牙的魚兒兒,Male,https://wx3.sinaimg.cn/orj480/007w2Ctwly8hw14ygt6zzj30sg0sggnt.jpg,学会淡然， 不念过往， 不惧未来， 专注于当下的每一步， 生活自有其节奏， 好的人生从容不迫。,,415,5509,1778772305836
6517026411,只爱小贺的毒唯,Female,https://wx3.sinaimg.cn/orj480/00772Mhdly8ib9qlsyxhuj30u00u042l.jpg,属性:贺峻霖唯粉梦女（毒唯） 唯一的心肝:贺峻霖 专注自家，不给小贺招黑 只扩列霖丝樱子娘 雷：除了小贺和霖丝和贺的毒唯，其他的都雷,,423,132,1778772309234
1409833404,静守平淡心有鸿鹄,Male,https://wx4.sinaimg.cn/orj480/540859bcly8haq6rb17h5j20u00u0t8z.jpg,本地人文艺术博主,,320,613,1778772312608
7759698627,鹿若星辰my,Female,https://wx2.sinaimg.cn/orj480/008t8U5tly8i96sgv4372j30u00u0gq0.jpg,不管前路如何，我会一直爱你,,993,1.6万,1778772315949
6583540923,二二or三三,Female,https://wx3.sinaimg.cn/orj480/007bxRJVly8hge2p76tuqj30u00u0tbl.jpg,,,495,3,1778772319329
5128587540,阿关正传,Male,https://wx4.sinaimg.cn/orj480/005B51TSly8hug371gpxmj30u00u0wix.jpg,吉星高照，好运常临。,,95,122,1778772322694
2771015735,梦回知音,Female,https://wx3.sinaimg.cn/orj480/a52a5837ly8foojjuzu3mj20ro0rotbn.jpg,人活一世不容易，诚信待人,,349,324,1778772326149
1878371081,时尚小夭,Female,https://wx2.sinaimg.cn/orj480/6ff5ab09ly8hwobosss25j20sd0sddha.jpg,时尚圈半吊子 + 娱乐圈吃瓜选手 随缘更新，偶尔摸鱼🐟,,5879,37.4万,1778772329519
2479902341,季莫零汐,Male,https://wx4.sinaimg.cn/orj480/93d04e85ly8hz6j76chcgj20qm0qmadu.jpg,,,4166,949,1778772332852
6204225601,第八号天外来客耶,Female,https://wx3.sinaimg.cn/orj480/006LSiuRly8i8vjjj7e3gj30u00u0goy.jpg,小摩托,,1299,63,1778772336218
7838820618,墨予陌野,Male,https://wx4.sinaimg.cn/orj480/008yuTkCly8hdwolkp58mj30qo0qodhn.jpg,在吗？不在,,316,99,1778772339641
5841832267,好6998,Male,https://ss1.sinaimg.cn/orj480/default_avatar_male_180&690,,,1606,1007,1778772342977
5296953712,春日小甜杏,Female,https://wx3.sinaimg.cn/orj480/005MttDily8i1iz58rsvgj30sg0sfmzt.jpg,爱是一瞬间的体验，是流星，是烟火,,675,528,1778772346316
7734730806,初涩果,Female,https://wx2.sinaimg.cn/orj480/008rs8OGly8ic0q1aevivj30u00u0412.jpg,万千世界里 我也最最心爱夏以昼🔆,,1219,1.1万,1778772349657
7932671078,菠萝芝芝one,Female,https://wx1.sinaimg.cn/orj480/008EQG7Ily8hrke0zo7ogj30tz0tzwh5.jpg,热情不减,,629,11,1778772353022
7288045660,可爱菜--,Female,https://wx4.sinaimg.cn/orj480/007XdTByly8hfn75ojywyj30dw0dwq3j.jpg,,,4460,109,1778772356394
2807834132,每天我都拉风,Female,https://wx3.sinaimg.cn/orj480/a75c2614ly8hkndaugo9wj20e70e7wet.jpg,麻辣烫不要麻不要辣也不要烫,,82,1.1万,1778772359759
1434026785,海天我回来了,Male,https://wx2.sinaimg.cn/orj480/55798321ly8hh6pkklin9j20go0goq4g.jpg,成功要有代价！,,769,232,1778772363197
7282597715,冉冉想找份好工作,Female,https://wx1.sinaimg.cn/orj480/007WR2ltly8ho4jpe27v2j30t40t4t9w.jpg,,,42,5,1778772366542
8201048538,潇洒松树逗小猫,Male,https://wx1.sinaimg.cn/orj480/008X0Lmqly8i5dbuveo80j30dw0dwq3l.jpg,,,98,8,1778772369863
2358846843,大芬儿大芬儿,Female,https://wx3.sinaimg.cn/orj480/8c99257bly8i4ovkub7opj20u00u0goe.jpg,,,386,4101,1778772373259
7916875777,Echoll1998,Female,https://wx1.sinaimg.cn/orj480/008DMp2Nly8i8pdi9mczwj30u00u077l.jpg,,,2740,290,1778772376677
2988044697,fly19832012,Male,https://ww1.sinaimg.cn/orj480/b219f199jw8fbrk7tiws2j20sg0izajo.jpg,,,1069,360,1778772380066
6591305436,钮钴禄-刘亦菲,Female,https://wx1.sinaimg.cn/orj480/007c4rE0ly8h1rjdos0rej30e80e8mxh.jpg,镇魂/自由追仙,,172,31,1778772383477
4004807777,MUI411,Female,https://wx3.sinaimg.cn/orj480/eeb48461ly8i9xrppojptj20u00u0jw8.jpg,旅游、户外、运动、女性成长,,413,455,1778772386870
7488346842,狗狗缺牙_,Female,https://wx2.sinaimg.cn/orj480/008aMl5Mly8i7ukaui8lzj30u00u00tf.jpg,狗狗泽禹你最重要,,340,513,1778772390227
6005319548,溜个瓜瓜,Male,https://wx1.sinaimg.cn/orj480/006ypHWIly8i3gy1jmu2oj30u00u0tbt.jpg,视频来源于网络，如有侵~权，请联系SX,,4771,1万,1778772393613
1708297405,zqall1030,Male,https://wx3.sinaimg.cn/orj480/65d28cbdly8hvjwd9hqr9j20j60j6jt1.jpg,在路上......,,558,81,1778772396997
1882037255,旧疤又新花,Female,https://wx3.sinaimg.cn/orj480/702d9c07ly8gr9uibfo9vj20ru0ru0u6.jpg,,,207,258,1778772400404
7568426612,不觉椿深,Female,https://wx1.sinaimg.cn/orj480/008gcluYly8id3zweulhoj30u00u0gof.jpg,Zayne,,1544,1.2万,1778772403723
6471437380,Angelababymeimei,Female,https://wx4.sinaimg.cn/orj480/0073Xuugly8fnu60wrfpqj303o03owec.jpg,,,225,2,1778772407106
7305579580,鱼的眼泪66725,Male,https://wx2.sinaimg.cn/orj480/007YpsYIly8hloiccfdx4j30u00u0jys.jpg,,,1121,828,1778772410466
7799473257,我是好人吗的不是好人,Female,https://wx1.sinaimg.cn/orj480/008vPNhLly8icw5gvz12uj30u00u0myv.jpg,呵呵哒,,73,14,1778772413837
5517788576,丨小炮灰丶,Male,https://wx1.sinaimg.cn/orj480/0061q4RWly8gnl53atavij30u00u0jt5.jpg,,,265,177,1778772417203
7430706268,小美丽743,Female,https://wx2.sinaimg.cn/orj480/0086Su96ly4gdjcu4f2inj303o03oq2p.jpg,,,1816,480,1778772420539
1773318493,天天开心追剧中,Male,https://wx4.sinaimg.cn/orj480/69b2b15dly8i8vkz5ly3ij20u00u0ta1.jpg,你关注的大V们也在关注ta,,2352,9万,1778772423952
7944113224,糖浆发涩发苦,Female,https://wx2.sinaimg.cn/orj480/008FCGKsly8hsvnwcwvc4j30h80h8ab7.jpg,保持一颗年轻的心，做个简单的人，享受阳光和温暖。 ​​​,,1071,15,1778772427319
1749144072,_YJAN,Female,https://wx4.sinaimg.cn/orj480/6841d208ly8icj47zpawdj20u00u076e.jpg,好运降临,,523,118,1778772430782
5378832349,哈拉小胖子哥,Male,https://wx3.sinaimg.cn/orj480/005S120tly8h68g5mvumyj30u00u0ju3.jpg,这家伙很懒，什么都没留下,,205,93,1778772434186
5237331118,没有船票我与你游,Female,https://wx1.sinaimg.cn/orj480/005Irj4yly8i2o3t70xeaj30e80e8ab2.jpg,害 一个小透明罢了,,4567,33,1778772437547
7463250838,何超群啦啦,Female,https://wx4.sinaimg.cn/orj480/008952twly8i9766y4caxj30u00u0mzw.jpg,大二英专师范牲   2020.5～,,1361,598,1778772440913
6907336790,自律一级,Male,https://wx3.sinaimg.cn/orj480/007xstPUly8i7wk51telhj30u00u0jui.jpg,,,1044,3405,1778772444290
6328825617,苔上雪凇,Male,https://wx2.sinaimg.cn/orj480/006Uj6Exly8ibdp1ciqj9j30u00u0taq.jpg,自由发疯,,493,4838,1778772447628
8345395730,安宁-安宁安宁,Female,https://wx1.sinaimg.cn/orj480/0096MqEWly8iant9igscsj30ol0mejte.jpg,去吃好吃儿的吧～,,12,2,1778772450983
6389269159,金金金色的雨,Female,https://wx2.sinaimg.cn/orj480/006YoIMnly8i5s0lri4uvj30u00u0juc.jpg,biu～,,81,49,1778772454360
7815479159,临凛一,Male,https://wx1.sinaimg.cn/orj480/008wUX9tly8i2wi4wq17xj30dh0dhwex.jpg,浪漫至死不渝,,558,242,1778772457793
2937577575,CM1994is,Female,https://wx3.sinaimg.cn/orj480/af17e067ly8gdx7f7q6htj20u00u0tdb.jpg,开心每一天～,,622,206,1778772461197
7412880971,鵺酗,Female,https://wx4.sinaimg.cn/orj480/0085FGYjly8gv7s0ekgt4j60ru0ru40z02.jpg,,,1932,110,1778772464559
5439594416,浔浔寄雪,Female,https://wx4.sinaimg.cn/orj480/005W7YZOly8hwqeporw48j30u00u0jsj.jpg,于是我驻足 在雨中看了一场烟花,,493,3万,1778772467938
5375448445,卡卡啊_Yee_x_x_x_x,Male,https://wx1.sinaimg.cn/orj480/005RMPHnly8ibdqlpcyibj30u00u0407.jpg,𝙊𝙣𝙡𝙮 𝙛𝙤𝙧 𝙅𝙖𝙘𝙠𝙨𝙤𝙣 𝙔𝙚𝙚  ♥  𝙭𝙭𝙭𝙭.,,324,422,1778772471255
7488295108,娱小伍,Male,https://wx1.sinaimg.cn/orj480/008aM7Dmly8hhzsx28vp9j30se0sfdh5.jpg,不知名的剪刀手，喜欢点个关注吧,,2380,31.5万,1778772474687
5018269123,卢啴长,Male,https://ww1.sinaimg.cn/orj480/005tC92zjw8ej0avf7c34j30k00k0t92.jpg,一个正中的中华人民共和国公民,,518,167,1778772478008
7186604236,irpitlots,Female,https://wx4.sinaimg.cn/orj480/007Qmg3yly8id19nthtd7j30u00u0taa.jpg,I'm lost can I come over,,753,1301,1778772481374
6248837002,霖霖兔的小影_1122,Female,https://wx1.sinaimg.cn/orj480/006OTtXAly8ib7m9fp9hej30u00u00wm.jpg,all for hjl  做贺峻霖的全肯定！我对dyf抹黑贺峻霖的态度，统一是“你担一定是si了，这么关注我担”,,416,1748,1778772484753
7731684900,Echoes-我们拥有彼此,Male,https://wx1.sinaimg.cn/orj480/008rfmraly8icy7q7dql6j30u00u0ju3.jpg,张碧晨和小小呆幸福快乐健康自由一辈子❤️,,580,1119,1778772488130
5307049783,J希安娜,Female,https://wx3.sinaimg.cn/orj480/005N9Q59ly8gdjfphsyo2j30ro0rowgl.jpg,,,282,114,1778772491510
6743638961,用户729955354,Male,https://wx3.sinaimg.cn/orj480/007mnCylly8hs1vo54witj30lv0lvgmq.jpg,,,226,109,1778772494903
6427198001,等下一个终点站,Female,https://wx2.sinaimg.cn/orj480/0070XRNTly8fwtpo9c9tej30qo0qodhf.jpg,不经历风雨，怎能见彩虹！,,2499,304,1778772498274
7413227708,黄星星女士Esther,Female,https://wx1.sinaimg.cn/orj480/0085H9aQly8i8eeegyfqzj30u00u0jto.jpg,无论这个世界多么严苛我永远偏爱你虞书欣.,,1617,146,1778772501621
7493890376,田田_tiann,Female,https://wx4.sinaimg.cn/orj480/008b9BdCly8i7ga37zemjj30u00u0jur.jpg,,,46,9,1778772504998
2904648127,哦0-0买噶,Male,https://ww2.sinaimg.cn/orj480/ad2169bfgw1ek75cbjg3mj20ls043t9q.jpg,,,628,118,1778772508393
6070645625,流氓兔学长,Female,https://wx4.sinaimg.cn/orj480/006CPOf7ly8glj846wp5hj30ro0ro0uc.jpg,不想前进的时候，就暂且停下脚步吧。,,164,74,1778772511759
5367979759,仰望星空之美1111,Female,https://wx4.sinaimg.cn/orj480/005RhuKHly8g5vq99nizrj30ro0ro765.jpg,纠结的妞,,48,19,1778772515146
2093642461,fmxcv,Male,https://ww1.sinaimg.cn/orj480/7cca72ddjw8fd4tvbmn7oj20e80e874l.jpg,,,871,429,1778772518515
7912952806,我是跟姐呀,Female,https://wx3.sinaimg.cn/orj480/008DvWv4ly8hojecctq79j30qo0qo770.jpg,,,22,9,1778772521886
5434933490,懒癌晚期dang,Female,https://wx4.sinaimg.cn/orj480/005VOqtAly8gsg9k1nhgyj30ig0igdgi.jpg,,,1169,802,1778772525270
7755178356,Ailnnn_霖呓兔酱,Female,https://wx1.sinaimg.cn/orj480/008sPW9Sgy1ibsoclkanvj30u00u00wc.jpg,贺峻霖根正苗红211研究生💚,,90,69,1778772528621
3546037087,牧马阿里,Male,https://wx2.sinaimg.cn/orj480/d35c3b5fly8gdikf7qht9j20ku0ku3zm.jpg,微博社区委员会委员,,1830,1.9万,1778772532908
6009079340,同你讲话的兔子,Female,https://wx3.sinaimg.cn/orj480/006yFu2wly8hos3012qu0j30dn0e8aag.jpg,随风而行,,175,76,1778772536243
7893228236,糖炒板荔枝,Female,https://wx3.sinaimg.cn/orj480/008CbbeQly8hl8ktcjizpj30qa0qagp0.jpg,永远自在，清澈明朗。,,3093,43,1778772539646
1269458754,夏夏夏夏yeyeye,Female,https://wx4.sinaimg.cn/orj480/4baa6742ly8i8vigbd61ej20u00u0jud.jpg,家有萌宝一枚名叫大哥，分享工作生活趣事。,,805,5510,1778772542992
6477242300,好运饺子包一切,Female,https://wx3.sinaimg.cn/orj480/0074lQC0ly8ib4bwauwg5j30u00u0q45.jpg,🍅🍅如意，好🍅连连，心想🍅成,,310,10,1778772546315
1805474462,芝麻是甜的啊,Female,https://wx4.sinaimg.cn/orj480/6b9d5a9ely8ib7zuotcs5j20u00u041f.jpg,像雾像雨又像风。,,1145,4499,1778772549790
6703003782,猫猫怪我太风流1,Male,https://wx3.sinaimg.cn/orj480/007jD7uely8i6ecmqv7eoj30o40o40tn.jpg,,,24,28,1778772553188
2592544702,米酱_糖炒香栗子,Female,https://wx4.sinaimg.cn/orj480/9a8717bely8icxwqkn8hqj20u00u078m.jpg,铁血ns！！！铁血ns！！！铁血ns！！！谨慎关注！我担就是仙品 品不来自已入土「授权问题看置顶 私信会吞」,,463,1.3万,1778772556554
1702611397,黑三剁,Male,https://wx1.sinaimg.cn/orj480/657bc9c5ly8hr7l5xtmsxj209m09maa8.jpg,设计师要躲在设计之后，设计要躲在产品之后,,527,531,1778772559971
2638200305,櫻井Aki,Female,https://wx4.sinaimg.cn/orj480/9d3fbdf1ly8i280yinnuwj20qn0qndji.jpg,『キット勝つ』,,43,148,1778772563301
1273475647,Tracy不要后缀了,Female,https://wx1.sinaimg.cn/orj480/4be7b23fly8i5usdjh05zj20u00u0tam.jpg,想松弛的活着,,293,90,1778772566672
6545754047,Aye温良,Female,https://wx4.sinaimg.cn/orj480/0078ZjEbly8iaichwuzjsj30hb0hbmxi.jpg,bye bye baby blue,,267,1239,1778772570025
6220273107,lyanla是我,Female,https://wx4.sinaimg.cn/orj480/006MXDbBly8hdh0uerk8yj30u00u0ac9.jpg,穿过风雨，真的能看到蓝天,,118,29,1778772573375
2268867283,好好听哦O,Male,https://wx3.sinaimg.cn/orj480/873c2ad3ly8h5e64x05dxj20go0gowfx.jpg,微博是我家，衣食住行全靠她。,,873,1.5万,1778772576707
5672008742,春雨淋玉,Female,https://wx4.sinaimg.cn/orj480/006bRazYly8icpxxmvkm7j30u00u0tae.jpg,努力 提升 充实 爱好搜集各种好看的头像 碎碎念 记录生活  solo（镇魂）【管你是谁，sj的全部思全家】,,1334,1045,1778772580116
1912016071,税务顾问_张开顺,Male,https://ww2.sinaimg.cn/orj480/71f70cc7jw1e8qgp5bmzyj2050050aa8.jpg,致通振业税务师事务所AAAAA级，所长李记有（清华税收筹划客座教授），全国连锁。专注房地产、税企争议代理涉税服务13161756657,,1814,3636,1778772583503
6405113146,发光的嗨皮大王,Female,https://wx3.sinaimg.cn/orj480/006Ztcwyly8icr20br696j30sg0sgjus.jpg,和小林一起发光✨,,890,1385,1778772586928
1787142984,Jyrred,Female,https://ww1.sinaimg.cn/orj480/6a85a348jw1e8qgp5bmzyj2050050aa8.jpg,,,370,207,1778772590318
5798107421,淑萍是淑女,Male,https://wx3.sinaimg.cn/orj480/006kogBDly8g3ehkju1btj30ro0roac2.jpg,我爱🇨🇳,,80,126,1778772593678
1962137805,yi只猫_,Female,https://wx1.sinaimg.cn/orj480/74f3d8cdly8ic39yt1m65j20u00u076d.jpg,热播影视剧赏析，剧情分析前瞻，乐综艺分享,,2693,17.5万,1778772597015
2943098833,我就是李清华,Female,https://wx3.sinaimg.cn/orj480/af6c1fd1ly8gp5m529ywij20n00n0gm7.jpg,希望大家都能健康快乐。,,771,152.8万,1778772600415
1305983451,火锅不能没有脆毛肚,Female,https://wx3.sinaimg.cn/orj480/4dd7b9dbly8i822tw4ummj20u00u0q5d.jpg,钓鱼岛，台湾岛是🇨🇳的！,,571,227,1778772603772
7403881664,秋枫原,Female,https://wx1.sinaimg.cn/orj480/00853VQcly8hg5t3e3f0sj30u00u0tbl.jpg,,,4852,56.9万,1778772607118
7229616073,西西厮福,Male,https://wx1.sinaimg.cn/orj480/007TgJoRly8h0q45uh9dcj30rs0rsq47.jpg,砖总新号，还是你的勇哥。,,902,12.2万,1778772610498
5699655728,幸运小喵喵猫,Female,https://wx3.sinaimg.cn/orj480/006dJaP6ly8ici4nvj2nzj30u00u0djd.jpg,有关必回,,442,186,1778772613857
5567690671,一只糯米Ly,Female,https://wx1.sinaimg.cn/orj480/0064NsGrly8icbdpaqbelj30u00u0dhn.jpg,最好的情话是“我在”,,581,1万,1778772617219
1866405545,微博辟谣,Male,https://wx1.sinaimg.cn/orj480/6f3f16a9ly8h8wjsmp6gej20u00u03z4.jpg,,,787,229.1万,1778772620594
8496036338,我是桃妹吖,Female,https://wx1.sinaimg.cn/orj480/009gYvaaly8ict6whf1ggj30u00u0gq1.jpg,ks与头像水印同名,,8,2,1778772623992
2804784577,肚子上的米其淋,Male,https://wx3.sinaimg.cn/orj480/a72d9dc1ly8grmsx537sej20e80e8dg9.jpg,没妆博主,,859,2869,1778772627410
6744335763,从来不会端水,Female,https://wx4.sinaimg.cn/orj480/007mqxP5ly8id558p79s3j30u00u0dhq.jpg,๑ᦲ 𖥦 ᦲ๑,,560,2452,1778772630759
6611150751,万事顺心lucky,Female,https://wx4.sinaimg.cn/orj480/007dpIjJly8ibtj2tiohyj30u00u0dgm.jpg,,,56,6,1778772634103
5829972208,有钱家的曲曲,Female,https://wx3.sinaimg.cn/orj480/006mxY5Oly8i685i93mofj30u00u0768.jpg,,,945,625,1778772637567
2653614970,拧发条鸟iii,Male,https://wx4.sinaimg.cn/orj480/9e2af37aly8hrjdvw0zg7j20rs0rsaaz.jpg,不改啦,,173,332,1778772641044
2236468750,西升月,Female,https://wx4.sinaimg.cn/orj480/854dce0ely8hqqb6w5r6jj20e80e8jrz.jpg,仍在努力地做好喜欢的事情   商务联系📮saiiyar,,698,99.8万,1778772644385
6399274480,我才不喜欢吃眼泪拌饭,Female,https://wx1.sinaimg.cn/orj480/006Z4HCwly8icr0siog0jj30u00u0tc3.jpg,ㅤㅤㅤㅤㅤ ​​​,,370,3425,1778772647730
2474612387,素心怡然_,Female,https://wx4.sinaimg.cn/orj480/937f96a3ly8he3bohwb5yj20u00u040m.jpg,,,1611,2616,1778772651085
5262540245,oh什么时候好运才能降凌,Female,https://wx3.sinaimg.cn/orj480/005K957nly8ibr0usxsdfj30u00u077s.jpg,期待能和张凌赫见面,,216,30,1778772654448
6587938382,痴女正在电离中,Male,https://wx3.sinaimg.cn/orj480/007bQjIGly8hzt3zf6mruj30u00u00vx.jpg,把爱你写到诗的结尾。,,918,614,1778772657806
6205456067,咬你脸颊肉-,Female,https://wx2.sinaimg.cn/orj480/006LXsB5ly8icuksznvv4j30u00u0q52.jpg,希望啾果能随心所欲地做想做的事，永远健康幸福,,99,36,1778772661170
6671652343,一个平平无奇的夏侯惇,Female,https://wx2.sinaimg.cn/orj480/007hvzxRly8ibgqa1fr1tj30o60o6dhy.jpg,,,1524,427,1778772664648
2307586201,冰城小阳子,Male,https://wx2.sinaimg.cn/orj480/898af899ly8i0a8n7oiqxj20hs0hsgn4.jpg,充实之谓美，充实而有光辉之谓大。,,1577,2519,1778772668019
6129999673,Cyoocz,Female,https://wx3.sinaimg.cn/orj480/006GQQWtly8ibqrd873p4j30u00u0mz1.jpg,淡淡,,552,80,1778772671392
7740495530,冷冽刃,Female,https://wx2.sinaimg.cn/orj480/008rQku6ly8id578dyu3nj30u00u0wh2.jpg,我什么都没说啊,,8864,1.4万,1778772674751
6453957684,当归归不gui,Male,https://wx2.sinaimg.cn/orj480/0072M9dGly8hu32plu8u6j30u00u1ju1.jpg,,,41,22,1778772678094
6334079665,挂鸡蛋花树上的番茄,Female,https://wx3.sinaimg.cn/orj480/006UF9tfly8gqujgtgsdcj30i80i80u5.jpg,,,327,2,1778772681466
7948379452,安之若素-蔚然成风YF,Male,https://wx1.sinaimg.cn/orj480/008FUAAAly8i4pe6a6n1wj30u00u0acy.jpg,,,356,192,1778772684857
6617225702,慕慕11yeah,Female,https://wx2.sinaimg.cn/orj480/007dPcGOly8ibuhvkhbsjj30u00u0q97.jpg,,,328,39,1778772688281
5508019343,凌晨三点半de蓝,Female,https://wx2.sinaimg.cn/orj480/0060L5rFly8gb14hjrkahj30ig0ig40b.jpg,,,520,2075,1778772691616
2758657165,盛怀杰,Male,https://wx2.sinaimg.cn/orj480/a46dc48dly8gnmd5zuy1fj20tc0tc40l.jpg,华夏东方杰书画院院长、著名书画家，一级美术师。,,20885,18.8万,1778772694967
7974492186,是个乐子人-,Female,https://wx4.sinaimg.cn/orj480/008HG9HIly8i95lpd1jhzj30cd0cd0sv.jpg,,,8,4,1778772698358
3554705630,自洽中,Male,https://wx2.sinaimg.cn/orj480/d3e080dely8ictxepmnrnj20c80c8q34.jpg,🐥,,254,530,1778772701752
1658749402,漂移de未知,Male,https://wx1.sinaimg.cn/orj480/62de81daly8hw3w54fbnlj20qo0qo0uz.jpg,醉爱申花,,1259,469,1778772705095
6205283058,CC-yunqi,Female,https://wx4.sinaimg.cn/orj480/006LWJACly8i9nfwxa7pej30u00u0tb0.jpg,,,216,8,1778772708501
7738101199,奥巴喵一喵,Female,https://wx4.sinaimg.cn/orj480/008rGhBRly8ichmdo89a3j30u00u077b.jpg,岁月悠长，每一刻都如初春的暖阳。,,4840,644,1778772711882
7517428465,咪是香菇青菜包,Female,https://wx3.sinaimg.cn/orj480/008cKmydly8id42ozeobwj30u00u0abs.jpg,平安喜乐，学业有成,,270,41,1778772715205
5566183219,后来居上168飞翔,Male,https://wx3.sinaimg.cn/orj480/0064H8wHly8ibuk3n6umuj30u00u00tf.jpg,快乐要懂得分享，才能加倍的快乐。,,787,380,1778772718568
7949540281,要钱有祎y,Female,https://wx4.sinaimg.cn/orj480/008FZszDly8i8cq7ghq4vj30u00u0tc3.jpg,我将玫瑰藏于身后  期待着与鞠小姐的赴约💞💞,,440,280,1778772721915
7773086830,半糖加冰-99,Female,https://wx2.sinaimg.cn/orj480/008u34Yely8hah3iiwzr6j30u00u0te1.jpg,没有人规定鲜花一定是玫瑰🌹或是向日葵🌻，你要相信，无论你是哪般，总有人翘首以盼为你而来～  身在井隅，心向星光；眼里有诗，自在远方。,,441,7,1778772725349
7338506918,单车小朋,Female,https://wx1.sinaimg.cn/orj480/0080DCSOly8hliltxsnuej30e80e8jsh.jpg,一起骑车吗？,,6134,46万,1778772728764
1954319437,公众号少年疯了,Male,https://wx4.sinaimg.cn/orj480/747c8c4dly8iazwpgjpsxj20go0goq3c.jpg,知名杂文品牌、真人手搓原生原创濒危奇文公众号：少年疯了。无疯不人生。探讨一个问题：如何活着？月照林中路，风吹山外山；少年执白剑，红日破天光。,,2718,1万,1778772732116
7799572621,touyamotoutoude1128,Female,https://wx3.sinaimg.cn/orj480/008vQd8ply8i852m78s8ej30e80e8wfa.jpg,“弟弟弟弟 掂量自己”,,243,20,1778772735472
7022258079,Rana-热娜,Female,https://wx4.sinaimg.cn/orj480/007FeG75ly8id1yx2v3hfj30u00u0jub.jpg,别想管我,,72,48,1778772738838
6415415817,吃不完的章鱼烧-,Male,https://wx3.sinaimg.cn/orj480/0070aqIFly8icr33q0a1nj30u00u0q6c.jpg,图片未经授权🚫印刷、修改 尊重劳动成果 谢谢,,889,3.8万,1778772742183
8262098805,茶茶窝囊不生气,Female,https://wx2.sinaimg.cn/orj480/00918Vk9ly8ibfgj05gy1j30u00u040l.jpg,,,0,1,1778772745542
8019342051,小王15-吴宣仪,Female,https://wx2.sinaimg.cn/orj480/008KIlcDly8i5fd52ittcj30u00u0goy.jpg,,,2,1,1778772748917
6559944040,鱼香基丝,Female,https://wx3.sinaimg.cn/orj480/0079WR72ly8fshl2hf9hoj30bm0bm0tg.jpg,指数基金投资者。旱则资舟，水则资车， 人弃我取，人取我与， 独立思考，逆向投资， 尊重常识，敬畏市场。,,155,5039,1778772752262
9106794640,瑜你同行oooo,Female,https://wx3.sinaimg.cn/orj480/009Wjbiwly8ibdb7uf9lzj30u00u0q46.jpg,,,8,1,1778772755681
1662779205,执拗拗好运连连事事顺,Female,https://wx3.sinaimg.cn/orj480/631bff45ly8fkxsylro7zj210w10w0xi.jpg,我相信爱是用不尽的，美食是吃不完的。我相信努力会得到最好的结果。我还相信欺负韩庚的人都会掉厕所。,,211,2967,1778772759083
7994698430,摆烂猫猫9312,Female,https://wx1.sinaimg.cn/orj480/008J2WgSly8i0mguxs9s3j30u00u0dkd.jpg,,,234,2,1778772762516
3417389912,一日辰光,Female,https://ww2.sinaimg.cn/orj480/cbb13b58jw8eay9fm51vcj20hs0hsq3d.jpg,人的心事就像一颗尘埃，落在过去，飘像未来，落进眼里流出泪来！,,463,386,1778772765924
1197051774,西瓜芝士啵啵茶,Male,https://wx2.sinaimg.cn/orj480/47598f7ely8icw51nkyscj20u00u0411.jpg,红人粉 谁红就喜欢谁 | 颜控 谁好看就喜欢谁             爱好追星 | 爱嗑cp | 容易上头  但三分钟热度,,789,1.2万,1778772769307
2694509401,土干土干,Male,https://wx1.sinaimg.cn/orj480/a09af359ly8gxgw0cm9tcj20u00u042y.jpg,我不是为了输赢 我就是认真,,268,616,1778772772660
5604790203,A-简书,Female,https://wx2.sinaimg.cn/orj480/0067j7XZly8i64y7zuxiaj30u00u0t9t.jpg,接受岁月的伤，仰望生活的光，渡生活的难，谢时光的暖… ​​​,,3516,3107,1778772776119
5518709173,六神不神_,Male,https://wx1.sinaimg.cn/orj480/0061tWmhly8iaytcvqq7hj30u00u0q3e.jpg,好梦易醒，易醒是好梦。,,947,1147,1778772779486
7569297449,积木木屋,Male,https://wx1.sinaimg.cn/orj480/008gg02Jly8i5masimtpjj30db0dbmx7.jpg,,,1990,510,1778772782839
6857515160,桢宝奶,Female,https://wx4.sinaimg.cn/orj480/007u5qXely8ib2c318i01j30dv0dv3z1.jpg,每天都要来点猪～^🐽^,,413,4107,1778772786258
5501671823,矞郁彧,Female,https://wx4.sinaimg.cn/orj480/0060ksajly8h07y9ayvjbj30qo0qoacn.jpg,多旦在线烧钱追星,,1373,285,1778772789602
1993308917,老北京美式炸鸡,Male,https://ww2.sinaimg.cn/orj480/76cf7af5jw1e8qgp5bmzyj2050050aa8.jpg,随缘发疯 不卖炸鸡,,1346,573,1778772792990
7884321631,吃饭事儿最大,Female,https://wx1.sinaimg.cn/orj480/008BzOdVly8hprlf8eaiyj30rs0rsmyf.jpg,,,548,24,1778772796348
6201561076,煤油浇绿鸭,Female,https://wx2.sinaimg.cn/orj480/006LH7kEly8i7gm8cm7l8j30u00u0422.jpg,记录一些乱八糟的张二公子慕凯字少年呀…收起胆小，不向命运低头，追着阳光爱自己,,60,7.4万,1778772799692
2528102284,Jim-Shield,Male,https://wx2.sinaimg.cn/orj480/96afc78cly8i3xepat3fxj20ow0ow0uc.jpg,Keep early hours， keep fit.,,80,135,1778772803123
6224000161,菀儿小精灵lhc,Female,https://wx4.sinaimg.cn/orj480/006NdgLnly8ib27nmkpz7j30u00u0gni.jpg,别人不懂我你懂我的对不对,,1011,761,1778772806446
3844324391,章鱼Cri,Female,https://wx4.sinaimg.cn/orj480/e523bc27ly8i3cenlbyayj20rn0rnaca.jpg,一个比想象中更酷的人：我喜欢的样子你都有&amp;你什么样我都喜欢,,1106,410,1778772809797
7905618141,h190莫回复__辊远点,Male,https://wx3.sinaimg.cn/orj480/008D1aq1ly8hxcn3s7a43j30dw0dw0tx.jpg,,,239,206,1778772813241
5347537335,韬闻,Male,https://wx2.sinaimg.cn/orj480/005PTIKbly8hexs3za4ogj30go0go0tn.jpg,商务合作QQ：1277008686,,618,66万,1778772816589
7745584792,不得不说的小事情,Female,https://wx3.sinaimg.cn/orj480/008sbGqYly8hrepr9bq67j30u00u0wjn.jpg,好喜欢镇魂,,1800,333,1778772819932
7776862390,逸起看世界,Female,https://wx1.sinaimg.cn/orj480/008uiVamly8h4lapxgsz2j30u00u0dkn.jpg,,,3071,18,1778772823353
7881196739,榷予,Female,https://wx4.sinaimg.cn/orj480/008BmHirly8id31dlgmatj30u00u076m.jpg,请赐予我平静接受一切的语气,,323,1.6万,1778772826682
7965604471,花间酒咪,Male,https://wx1.sinaimg.cn/orj480/008H4RBtly8hwuun8z0x5j30u00u0whu.jpg,,,1185,704,1778772830155
7579487071,下饭必备冰西瓜,Female,https://wx3.sinaimg.cn/orj480/008gWKPtly8h8t3927pozj30u00u0jw6.jpg,,,36,10,1778772833514
6455945496,愉快一周-小核桃,Female,https://wx4.sinaimg.cn/orj480/0072Uulaly8ic6cod506nj30u00u0q60.jpg,v623537425,,201,17,1778772836854
7472738312,池冰亿Yi,Female,https://wx2.sinaimg.cn/orj480/0089IQBily8id3x9vvnnkj30u00u00uj.jpg,又来看我啦～,,11215,1.5万,1778772840228
7877489865,嘀嘀嗒_DIDIDA,Female,https://wx4.sinaimg.cn/orj480/008B78Y9ly8ibtd05d897j30u00u0gln.jpg,发我想发的🥰 🈲二改🈲二传🈲商用,,528,810,1778772843573
6498449498,你想桃吃吗_,Female,https://wx2.sinaimg.cn/orj480/0075MPzAly8id4qujipeuj30u00u0adc.jpg,韧如蒲草🍀,,680,282,1778772846896
1219955307,多吃牛肉干,Female,https://wx3.sinaimg.cn/orj480/48b70a6bly8gml7yvkdfwj20e80e8taq.jpg,拉黑预警：支持散养猫玩鹰翠鸟点翠的直接拉黑我搞快点,,370,364,1778772850329
7649437177,从头开始冲鸭,Female,https://wx2.sinaimg.cn/orj480/008lGg2Zly8hia28gxe67j30u00u0dko.jpg,,,683,118,1778772853685
2293057730,千万多乐喜来也,Female,https://wx4.sinaimg.cn/orj480/88ad48c2ly8hqfbvesjg9j20u00u0tc5.jpg,做梦都想胖,,366,516,1778772857021
5672008825,少年呀XXX,Female,https://wx1.sinaimg.cn/orj480/006bRaBjly8gzt1kv37f3j30e80e8dh8.jpg,废话,,394,56,1778772860399
6091030477,Gigi08250,Female,https://wx4.sinaimg.cn/orj480/006Edlh3ly8ics7ohi6sej30sg0sgjt8.jpg,😝多愛自己一點😜,,5659,307,1778772863719
1307345767,胡维纳WNVoice,Female,https://wx4.sinaimg.cn/orj480/4dec8367ly8icziombef3j20u00u041r.jpg,歌手/和音/声乐指导/配唱制作人  代表作《冰雪奇缘Ⅰ，Ⅱ》艾莎女王，《魔法满屋》伊莎贝拉，工作：19011702801唐小姐（V同）,,96,12.8万,1778772867093
1294967085,新界视频,Female,https://wx2.sinaimg.cn/orj480/4d2fa12dly8h8w5jfj0ysj20ci0ci3yj.jpg,新界视频官方微博,,1203,16.8万,1778772870432
7563979821,世永一,Male,https://wx4.sinaimg.cn/orj480/008fTGGxly8id1qoxku91j30u00u0gsb.jpg,刻在我心底的名字,,685,7万,1778772873793
7478496560,丹酥派,Female,https://wx2.sinaimg.cn/orj480/008a70Agly8id3q9m1f7tj30qo0qoq5j.jpg,不爱男不爱女,,698,642,1778772877144
7959546511,安安的年糕饭,Female,https://wx1.sinaimg.cn/orj480/008GFrErly8hv7wozx54kj30u00u0adh.jpg,幸福的童话不过是一起度过平凡的岁月,,1914,22,1778772880508
5096212884,逗man-,Male,https://ww4.sinaimg.cn/orj480/005yTbM0jw8euitbeqxdcj30u00u00uz.jpg,甜甜的专属摄影师,,391,68,1778772883850
7891800003,易燃易疯易爆,Male,https://wx4.sinaimg.cn/orj480/008C5bGPly8hngkceoxlrj30u00u0afj.jpg,全是负能量别看,,171,59,1778772887246
6911544300,浓浓西西,Female,https://wx2.sinaimg.cn/orj480/007xK8oYly8gq27nv6r2ej30ig0igmy3.jpg,我不喜欢麻烦别人同样也不希望别人麻烦我,,289,42,1778772890593
5249452329,梧桐王子213,Male,https://wx2.sinaimg.cn/orj480/005JgalXly8i43dg991e1j30u00u0dgw.jpg,你我心中，永远相伴,,2367,842,1778772893927
5631715166,芋泥小泡芙鸭,Female,https://wx3.sinaimg.cn/orj480/006986nAly8ib6ev0axbpj30u00u042n.jpg,,,875,339,1778772897298
5623697670,用户5623697670,Male,https://ss1.sinaimg.cn/orj480/default_avatar_male_180&690,,,152,56,1778772900636
1405650661,齐天大圣的花果山上,Female,https://wx1.sinaimg.cn/orj480/53c886e5ly8hdvs3h9zixj20e70e7weu.jpg,俊哲学博士，资深俊哲学学者，俊哲爱情守护者。世人皆负我，举世皆可杀。难寻少年时，总有少年来。不诱于誉，不恐于诽，率道而行，端然正己。,,1033,1.5万,1778772904041
1980517153,candyleader,Male,https://wx3.sinaimg.cn/orj480/760c4b21ly8hzi46mtz23j20sg0sfjss.jpg,生活破破烂烂,,665,1210,1778772907393
7443395299,LidiaSobieska,Female,https://wx3.sinaimg.cn/orj480/0087JJ8Tly8grxpe0x87aj30ro0romyr.jpg,外面的世界真精彩噢,,142,27,1778772910732
7031571400,拉不拉比小新,Male,https://wx2.sinaimg.cn/orj480/007FRKVWly8hi0ygwpbfxj30i80i874n.jpg,我爱你中国,,123,1万,1778772914107
7700822797,春秋之间_,Male,https://wx3.sinaimg.cn/orj480/008p9RNjly8i8xa1cfwizj30u00u041p.jpg,你比任何人都强大 镇魂,,245,27,1778772917502
1403390982,血狮鹫,Male,https://wx1.sinaimg.cn/orj480/53a60c06ly8h0t2g3fc6hj20go0go3zf.jpg,IT从业者,,337,360,1778772920919
1935301591,經年過後已荏苒,Female,https://wx4.sinaimg.cn/orj480/735a5bd7ly8htkn67md47j20de0de0th.jpg,何妨何妨 來日方長,,635,1430,1778772924331
7344712981,论代史,Male,https://wx3.sinaimg.cn/orj480/00813FmBly8ia60bl3o96j30u00u0tbp.jpg,希望的大地，为你诉说古今故事！,,114,29.7万,1778772927696
2508802827,南飞风筝,Female,https://wx1.sinaimg.cn/orj480/95894b0bly8fz68cyyoq0j20hs0hsgmj.jpg,留余地，不留余力。,,818,419,1778772931103
2480752037,紫气东来36AB,Female,https://wx2.sinaimg.cn/orj480/93dd45a5ly8i5anqp6tqej20u00u00vq.jpg,,,894,2266,1778772934492
7400890908,用户7400890908,Male,https://wx3.sinaimg.cn/orj480/0084RnOcly8ht3rzbzh03j30n40n4wgo.jpg,,,195,11,1778772937985
6317254606,半碗汤粉,Female,https://wx2.sinaimg.cn/orj480/006Twyvkly8hoe1e2h43ej308508574j.jpg,本人会骂人，勿扰,,1557,253,1778772941397
1718047187,韩庚吧山东分会,Female,https://wx3.sinaimg.cn/orj480/666751d3ly8i7hvdllfmcj20u00u0tcd.jpg,韩庚吧山东分会,,41,7476,1778772944814
6217626515,冰雪晶42483,Female,https://wx3.sinaimg.cn/orj480/006MMwGDly8fyevct8nc8j30ig0ig75i.jpg,,,3875,309,1778772948143
1919853517,博罗依,Male,https://wx3.sinaimg.cn/orj480/726ea3cdly8hnpdyy5zv9j20qo0t90u6.jpg,,,1584,596,1778772951575
6418080327,槐序七一,Female,https://wx2.sinaimg.cn/orj480/0070lBSDly8id0xhemwx1j30u00u0q6h.jpg,我从此不敢看观音,,1024,1.9万,1778772954883
3194149734,Trolltskiy,Male,https://wx2.sinaimg.cn/orj480/be62db66ly8ib1tnh5h1gj20u00u07b9.jpg,巨魔人,,1252,632,1778772958216
7437470968,盼宝_,Female,https://wx3.sinaimg.cn/orj480/0087kRXaly8iczg7ipqvmj30u00u0gqt.jpg,,,893,1.3万,1778772961643
6976820346,幼稚班长宝儿,Male,https://wx4.sinaimg.cn/orj480/007Ca1Gqly8i8jtvt2k47j30u00u0tbf.jpg,北斗不是孤星✨（张杰第一！）✨米克斯泡泡  （张杰是底线！！！）,,969,168,1778772965043
7929756178,Y-736,Male,https://wx1.sinaimg.cn/orj480/008EErPcly8iag722swrpj30u00u00uo.jpg,,,24,9,1778772968391
7752315190,shgkaniaoon,Female,https://wx3.sinaimg.cn/orj480/008sDVjMly8hn3dbf6m6wj30u00u1tat.jpg,吃瓜，追剧，玩游戏,,381,9600,1778772971769
6917109424,昭妍49,Female,https://wx4.sinaimg.cn/orj480/007y7u92ly8hiyf0g70x2j30iq0iqgm8.jpg,,,431,112,1778772975174
3190998314,定陶检察,Male,https://wx1.sinaimg.cn/orj480/be32c52aly8h8utsf4i0cj20gn0gmq3x.jpg,,,2075,6.1万,1778772978534
5143637047,小圆满888,Female,https://ss1.sinaimg.cn/orj480/default_avatar_female_180&690,,,129,1,1778772981910
2209729951,千钧艺博,Female,https://wx3.sinaimg.cn/orj480/83b5cd9fly8icum3xr1qij20u00u0ju8.jpg,最简单的事是坚持，最难的事还是坚持。,,233,213,1778772985298
3283668190,雨的旋律804,Female,https://wx2.sinaimg.cn/orj480/c3b8ccdely8fzvq9nycxvj20ro0rowh7.jpg,,,308,86,1778772988663
7848226228,Summer油泼辣子颖,Male,https://wx1.sinaimg.cn/orj480/008z8ma0ly8hm9mcvppjrj30ku0ku75f.jpg,,,30,4,1778772992072
7322644340,去摘那颗星,Female,https://wx3.sinaimg.cn/orj480/007Zz4iMly8hqa8fxc1d4j30u00u040z.jpg,好好活着,,302,7,1778772995464
5183832194,诗的第118页,Female,https://wx4.sinaimg.cn/orj480/005EOPyGly8id35bgocnoj30hs0gujsp.jpg,,,3925,3.5万,1778772998810
5974138541,图图不糊涂吖,Male,https://wx2.sinaimg.cn/orj480/006wiSlfly8id3qvd6y2pj30u00u079s.jpg,做个俗人，谈笑风生。,,327,167,1778773002209
7413623543,大椰子饼-等谢清圆翻牌版,Female,https://wx1.sinaimg.cn/orj480/0085IO9hly8icq9g5e50xj30u00u00xs.jpg,“吱吱吱”,,661,1.1万,1778773005582
6439712778,冰淇淋爱上滑雪,Male,https://wx3.sinaimg.cn/orj480/0071Ont8ly8fmn3v1q5srj30jc0j67bw.jpg,百姓中的一颗尘埃！,,50,32,1778773009002
6329377783,九号房客i,Female,https://wx1.sinaimg.cn/orj480/006Ulqirly8id35530meij30u00u077d.jpg,一体机偏妈（檀健次的状态决定我当下的属性🫰🏻）,,1619,6556,1778773012345
2637504421,蟹老板好运长存,Female,https://wx4.sinaimg.cn/orj480/9d351fa5ly8icv1otagd2j20u00u0gmu.jpg,男明星的全否定,,1074,616,1778773015719
1790434337,还能不能一起玩耍了-,Male,https://wx4.sinaimg.cn/orj480/6ab7dc21ly8g3a70ou5xpj20io0iomx9.jpg,For whom the bell tolls,,422,1454,1778773019101
7306346359,木易六木易六,Male,https://wx1.sinaimg.cn/orj480/007YsGs7ly8gx47y7ifsfj30ru0ruab7.jpg,,,19,170,1778773022485
6648834290,洧一碎岁念年,Female,https://wx1.sinaimg.cn/orj480/007fXPwKly8iawvzhpy2rj30u00u0q71.jpg,洧一是女孩子 不是男粉 望告知 喜欢袁冰妍 王俊凯,,5647,21.2万,1778773025868
7634939066,痛叹泪缘,Female,https://wx3.sinaimg.cn/orj480/008kHqquly8id32nxtevqj30u00u0jt0.jpg,谢谢你 赋予我关于爱的想象,,322,722,1778773029275
7311803903,KIKI漫漫,Male,https://wx2.sinaimg.cn/orj480/007YPAd1ly8haij6t3rn9j30u00u1mzr.jpg,,,59,47,1778773032659
8279887094,我用AI写日常,Male,https://wx4.sinaimg.cn/orj480/0092lyS2ly8icgefbbca2j30u00u0whp.jpg,,,25,1,1778773036040
7975458230,此间飞_,Female,https://wx3.sinaimg.cn/orj480/008HKd14ly8icmpla5md5j30u00u0aeh.jpg,三进三出我蒸煮四五诠释,,394,389,1778773039389
7313535008,弹琴给风听的人,Female,https://wx1.sinaimg.cn/orj480/007YWQy4ly8h29icpi93cj30u00u0q3l.jpg,,,301,23,1778773042779
6538020054,内娱乐子人设,Male,https://wx4.sinaimg.cn/orj480/0078sRGmly8icze3beogjj30u00u0abo.jpg,,,215,63,1778773046163
5606563833,阿莱克西娅-卡芙卡,Female,https://wx2.sinaimg.cn/orj480/0067qzmVly8hyyi3dl41oj30ku0kuta2.jpg,不要温和的走入那个良夜，愿此行终抵群星,,1334,120,1778773049545
5350507289,想看芽芽呀,Female,https://wx2.sinaimg.cn/orj480/005Q6bmFly8ibvrax965rj30u00u0wg0.jpg,,,107,35,1778773052930
5696820096,都市都市888,Male,https://ww1.sinaimg.cn/orj480/006dxh96jw8eycgnjyr0pj30ig0igdg1.jpg,,,4039,1549,1778773056339
5887845847,一本正经地胡说八道哈哈哈,Male,https://wx4.sinaimg.cn/orj480/006qsNFBly8hgxpka33rdj30lc0lcq4q.jpg,,,156,44,1778773059735
1805213573,聆汐梓,Female,https://wx4.sinaimg.cn/orj480/6b995f85ly8ibp2qycvo3j20u00u0tbc.jpg,✨☘️ 平淡生活里の小美好…                                🌻☘️你看啊，明天崭新的自由～,,2028,2081,1778773063130
6514534541,dengdeng芒果,Female,https://wx4.sinaimg.cn/orj480/0076Sk1Lly8i82q9nrhfxj30u00u042x.jpg,记录日常,,920,1230,1778773066473
2323507007,高安发布,Female,https://wx1.sinaimg.cn/orj480/8a7de73fly8h8vg6zdsooj20fq0fq0uv.jpg,权威高安新闻，海量官方资讯 深度媒体咨询，新鲜民生万事 投稿邮箱：gawxb@126.com 举报热线：0795-5666203,,551,11.4万,1778773069823
5247816227,cgfsujh,Male,https://wx2.sinaimg.cn/orj480/005J9iJdly8i2rlb7obosj30u00u00wo.jpg,,,395,198,1778773073253
6367841796,小拉乱创,Female,https://wx4.sinaimg.cn/orj480/006WWOxKly8g0dbbkaekmj30ro0romze.jpg,愚蠢幼稚不成熟！放肆大胆不清醒！,,1475,391,1778773076649
5995348759,智慧无穷人,Male,https://ww1.sinaimg.cn/orj480/006xJS5xjw8f6gwvogwh6j30ro0rptag.jpg,过好每一天生活,,572,1011,1778773079981
2959474697,z小阿姨,Female,https://wx3.sinaimg.cn/orj480/b0660009ly8hwn8u6z750j20u00u0jt6.jpg,我只爱紫，支持杨紫，来微博只为紫,,392,35,1778773083344
7581312840,当妻又当妈,Female,https://wx1.sinaimg.cn/orj480/008h4pNmly8id531xkw5gj30u00u0t9n.jpg,只是比较爱父母而已,,1785,1.2万,1778773086715
3613336590,TC挑吃,Male,https://wx2.sinaimg.cn/orj480/d75f240ely8huppkglcc6j20sg0sg75w.jpg,命运眷顾有志者,,285,554,1778773090063
1679767197,魏晨官方后援会,Female,https://wx4.sinaimg.cn/orj480/641f369dly8hn2pe73rpbj20u00u00u6.jpg,本博言论仅代表歌迷立场。宣传、合作、投稿请私信联系，正品周边搜淘宝“魏晨全球歌迷会店”。,,224,40.7万,1778773093430
7653416852,半框碎碎念,Female,https://wx2.sinaimg.cn/orj480/008lWXlily8iazi9hrkjdj30u00u0jty.jpg,请让我再平静一些 顺利一些 幸福一些,,85,34,1778773096838
7775047952,Shallow_lin,Male,https://wx2.sinaimg.cn/orj480/008ubj9ely8ib7vlxk9djj30u00u0n09.jpg,老己世界第一喜欢贺峻霖ദ്ദി˶•̀֊•́)✧ 学习是给灵魂安家。 慎关,,240,92,1778773100196
2702902382,周先生Zaaa,Male,https://wx1.sinaimg.cn/orj480/a11b046ely8gl3wets240j20e80e8aai.jpg,🙂🙃,,167,230,1778773103558
1656695360,bread_holic,Female,https://wx4.sinaimg.cn/orj480/62bf2a40ly8i135kza3i5j20u00u0n13.jpg,爱自己是终生浪漫的开始,,169,243,1778773106920
7932208678,枝竹漫記,Female,https://wx2.sinaimg.cn/orj480/008EOJPEly8ia6y0m76tzj30u00u0gob.jpg,^•-•^,,930,3234,1778773110267
1884930244,芝芝Ciisy,Female,https://wx1.sinaimg.cn/orj480/7059c0c4ly8i1ed1mlvgbj20u00u0q7j.jpg,感性、温暖、满满的爱~玫瑰人生,,999,2900,1778773113584
6529956471,而丰富机关6529956471,Female,https://wx3.sinaimg.cn/orj480/0077V1Yzly8gptrvy6h3rj30ro0ro40e.jpg,,,687,24,1778773116928
2012222931,空虚大爆炸,Male,https://wx1.sinaimg.cn/orj480/77f015d3ly8hfc8itjocuj20ow0owabt.jpg,接受平凡的自己~,,45,740,1778773120361
7581047303,软绻泪,Male,https://wx2.sinaimg.cn/orj480/008h3iIvly8id3n8iitmij30u00u0jtw.jpg,让我们步调一致 相伴一生,,953,1.6万,1778773123688
6418402996,用户6418402996,Female,https://wx2.sinaimg.cn/orj480/0070mXOYly8gedijcsp3wj30ig0igju0.jpg,,,945,11,1778773127145
7015977667,美食爱好达人,Female,https://wx1.sinaimg.cn/orj480/007EOki7ly8g1r42yxrt5j30ro0roq4s.jpg,有点疯癫,,1492,921,1778773130522
2687570667,Cherish_栩,Female,https://wx1.sinaimg.cn/orj480/a03112ebly8ico67s5i42j20u00u0diz.jpg,平安顺遂,,1116,797,1778773133877
3907680212,小陈-生活日记,Female,https://wx3.sinaimg.cn/orj480/e8ea77d4ly8i88d4bwpnhj20u00u0wi1.jpg,爱美食🍝   爱五月天🥕   分享I人情侣的日常👫,,948,1006,1778773137236
5313152678,Danae美美3413,Female,https://wx3.sinaimg.cn/orj480/005NzrIWly8i85l70ajwuj30u00u048c.jpg,时而开朗，时而忧愁，时而有梦，时而梦醒！,,68,113,1778773140613
7930339377,淡然一笑生,Male,https://wx3.sinaimg.cn/orj480/008EGTxDly8i1ogoqmtlqj30u00u0mzk.jpg,🇨🇳,,2845,637,1778773143986
5442286176,曾经心痛过之后,Female,https://wx4.sinaimg.cn/orj480/005Wjhfily8hs6kk4ujx3j30u00u0di5.jpg,JILIDUEN,,4221,687,1778773147331
2529223821,生活是一盆水,Female,https://wx4.sinaimg.cn/orj480/96c0e48dly8i497l6mqxtj20u00u0dh5.jpg,爱生活，生活爱我😊,,203,184,1778773150719
2055906795,莹光碌碌,Female,https://ww3.sinaimg.cn/orj480/7a8aa5ebjw8eqdoi55l02j206k098wfm.jpg,照亮了你，幸福了我。,,1197,119,1778773154226
9151947886,财神来到我家门204130825,Female,https://wx4.sinaimg.cn/orj480/009ZmDIGly8ibwyerbd0pj30e80e8aax.jpg,以人为本，不是人的可以以其他为本//具体问题具体分析//素质问题、道德问题不分男女,,183,2,1778773157589
5453435003,Even尼,Female,https://wx4.sinaimg.cn/orj480/005X43z5ly8icn3fa6dxbj30u00u0400.jpg,猛吃能睡不长胖,,580,13,1778773160986
5342739478,白展堂不追星,Male,https://wx2.sinaimg.cn/orj480/005PzABoly8grs21ftpcvj30u00u0jsw.jpg,一直都是个正能量、三观正的宝宝呀～,,324,12.1万,1778773164404
5264021834,加嘉_呀,Male,https://wx2.sinaimg.cn/orj480/005KfixYly8i5ufjjyj4jj30u00u00uz.jpg,收纳整理师，分享美食，记录生活,,2081,4.7万,1778773167768
7819575747,丽的梦婷,Female,https://wx3.sinaimg.cn/orj480/008xc8Rtly8icptdhey31j30u00u0460.jpg,超话粉丝钻咖（Superstar_是小怡没错超话）,,6657,4.8万,1778773171152
6377466275,马丽娜欧力亚,Female,https://wx3.sinaimg.cn/orj480/006XBcjhly8hydquc7c7nj30u00u0gmt.jpg,,,323,50,1778773174487
7226647952,会飞的双鱼0905,Female,https://wx2.sinaimg.cn/orj480/007T4hfWly8gjflf2qfx2j30e80e80t5.jpg,一个碌碌无为的人！一个平凡的人！,,1230,46,1778773177855
7154636153,香菜三三Ya,Female,https://wx4.sinaimg.cn/orj480/007Oc7Hjly8hsdjm3e993j30u00u1q6e.jpg,镇魂,,144,26,1778773181222
7041908911,人间记忆3,Male,https://wx3.sinaimg.cn/orj480/007Gz8bZly8huqrc8gkczj30k00k0wfv.jpg,有时候战死是最优的选择。,,64,122,1778773184607
7396419903,牛奶味-面包,Male,https://wx2.sinaimg.cn/orj480/0084yCHdly4gc39kq5g0bj303o03odfo.jpg,,,658,644,1778773187956
5318830729,小渝粉_,Male,https://wx4.sinaimg.cn/orj480/005NXgQply8ia6m5zkkeaj30u00u03zx.jpg,,,23,4,1778773191346
5865739022,子箫居士,Male,https://wx3.sinaimg.cn/orj480/006oY2FUly8iauxp9hg09j30u00u0jur.jpg,调查、考证、精益求精。,,6,1867,1778773194728
7759492348,维妮的卤蛋阿泽,Female,https://wx1.sinaimg.cn/orj480/008t82qoly8ibv6y2yqo8j30ok0okdha.jpg,眼里心里只容得下黄景瑜,,220,2441,1778773198125
5667672448,小小兔斗士,Female,https://wx2.sinaimg.cn/orj480/006byYvKly8hbqlnpjfw4j30ro0rodid.jpg,为了闪闪发光的宣仪💙,,420,148,1778773201503
7736873315,帅气男神菠萝吹雪,Male,https://wx1.sinaimg.cn/orj480/008rB8bhly8iaenpz8644j30u00u0406.jpg,entreat,,1220,2003,1778773204885
3621116035,--One兔three,Female,https://wx2.sinaimg.cn/orj480/d7d5d883ly8hvaft54ecnj20ig0ig0tk.jpg,爱自有天意,,123,222,1778773208241
2720813292,给未来的自己100句话,Male,https://ww4.sinaimg.cn/orj480/a22c50ecjw1e8qgp5bmzyj2050050aa8.jpg,女孩们丶失恋了又如何 ? 我们可以更好,,3353,320,1778773211633
7848680839,不凡这样,Male,https://wx2.sinaimg.cn/orj480/008zagqrly8hjkocrob4cj30u00u075w.jpg,,,155,18,1778773215015
5814227785,濯魔布丁,Female,https://wx1.sinaimg.cn/orj480/006ltUfvly8icspx3czvtj30u00u0q67.jpg,裴珠泫就是我，我就是裴珠泫！,,957,1320,1778773218376
6329266647,美貌第一要义,Male,https://wx3.sinaimg.cn/orj480/006UkXnVly8ic1rm251qgj30u00u0q54.jpg,我会永远支持你的,,723,1.3万,1778773221735
7465224380,请勿遨游,Female,https://wx3.sinaimg.cn/orj480/0089djSQly8hgdpdtcl7dj30qo0qo75y.jpg,小趴菜一枚。,,177,24,1778773225123
7989919410,鱼鱼大点声,Male,https://wx4.sinaimg.cn/orj480/008IIT1Uly8hzy4h9roojj30ti0ti0w8.jpg,,,59,17,1778773228494
6086570405,妖眸粿粿,Female,https://wx3.sinaimg.cn/orj480/006DUD0ply8haqghutn6bj30qm0qmq42.jpg,本想把日子过成诗，时而简单，时而精致。不料日子却过成了我的歌，时而不靠谱，时而不着调！ ​,,442,74,1778773231863
8016885216,璃雾漫花阶,Female,https://wx1.sinaimg.cn/orj480/008Ky24gly8i46fmattq6j30u00u0go0.jpg,山林从不向四季起誓，枯萎随缘,,1189,1.5万,1778773235216
6159757907,咿呀呦sosweet,Female,https://wx2.sinaimg.cn/orj480/006IRIpZly8i7ofr9peiaj30u00u00y9.jpg,！,,77,52,1778773238601
7520629614,峰哥健康,Male,https://wx1.sinaimg.cn/orj480/008cXNjEly8i5db9lfqofj30u00u0q4x.jpg,,,85,199,1778773241994
1882716061,Dora若冉,Female,https://wx1.sinaimg.cn/orj480/7037f79dly8ht3qtxkq5vj20e80e8wes.jpg,旅游就是从自己待腻的地方到别人待腻的地方去～而我就是个爱旅游的家伙～,,941,358,1778773245376
7742116409,龙戏十斩,Female,https://wx1.sinaimg.cn/orj480/008rX89jly8id5bjtcyy0j30sg0sgq4h.jpg,,,344,4686,1778773248741
7538685657,xxxx_xyx,Male,https://wx4.sinaimg.cn/orj480/008ebyw9ly8i1dtjrhw8kj30qn0qn0u7.jpg,言论自由,,343,15,1778773252122
6257955603,予君以夜,Female,https://wx4.sinaimg.cn/orj480/006PvK7Nly8iaplz34acij30qo0qo76z.jpg,风云不应应星辰,,1302,1219,1778773255471
7796388431,O吃胖ing,Male,https://wx3.sinaimg.cn/orj480/008vCQMvly8hh47d8bw9jj30mw0mwjsr.jpg,,,489,96,1778773258835
2530070827,光明美好前进,Male,https://wx1.sinaimg.cn/orj480/96cdd12bly8hszw7p6xb6j20u00u00wd.jpg,幾时得閒一起食碗糖水,,61,18,1778773262245
3482589012,王者君啊,Male,https://wx4.sinaimg.cn/orj480/cf941754ly8h8v8tawmoaj20ro0romzu.jpg,,,6798,32万,1778773265653
8003667704,调皮捣蛋鬼小招财,Female,https://wx2.sinaimg.cn/orj480/008JEzAAly8i26xvw0kemj30dw0dw75j.jpg,捣蛋鬼😜,,884,33,1778773269054
7224607044,欠爱还情,Female,https://wx2.sinaimg.cn/orj480/007SVIk4ly8i0hqrdextbj30u00u0mzf.jpg,日为朝 月为暮 卿为朝朝暮暮,,176,98,1778773272451
7870702877,一封信写下太多如果-,Female,https://wx1.sinaimg.cn/orj480/008AEFmBly8icxbotwctcj30u00u00ug.jpg,从开始，到永久。,,423,369,1778773275806
5845630349,甜包小奶鹿,Female,https://wx1.sinaimg.cn/orj480/006nBFutly8icds5texu3j30sg0sgtbr.jpg,鹿晗全肯定➕三巡两场 接过鹿晗下班 音乐节一场 四巡七场版🥰,,728,3689,1778773279168
6524287360,笑蹦起来,Female,https://wx3.sinaimg.cn/orj480/0077xfbily8fu8fo4bgelj30jg0jgjrd.jpg,知名搞笑幽默博主,,945,12.7万,1778773282524
8203990277,00-宁朋友2-00,Female,https://wx2.sinaimg.cn/orj480/008Xd6DPly8i6b5sxkuo5j31900u00xo.jpg,,,35,11,1778773285853
7046291119,祈愿文书,Male,https://wx4.sinaimg.cn/orj480/007GRwcLly8icnf2rum9xj30u00u00vy.jpg,你的祈愿，我记下了,,797,1.4万,1778773289181
7949090819,呆萌的小甜心m,Female,https://wx3.sinaimg.cn/orj480/008FXzEfly8htrngfo1xbj30j60j675p.jpg,小妮的新号哈,,1256,102,1778773292607
7557805933,紫飘悠絮186,Female,https://wx4.sinaimg.cn/orj480/008ftMzHly8ibdp4j66q3j30u00u0dkf.jpg,希望你温柔，勇敢，一如既往,,1381,776,1778773296018
4055627236,更叙,Female,https://wx2.sinaimg.cn/orj480/f1bbf5e4ly8id3xts4luwj20u00u0mze.jpg,好运降临,,540,2.2万,1778773299388
6538201304,榴莲千曾卷Joyia,Male,https://wx1.sinaimg.cn/orj480/0078tCPKly8ibocj5sd9yj30q40q4q6y.jpg,好心情正常营业，烦心事永久打烊,,711,90,1778773302819
2793806632,Wu_Betty_531,Female,https://wx2.sinaimg.cn/orj480/a6861b28ly8ic26gj6xhaj20u00u0419.jpg,风生水起靠自己💙 Everything that happens is beneficial to me,,153,50,1778773306188
7909282982,奎葵猫K,Female,https://wx2.sinaimg.cn/orj480/008DgxOmly8icwqec9y2rj30u00u0jv5.jpg,kun&amp;ikun🦁&amp;🐱,,69,16,1778773309542
1869974464,H-Cat,Female,https://wx3.sinaimg.cn/orj480/6f758bc0ly8gtf3cg7p2ij20ro0ro3zq.jpg,花开易见，落难寻。,,1147,2225,1778773312943
5416729335,我讨厌跑800米跨栏_,Female,https://wx2.sinaimg.cn/orj480/005UA2Kbly8i66a73chwgj30u00u00uk.jpg,就是这样,,1025,469,1778773316286
3116005527,Bumblebee平安,Male,https://ww2.sinaimg.cn/orj480/b9ba7897jw1e8qgp5bmzyj2050050aa8.jpg,,,361,666,1778773319695
6019808189,深海雨LIN,Female,https://ww4.sinaimg.cn/orj480/006zov6tjw8fbp91ae2rhj30ks0kswfg.jpg,愿与愁。,,424,234,1778773323094
7482775358,积极向上开心幸福小女孩,Female,https://wx4.sinaimg.cn/orj480/008aoXH8ly8icbbscylywj30u00u0ad9.jpg,心愿是做一个永远开心会赚钱的漂亮小女孩,,668,196,1778773326410
5662645359,-sleepycookie-,Female,https://wx2.sinaimg.cn/orj480/006bdSJFly8icbcz8qqb6j30sg0sg0v3.jpg,爱逢其时,,467,7459,1778773329772
1105251603,L0241007937,Female,https://wx1.sinaimg.cn/orj480/41e0cd13ly8i8ewm0rbulj20u00u0t9y.jpg,世界越喧闹，越要独立思考，静能生慧，宁自多福。,,1283,204,1778773333147
7775220198,李大明白min,Female,https://wx4.sinaimg.cn/orj480/008uc1Xoly8hh4q4qham5j30sw0swq4u.jpg,小甜李一枚ヾ(❀╹◡╹)ﾉﾞ❀~,,1842,74,1778773336533
6610039362,如卡卡卡卡,Female,https://wx4.sinaimg.cn/orj480/007dl3c6ly8i6gv4s9q7wj30u00u0787.jpg,💖白鹿🍍｜马嘉祺💜｜棍铲👿｜杨超越🐑,,155,60,1778773339901
7519907504,云开雾散唯见蓝月皎洁,Female,https://wx2.sinaimg.cn/orj480/008cULsIly8ictn5iezppj30u00u0770.jpg,明天吗，明天轮胎会补好，汽油会加满，我们会去任何地方，就像今天一样。,,1925,1.4万,1778773343246
2935568055,风吟听竹,Male,https://wx2.sinaimg.cn/orj480/aef936b7ly8g8py2r6fu2j20u00u0tfc.jpg,品竹看天下,,2883,46.7万,1778773346594
6460395053,热爱摸鱼-,Male,https://wx3.sinaimg.cn/orj480/0073d9Sdly8ibtfl0kp2ej30u00u0abo.jpg,别看了,,520,16.1万,1778773349950
7745331911,孟与星辰共酌,Female,https://wx1.sinaimg.cn/orj480/008saCEfly4h02obgfotpj303o03o0s0.jpg,最近很暴躁，不要惹我,,2359,219,1778773353375
6003164918,syq_沈云卿,Female,https://wx4.sinaimg.cn/orj480/006ygFqCly8icwz5gmctjj30u00u00u4.jpg,进主页默认张碧晨年轮唯一原唱/OST永一,,436,3396,1778773356731
7846125412,恰似月光i,Female,https://wx3.sinaimg.cn/orj480/008yZxDSly8iatlonies2j30u00u0jxh.jpg,我们两人一起，就已经是一种圆满,,1078,1.4万,1778773360097
7854901080,純白浕,Male,https://wx2.sinaimg.cn/orj480/008zAmAUly8icjnzhq70pj30u00u0mz5.jpg,,,965,1.1万,1778773363507
7755148514,阿溪香薰每晚都想用,Female,https://wx1.sinaimg.cn/orj480/008sPOoyly8i0dprmvq91j30u00u0tbe.jpg,🌷生命的天空，或晴空万里，或阴云密布，或狂风暴雨，无论身处何时，只要坚定信念，乌云必散，暴雨必停，阳光必现。,,2080,57,1778773366861
7559073691,雨色和弦,Female,https://wx4.sinaimg.cn/orj480/008fz6nply8id5bw4afw2j30u00u0jte.jpg,无粉籍无属性,,1861,7万,1778773370191
5017090839,琉璃劼,Female,https://wx2.sinaimg.cn/orj480/005txcvZly8ictea4zvizj30u00u0af0.jpg,,,93,8,1778773373579
6352721682,_那天车窗起雾,Female,https://wx3.sinaimg.cn/orj480/006VVn6Wly8icln9iu62wj30g00g0aav.jpg,孙颖莎,,570,1306,1778773376928
5587309030,哟呼哈哈哈哈哈哈,Female,https://wx1.sinaimg.cn/orj480/00667MjAly8icsvip3txij30u00u0n18.jpg,只喜欢我喜欢的,,464,293,1778773380358
6606414514,in甜心橘味,Female,https://wx1.sinaimg.cn/orj480/007d5QcOly8i8a6sg2cb2j30u00u0wfu.jpg,放心去做 整个宇宙都会帮助你的,,278,228,1778773383715
7240777481,听霁Petrichor,Female,https://wx2.sinaimg.cn/orj480/007U1yZzly8icy0xmtbphj30u00u075b.jpg,my love rosy and chance,,304,4,1778773387084
2631593431,Hi语默初晴,Female,https://wx3.sinaimg.cn/orj480/9cdaedd7ly8gqmg0ldk6fj20e80e8wf6.jpg,,,377,145,1778773390469
7060297182,剧影星综,Female,https://wx1.sinaimg.cn/orj480/007HOhP0ly8h282qseq09j30u00u0tbe.jpg,追星追剧追综艺模式已开启！,,253,1.2万,1778773393802
7922675585,经经鲸鲸,Female,https://wx2.sinaimg.cn/orj480/008EaJQ5ly8ibwzwe3y3lj30u00u0jva.jpg,光是遇见，就已经很美好啦！,,390,263,1778773397143
5859427278,千金日記-,Female,https://wx2.sinaimg.cn/orj480/006oxyHAly8i6foiviteej30u00u0abj.jpg,、         Miss oR miss🌸                                                             所有图频未经授权🈲️All 🌸,,42,2615,1778773400465
6056680603,逗比就是这么傲娇,Female,https://wx4.sinaimg.cn/orj480/006BTdiPly8i94ppm0bxij30u00u0q54.jpg,I'm the one who can seal my fate,,1315,2487,1778773403785
1152677705,风清云淡201704,Male,https://wx3.sinaimg.cn/orj480/44b47749ly8h8boj3yf47j20u00u0jyk.jpg,,,283,101,1778773407169
3299376117,昼沐晴,Female,https://wx3.sinaimg.cn/orj480/c4a87bf5ly8id3k2l0lfzj20u00u0430.jpg,图片视频来源于网络侵权/删,,1970,1.7万,1778773410472
7731419159,棕灰202112,Male,https://wx2.sinaimg.cn/orj480/008refj1ly4gxqg5xgh75j303o03odfl.jpg,,,88,37,1778773413820
2739131660,柴-磊,Male,https://wx1.sinaimg.cn/orj480/a343d50cly8g3ctfbaogoj20hq0hqglz.jpg,凉风有信，秋月无边,,688,161,1778773417179
6329491643,每天睡不着起不来啊,Male,https://wx3.sinaimg.cn/orj480/006UlTUTly8id18yyd708j30u00u0mzt.jpg,不喜欢的 请绕道,,1313,1325,1778773420514
7944516531,逆风也发光_,Male,https://wx3.sinaimg.cn/orj480/008FEnFply8iano11e2gkj30u00u0gpb.jpg,熬过万丈孤独，藏下星辰大海✨,,53,546,1778773423922
8350954565,岳阳楼茱,Male,https://wx2.sinaimg.cn/orj480/00979KLzly8i4tamzlv5xj30dw0dwq46.jpg,,,289,146,1778773427290
1885370845,sxsyxw,Female,https://wx4.sinaimg.cn/orj480/706079ddly8ianqp0lkdaj20u00u0jtd.jpg,善待自己，善待他人。,,786,1403,1778773430656
7052962065,奶芙小甜虾,Female,https://wx3.sinaimg.cn/orj480/007HjvCFly8id5emcdlzsj30u00u0gqb.jpg,分享一些喜欢的动漫,,4794,1.6万,1778773434037
5799728485,易笑而过1128,Female,https://wx3.sinaimg.cn/orj480/006kv4jPly8id4p8zdvt4j30g00g0glr.jpg,“不必飞太高、做一只笨鸟🦩”,,62,36,1778773437386
7775342904,泥耳多隆,Male,https://wx2.sinaimg.cn/orj480/008ucxSwly8i6zz28d4zyj30u00u0tcg.jpg,爱吃瓜的网友,,1121,2.8万,1778773440730
7866792081,华子方世玉,Male,https://wx2.sinaimg.cn/orj480/008AofZfly8ic13voeq03j30om0om405.jpg,悟空，得胜,,615,1262,1778773444109
7592917187,长眉老满,Male,https://wx4.sinaimg.cn/orj480/008hR6Cfly8h2uqyoq6saj30u00u075h.jpg,睁眼看世界，眉长不遮光。 坚持长线投资。,,127,129,1778773447699
7816857038,佳琪吖bbb,Male,https://wx3.sinaimg.cn/orj480/008x0JBkly8id0nnp2yauj30u00u03zu.jpg,梦想不等于现实,,107,104,1778773451046
5512980096,风中的花如玉,Female,https://wx4.sinaimg.cn/orj480/00615TXOly8hl5s2n0740j30e80e8q3a.jpg,,,36,21,1778773454434
7803309429,我也muji,Female,https://wx1.sinaimg.cn/orj480/008w5Tfvly8h8ex0ozdg9j30e80e8jsq.jpg,,,605,12,1778773457767
7821847369,勇敢做全新的自己,Female,https://wx4.sinaimg.cn/orj480/008xlFOxly8hsy2w8ojx8j30u00u0aff.jpg,,,323,77,1778773461149
2250817065,16顺顺顺,Female,https://wx2.sinaimg.cn/orj480/8628be29ly8fnjfpbi8a9j20ku0kt76n.jpg,,,215,112,1778773464480
1862868475,权峰King,Male,https://wx4.sinaimg.cn/orj480/6f091dfbly8hjarbjmuf6j20u00u0abq.jpg,,,535,567,1778773467851
1260293657,昰筱凩,Female,https://wx1.sinaimg.cn/orj480/4b1e8e19ly8ibwb48dt2wj20u00u0wiy.jpg,江畔何人初见月，江月何年初照人,,744,2.6万,1778773471203
6269477225,勇敢小狐不怕困难,Female,https://wx4.sinaimg.cn/orj480/006Qi5qply8i99cs1z8pkj30u00u0goc.jpg,兰铁180事件当事人。六年来亲历怪状，坚持为自己发声。或许是蚍蜉撼树，愿我的坚持能造福后人。,,114,5.9万,1778773474561
2132386743,手心里的橘色小星球,Female,https://wx1.sinaimg.cn/orj480/7f19a3b7ly8i9p3gt2jjuj20u00u0413.jpg,视频丶文章内容皆来源于网络，谨慎吃瓜。,,1618,27.5万,1778773477930
6124545684,佐伊是个坏女孩,Female,https://wx3.sinaimg.cn/orj480/006GtY6Uly8h19l6y4pf0j30u00u0n2g.jpg,adore,,1440,12,1778773481336
1928360793,猫猫_不孤单,Female,https://wx4.sinaimg.cn/orj480/72f07359ly8hb5or40sa1j20u00u0gpa.jpg,你是我唯一的世界，我却与你无关！我的世界只差你！,,512,336,1778773484692
7788795361,过路呀路过呀,Male,https://wx2.sinaimg.cn/orj480/008v6ZtDly8h8hnjnp1mjj30k00k00vq.jpg,闲来无事,,57,9,1778773488068
6150384533,思雯goodfortune,Female,https://wx4.sinaimg.cn/orj480/006IenYxly8i99xd45cv1j30u00u0whw.jpg,没有动态的日子里，都在安静生活……,,716,5207,1778773491459
7790267791,AHS07,Female,https://wx3.sinaimg.cn/orj480/008vdawvly8hsrrmw9jq9j30u00u042w.jpg,证明,,561,385,1778773494894
3570605042,你说爱像云x_,Female,https://wx2.sinaimg.cn/orj480/d4d31bf2ly8i3smv2buwjj20u00u0n3t.jpg,一直为易烊千玺举手！,,383,471,1778773498251
7361527558,结局好的故事,Female,https://wx1.sinaimg.cn/orj480/0082cdBsly8i4vti6brgcj30u00u0jtk.jpg,,,8898,906,1778773501617
2673858330,漫途飘扬,Male,https://ww3.sinaimg.cn/orj480/9f5fd71ajw1e8qgp5bmzyj2050050aa8.jpg,,,682,94,1778773505025
6187304272,春日野穹0vo,Female,https://wx4.sinaimg.cn/orj480/006KJiucly8id5dk0akn0j30u00u0q64.jpg,我们生来本就是最特别的,,206,1025,1778773508412
7766875245,我止于礼_,Female,https://wx1.sinaimg.cn/orj480/008tD13nly8ibrm2l5brej30u00u0tbs.jpg,💙王俊凯 ‖ 🦊 齐司礼                                                           学习新思想，争做新青年。,,739,2万,1778773511726
5316351145,暖暖小盐,Female,https://wx4.sinaimg.cn/orj480/005NMRN7ly8i1k1ky4nqxj30sg0sgtau.jpg,愿生活不太拥挤 愿笑容不必刻意,,9438,32万,1778773515077
5430748926,伯弨核記,Male,https://wx2.sinaimg.cn/orj480/005VwRSCly8fl2q5wxqupj30v90v9whq.jpg,,,4065,1304,1778773518418
1649111590,路人路,Male,https://wx4.sinaimg.cn/orj480/624b7226ly1h93owy9k4dj20u00u0q7m.jpg,Xiao1u个人微博，个人看法，仅供娱乐,,1681,25.4万,1778773521771
7358386448,吃吃猪蹄的小猪猪,Female,https://wx4.sinaimg.cn/orj480/0081Z2soly8hw0iswxbh0j30sg0sgwh5.jpg,自此开始在城市与城市之间奔跑穿梭，衣角遗留着一路的风和疲倦,,455,75,1778773525177
7807075969,迷路的脆皮鸭鸭呀,Male,https://wx2.sinaimg.cn/orj480/008wlH69ly8h903nnh2jej30j60j63yw.jpg,我看到久违的晴朗啊,,4027,615,1778773528520
1628945477,阿汤996,Male,https://wx1.sinaimg.cn/orj480/6117bc45ly8h8c5qqjgz1j20u00u077w.jpg,唯~~~,,1594,195,1778773531930
7787682355,请早早睡觉_,Female,https://wx1.sinaimg.cn/orj480/008v2jVVly8ic9rkrkharj30u00u0ac6.jpg,心情淡淡的、累累的,,3050,41,1778773535367
7299823446,我是邢台小强,Male,https://ss1.sinaimg.cn/orj480/default_avatar_male_180&690,,,101,52,1778773538760
6433001288,甜之半夏_,Female,https://wx4.sinaimg.cn/orj480/0071mdvily8i0gba30dy5j30dl0e8q31.jpg,所谓错过，其实是命运在过滤——把不适合的筛走，才能让真正契合的灵魂精准投递。,,4374,3.1万,1778773542144
7586153167,koluue,Female,https://wx3.sinaimg.cn/orj480/008hoIZ9ly8id46wmoogrj30u00u0tap.jpg,,,1587,3.3万,1778773545516
6605342627,一个时间的旅行者,Male,https://wx1.sinaimg.cn/orj480/007d1lmjly8hjt9na868yj30fk0fkq3y.jpg,,,57,39,1778773548874
6531700960,千野奈绪美,Female,https://wx3.sinaimg.cn/orj480/00782lNuly8id3yonri82j30u00u0412.jpg,一个爱发啥发啥的微博用户^ ^,,1691,1.6万,1778773552229
1655926000,悠远的猫,Male,https://wx1.sinaimg.cn/orj480/62b36cf0ly8gsdu8waw2rj20ru0ruwfi.jpg,,,92,116,1778773555619
7854020843,_linsermn,Female,https://wx2.sinaimg.cn/orj480/008zwFBxly8i2jgftn75oj30e80e8gm5.jpg,,,102,5,1778773558980
1595455744,浅小矜,Female,https://wx4.sinaimg.cn/orj480/5f18b900ly8gdm3aavlj0j20j60eedgv.jpg,臭美的吃瓜群众(*/ω＼*),,472,3万,1778773562342
7898558817,逢冬诗,Female,https://wx3.sinaimg.cn/orj480/008CxxXXly8id5d3v36nnj30n00n03zi.jpg,好想为你挡住世界上所有的坏。,,1347,1.1万,1778773565719
7925730942,天气不是whether,Male,https://wx4.sinaimg.cn/orj480/008EnyG2ly8id0olzbggij30u00u0grj.jpg,感谢你的视奸,,423,1.1万,1778773569107
7214370024,於祢而言我是一颗星吗,Male,https://wx2.sinaimg.cn/orj480/007SeLcQly8id1w1ieaywj30u00u075d.jpg,,,623,437,1778773572490
2285837577,茶与白桃之歌,Female,https://wx4.sinaimg.cn/orj480/883f1d09ly8iczid6b5v8j20u00u0q5r.jpg,永远单推人，喜欢舔狗倒贴苏受和追夫火葬场的受妈 镇魂（防搜索用）,,1308,2044,1778773575845
7988965575,骂我就袅你嘴里,Female,https://wx2.sinaimg.cn/orj480/008IESTtly8iczvmqfvgtj30u00u0wjn.jpg,我是你爹,,347,187,1778773579223
2506410783,麥樂嘎嘎酷,Male,https://wx2.sinaimg.cn/orj480/9564cb1fly8i50n4wa2qtj20go0goab9.jpg,,,63,1232,1778773582655
1011024095,偶然有空-Miss16,Female,https://wx4.sinaimg.cn/orj480/3c4300dfly8fgykrqvzl0j20hs0ildgi.jpg,活着……记录📝生活,,362,809,1778773586032
5619984225,jet_shuyao,Male,https://wx3.sinaimg.cn/orj480/0068kSCRly8i85lz1b8wej30u00u0mz9.jpg,,,813,826,1778773589444
7844779898,綮喵,Female,https://wx2.sinaimg.cn/orj480/008yTTC2ly8ibr3t34f1pj30u00u0wh0.jpg,,,237,71,1778773592789
3840913812,嵩明发布,Female,https://wx1.sinaimg.cn/orj480/e4efb194ly8ha0nu6eqt1j20go0go0ud.jpg,云南省昆明市嵩明县党务政务信息公开平台官方微博,,417,10.9万,1778773596128
7961912483,吃瓜小桃气,Female,https://wx1.sinaimg.cn/orj480/008GPn9hly8id0r2dwh2gj30u00u0n0t.jpg,素材来源网络，如有侵权请联系删除。,,5742,1.4万,1778773599497
2935500587,上下都平坦,Male,https://ww3.sinaimg.cn/orj480/aef82f2bgw1ejicry10l8j20hs0hsgp1.jpg,情,,746,438,1778773602898
7741038335,顾穗安,Female,https://wx4.sinaimg.cn/orj480/008rSBH1ly8ico2k4g7ddj30u00u0wgg.jpg,奥林匹克戒断患者的龙豚热拉号,,888,1.7万,1778773606272
6592682948,The_Last_Standing,Female,https://wx4.sinaimg.cn/orj480/007cadZWly8ibz9gqowydj30u00u0dip.jpg,Feel my Rhythm,,280,256,1778773609613
7839213662,瓜子群众是路人甲乙丙,Female,https://wx4.sinaimg.cn/orj480/008ywxA2ly8i9die3cd5bj30v80thjxg.jpg,欢乐吃🍉，文明上网,,390,9,1778773612993
7986138416,星辰大海_LI,Female,https://wx1.sinaimg.cn/orj480/008It1q8ly8ibmwm4sk0yj30u00u0wh7.jpg,,,174,11,1778773616376
7847257992,灰花会发黑200808,Male,https://wx3.sinaimg.cn/orj480/008z4ihily8hf4wanppzxj30qs0qs0tv.jpg,,,100,3,1778773619768
7729362249,恶女训,Male,https://wx2.sinaimg.cn/orj480/008r5Cd3ly8id3tqi1rdxj30n00n0wfi.jpg,,,260,4.1万,1778773623141
6091536428,丝黛拉_stellara,Male,https://wx4.sinaimg.cn/orj480/006EfsTyly8id3xkou5jbj30u00u00un.jpg,,,253,1612,1778773626488
7925832816,大学生不稀奇,Female,https://wx3.sinaimg.cn/orj480/008EnZbaly8ib8v3ssxyvj30u00u0myj.jpg,,,3245,52,1778773629883
