user_id,nickname,gender,avatar,desc,follows,fans,tag_list,last_modify_ts,source_file
5337977625,杨洋资讯站_大宋猫咖办事处,m,https://wx4.sinaimg.cn/orj480/005PfBPjly8icxtsxf31mj30u00u0wh6.jpg,杨洋官方资讯互动平台,288,223.5万,,1778769429512,search_creators_2026-05-14.csv
7187047331,阿呜呜小七,f,https://wx4.sinaimg.cn/orj480/007Qo7kfly8ib6tdh8pxuj30u00u0jve.jpg,往幸福的天涯飞奔 别回头就往前飞奔,357,7.1万,,1778769432906,search_creators_2026-05-14.csv
2281157913,胜利主义章北海,m,https://wx4.sinaimg.cn/orj480/87f7b519ly8hkt4jphc9jj206g06gjrb.jpg,资深互联网冲浪选手,1246,304万,,1778769436330,search_creators_2026-05-14.csv
6658285516,婉鞠了哈,f,https://wx3.sinaimg.cn/orj480/007gBudSly8ibuel2kspsj30u00u0wgh.jpg,爱李慕婉是天赋,1311,1.1万,,1778769439743,search_creators_2026-05-14.csv
7782738118,·純色雪·,m,https://wx4.sinaimg.cn/orj480/008uHzIaly8id5bujuybmj30u00u0juq.jpg,把爱写成专辑 你是主打曲♡₊˚‧,2680,1.4万,,1778769443186,search_creators_2026-05-14.csv
5514597595,炸小梨偷薯,f,https://wx4.sinaimg.cn/orj480/0061cGKvly8i1xjxplogmj30u00u0dgt.jpg,🈚属🈚雷，温良的yxh一枚,2346,1.5万,,1778769446617,search_creators_2026-05-14.csv
7973329244,云端有封信,f,https://wx2.sinaimg.cn/orj480/008HBhaAly8ictf9j2h0yj30u00u0myp.jpg,喵呜喵呜，嗷呜嗷呜嗷呜ฅ( ̳• ◡ • ̳)ฅ,1556,1.3万,,1778769450075,search_creators_2026-05-14.csv
1675972293,钟佩杉,f,https://wx2.sinaimg.cn/orj480/63e54ec5ly8i95zvtzcubj20u00u0jte.jpg,爱旅游、爱潜水、爱美食、爱追剧的美人鱼教练🧜‍♀️,268,1147,,1778769453494,search_creators_2026-05-14.csv
7164952666,资深娱乐韩梅梅,f,https://wx3.sinaimg.cn/orj480/007OTpuGly8gu3dvu9n3oj3050050q33.jpg,美美子,226,275.2万,,1778769456874,search_creators_2026-05-14.csv
2181597154,俄罗斯卫星通讯社,m,https://wx3.sinaimg.cn/orj480/002nDL4Sly8id3r9q9uhcj60go0go0sv02.jpg,俄罗斯卫星通讯社是一家现代新闻通讯社，产品包括新闻专线、新闻网站、社交网站、手机App、广播电台和媒体新闻中心。,978,1184.6万,,1778769460283,search_creators_2026-05-14.csv
1845864154,看看新闻Knews,m,https://wx2.sinaimg.cn/orj480/6e05a6daly1h8vg7kmg7ej20be0bemxf.jpg,欢迎爆料提供各种新闻线索，你的声音，将直达广播与电视新闻中心。,1630,1600.8万,,1778769463785,search_creators_2026-05-14.csv
5127726727,恰饭而已,f,https://wx4.sinaimg.cn/orj480/005B1pXNly8i01r5tdai3j30dc0dcjrj.jpg,接投稿 会看私信,1815,42万,,1778769467181,search_creators_2026-05-14.csv
3029879143,李玉儿聊车,f,https://wx4.sinaimg.cn/orj480/b4984967ly8i1s3kv6ydzj20u00u0gox.jpg,拥有国家场地和越野拉力赛照的女赛车手🥰 合作请联系vx：lclcc-（非本人）,665,141.3万,,1778769470607,search_creators_2026-05-14.csv
1663612603,中国经济网,m,https://wx3.sinaimg.cn/orj480/6328b6bbly8h8vi7rjifej20hs0hsaao.jpg,中国经济网（ce.cn）是经济日报主办的国家重点新闻网站，以经济报道、资讯传播和经济服务为主要发展方向，致力于打造“最具权威性的财经网站和最有影响力的互动平台”。网站正式发布于2003年7月28日，目前拥有100多个涵盖经济生活各领域的专业频道，每日对外发布新闻信息1万条左右，网站ICP备案及运营主体为中经网传媒有限公司。,849,450.5万,,1778769474018,search_creators_2026-05-14.csv
7404299223,男娘-,m,https://wx3.sinaimg.cn/orj480/00855Gt1ly8id48rtb4fxj30u00u0ad8.jpg,我不是zgk 我只是爱我哥哥的一个普通人,918,2.6万,,1778769477446,search_creators_2026-05-14.csv
7371864851,淇淇的小萌妹,f,https://wx4.sinaimg.cn/orj480/0082TANZly8icq4h0rorej30u00u0411.jpg,唯爱成毅～此生不渝,1203,1.9万,,1778769480823,search_creators_2026-05-14.csv
1796087453,荔枝新闻,m,https://wx2.sinaimg.cn/orj480/6b0e1e9dly8i8a3x2pbnjj20u00u0n02.jpg,爆料投诉请联系：jstv83187982@163.com拍客投稿请联系：lizhipaike@163.com,2009,570.2万,,1778769484289,search_creators_2026-05-14.csv
7551688125,炽心owO,f,https://wx2.sinaimg.cn/orj480/008f473nly8icxfj2353oj30u00u0424.jpg,=ᗜ ᴗ.ᗜ= &amp; =ᗜࡇᗜ=,401,308,,1778769487724,search_creators_2026-05-14.csv
6027618478,易烊千玺今天发自拍了吗,f,https://wx1.sinaimg.cn/orj480/006zVgUSly8i4oysud2u2j30ry0rydk4.jpg,本人于2025.06.20终于见到歪歪扣叉啦,49,11,,1778769491116,search_creators_2026-05-14.csv
7409488102,逆光·樱花,m,https://wx2.sinaimg.cn/orj480/0085rskCly8gsuagc61nkj30ro0rojt7.jpg,,59,13,,1778769494568,search_creators_2026-05-14.csv
1833535585,智玩TOP,m,https://ww1.sinaimg.cn/orj480/6d498861gw1eq9s9uvq65j209g09g74k.jpg,最好玩的智能设备体验和资讯，尽在智玩TOP！,746,68.6万,,1778769497948,search_creators_2026-05-14.csv
5471577216,恋黎季,f,https://wx2.sinaimg.cn/orj480/005Yibbqly8id58l7wvs9j30u00u0783.jpg,需要互关敲我一下,2105,1.9万,,1778769501386,search_creators_2026-05-14.csv
6070341808,Junehook,f,https://wx1.sinaimg.cn/orj480/006COxcQly8i96mc1i8ghj30em0em74i.jpg,要幸福 要快乐,672,13.3万,,1778769504782,search_creators_2026-05-14.csv
5044281310,澎湃新闻,m,https://wx1.sinaimg.cn/orj480/005vnhZYly8ftjmwo0bx4j308c08cq32.jpg,有内涵的时政新媒体,654,3271.6万,,1778769508187,search_creators_2026-05-14.csv
2079751412,辽宁共青团,m,https://wx2.sinaimg.cn/orj480/7bf67cf4ly8hqniqomf55j20ne0neq3x.jpg,中国共产主义青年团（简称共青团）是中国共产党领导的先进青年群众组织，是广大青年在实践中学习共产主义的学校，是中国共产党的助手和后备军。共青…,567,222.9万,,1778769511612,search_creators_2026-05-14.csv
5713365044,HHP良,m,https://wx4.sinaimg.cn/orj480/006eEHf6ly8h685pdkdmej30u00u1dhh.jpg,视频创作，精致图赏拍摄， 商务合作-微信 ：relguan6677,390,147.6万,,1778769515082,search_creators_2026-05-14.csv
1650933515,扬帆锐评,m,https://wx4.sinaimg.cn/orj480/62673f0bly8fn4gwjd6gfj20dw09ugp8.jpg,解读身边事，看透财经势｜有温度，有深度，有锐度,901,38万,,1778769518532,search_creators_2026-05-14.csv
7724124229,貓尾澪冰_,f,https://wx4.sinaimg.cn/orj480/008qJDyRly8ibv2km43lcj30u00u0ac8.jpg,我們如同 白桔梗,674,3467,,1778769521998,search_creators_2026-05-14.csv
1958893615,启明星老A,m,https://wx1.sinaimg.cn/orj480/74c2582fly8i727peeuq6j20u00u0dh5.jpg,专注于教育领域和习惯培养,5202,1.6万,,1778769525434,search_creators_2026-05-14.csv
7831110265,张凌赫工作室official,m,https://wx1.sinaimg.cn/orj480/008xYxw5ly8ic77649z98j30u00u077n.jpg,,12,125.4万,,1778769528837,search_creators_2026-05-14.csv
5307012945,-四分三十三秒-,m,https://wx3.sinaimg.cn/orj480/005N9GuZly8gt1shrxmwmj30u00u075l.jpg,就想当个最接地气的正能量博主。商务请合作私信！,857,768万,,1778769532222,search_creators_2026-05-14.csv
7028493754,奇门君,m,https://wx2.sinaimg.cn/orj480/007FEQiuly8g10efqj5dfj30u00u0wgr.jpg,本就是匆匆过客，又何必耿耿于怀,193,36.8万,,1778769535624,search_creators_2026-05-14.csv
6532474532,呆个泡芙吃_,f,https://wx2.sinaimg.cn/orj480/00785B2sly8icpdzavhjij30u00u0gnr.jpg,想见你每一天^^@jct｜镇魂gayety新建文件夹,1001,1202,,1778769539017,search_creators_2026-05-14.csv
2493198814,巧玲爱吃_櫻桃,f,https://wx4.sinaimg.cn/orj480/949b31dely1ic7yrpsn02j20i80i80ta.jpg,ISFP❤五月天🖐️文俊辉🐱  全肯定！！,2003,1.1万,,1778769542412,search_creators_2026-05-14.csv
7331622139,小怡说车,f,https://wx4.sinaimg.cn/orj480/0080aJPZly8h7k815nfi4j30u00u00ud.jpg,商务合作请私信,679,83.7万,,1778769545831,search_creators_2026-05-14.csv
1463707815,作家陈岚,f,https://wx3.sinaimg.cn/orj480/573e68a7ly8hw5jtg06e0j20u00u0gp6.jpg,作家，编剧。公众号：岚说呢。抖音号：作家陈岚。微信视频号：您说呢,2422,165.6万,,1778769549266,search_creators_2026-05-14.csv
5647295595,游戏那些破事儿,m,https://wx2.sinaimg.cn/orj480/006abtyPly8hkqz1xb5ivj30u00u0q5b.jpg,Kpl欢迎投稿,299,83万,,1778769552681,search_creators_2026-05-14.csv
6552167450,竹小青-,f,https://wx2.sinaimg.cn/orj480/0079qe4aly8grrzegpvf2j30u00u0jta.jpg,女主播要开很多车~,329,2.6万,,1778769556079,search_creators_2026-05-14.csv
6382833825,喝不喝可樂_Yee,f,https://wx2.sinaimg.cn/orj480/006XXIEFly8ibrf19um1fj30u00u00uj.jpg,“不敢幸福” “等着我吧”,155,265,,1778769559510,search_creators_2026-05-14.csv
2019352284,东东的Natasha,f,https://wx1.sinaimg.cn/orj480/785cdedcly8i8fxcg6n2yj20u00u0wha.jpg,你想要的一切终会扺达💪🏻，终有一天你会在自己热爱的世界里闪闪发光✨✨,2101,1.5万,,1778769562912,search_creators_2026-05-14.csv
6370706802,清茶淡粥椰,f,https://wx3.sinaimg.cn/orj480/006X8PRwly8id0s7mr2y5j30u00u040c.jpg,“自舟明月 也照星河 ”克隆羊多莉活不过六年 今天的太阳比昨天的大,2866,2.2万,,1778769566294,search_creators_2026-05-14.csv
5863899330,景珞珞,f,https://wx2.sinaimg.cn/orj480/006oQk5sly8i3lldj9n93j30u00u0myb.jpg,开心就好,354,1704,,1778769569700,search_creators_2026-05-14.csv
6376562493,天仙颜究所,m,https://wx3.sinaimg.cn/orj480/006Xxpc9ly8i6r8g39pmkj30u00u0q5w.jpg,修仙中…,1425,14.4万,,1778769573089,search_creators_2026-05-14.csv
5455747538,封面小主,m,https://ww1.sinaimg.cn/orj480/005XdLa2jw8ezjdnqazs3j30ku0kugnw.jpg,不喜欢就走开 ，不强求别人也别强求自己 .,179,89.8万,,1778769576503,search_creators_2026-05-14.csv
7876553428,29mgrtzbt493,m,https://wx1.sinaimg.cn/orj480/008B3dmkly8ia6mawgdc3j30u00u0wie.jpg,ʢ˶ᵒ ᵕ ˂˶ʡᶻ,374,1469,,1778769579908,search_creators_2026-05-14.csv
7476748260,大公文匯網,m,https://wx2.sinaimg.cn/orj480/0089ZFLSly8i7vuiwez97j30go0gojt7.jpg,香港大公文匯傳媒集團官方微博,629,131.6万,,1778769583315,search_creators_2026-05-14.csv
6140609837,星星-0909,m,https://wx4.sinaimg.cn/orj480/006Hzn89ly8i95k427uexj30u00u0di2.jpg,内娱神颜只有一个,1095,50.7万,,1778769586702,search_creators_2026-05-14.csv
1731403190,中年爷们,m,https://ww2.sinaimg.cn/orj480/67331db6jw1e8qgp5bmzyj2050050aa8.jpg,文化投资人,234,10.5万,,1778769590126,search_creators_2026-05-14.csv
6610418121,金瓜刘亮,f,https://wx4.sinaimg.cn/orj480/007dmDJ7ly8gloczbtrw3j30n00n0jtc.jpg,今晚我就要远航【投稿直接私信📬】,981,113.1万,,1778769593555,search_creators_2026-05-14.csv
5502469866,不安好心_,f,https://wx2.sinaimg.cn/orj480/0060nNLYly8i0c0tke9mnj30u00u0wek.jpg,啥也不是,817,4326,,1778769596965,search_creators_2026-05-14.csv
6314623343,钮钴禄那拉蓉儿,f,https://wx2.sinaimg.cn/orj480/006TlvZBly8hsaqw4qasnj30rs0rs0vf.jpg,茶因不饮而凉，人因不惜而散 视频来源于网络 侵权请私信 侵删谢谢🎀,4069,39.7万,,1778769600387,search_creators_2026-05-14.csv
5594154829,全能选手,m,https://wx1.sinaimg.cn/orj480/0066AvdHly8gdiqj10sr1j30e80e874j.jpg,有个很可爱的人正在读我写的字,403,1008.3万,,1778769603828,search_creators_2026-05-14.csv
6060307497,观察者网出行中心,f,https://wx4.sinaimg.cn/orj480/006C8qP7ly8hxvvhnesmij30u00u0mxs.jpg,观天下事，行万里路。,201,370.5万,,1778769607264,search_creators_2026-05-14.csv
7966362882,戊戊火火寅,f,https://wx3.sinaimg.cn/orj480/008H82TUly8icumcj9rlaj30u00u0jy8.jpg,📢: 玩物！！！——2026年，头等目标，挣大钱。——断网。bye,462,3,,1778769610704,search_creators_2026-05-14.csv
5629152371,牛肉酱西施,f,https://wx4.sinaimg.cn/orj480/0068XlGbly8hubz5xq34uj30pw0pwwg1.jpg,♬♩♪♩(　◜◒◝　 )♩♪♩♬ 商务合作请私信本人,779,57.2万,,1778769614108,search_creators_2026-05-14.csv
6623716262,吞掉面包片,m,https://wx3.sinaimg.cn/orj480/007egrbgly8id39r5a2q8j30u00u0gn9.jpg,不辱男不辱女只辱下家,777,3.4万,,1778769617538,search_creators_2026-05-14.csv
1937593042,一轮红贺,f,https://wx2.sinaimg.cn/orj480/737d52d2ly8i06dau3disj20sf0sf40v.jpg,陪你走到更远（如果想看我的微博补档贺峻霖的话请点原创微博）,634,11.2万,,1778769620954,search_creators_2026-05-14.csv
7453300571,是你的夏小姐啦,f,https://wx1.sinaimg.cn/orj480/0088phXlly8gemivr5royj30u00u0go0.jpg,🍑：无尽夏夏子 小号：无尽夏夏子 公众号：是你的夏小姐啦 相信徐徐图之以及一切自律的自由，分享搞钱方法论、投资思维观和一切有用的干货。,1792,37.1万,,1778769624373,search_creators_2026-05-14.csv
9165142389,余音袅袅yuyin,f,https://wx1.sinaimg.cn/orj480/00a0g0dfly8ic6qyr2p48j30u00u00x5.jpg,,8,2,,1778769627797,search_creators_2026-05-14.csv
5525448506,好运陈瓜瓜,m,https://wx3.sinaimg.cn/orj480/0061Wdzcly8i6m21q4lgij60dc0dc3z402.jpg,金牌十级冲浪选手，你要的爆款这里都有,826,1009.5万,,1778769631246,search_creators_2026-05-14.csv
7751145952,Tan-stop,f,https://wx1.sinaimg.cn/orj480/008sz196ly8ibs49xb7a9j30u00u0q5v.jpg,我永远 唯一的唯一 ₍˄·͈༝·͈˄*₎◞ ̑̑  --檀健次 直观不回,669,652,,1778769634672,search_creators_2026-05-14.csv
5852215869,芒果梨子味牛奶,f,https://wx2.sinaimg.cn/orj480/006o3iGxly8hq1pk9t3rxj30u00u0jva.jpg,,4698,7.8万,,1778769638120,search_creators_2026-05-14.csv
5386924056,王玮晨,m,https://wx4.sinaimg.cn/orj480/005SyZ1Sly8i3tl9bvkkkj30dc0dc3yz.jpg,来点real talk,708,128.9万,,1778769641564,search_creators_2026-05-14.csv
7860831328,-苹果汁-,f,https://wx1.sinaimg.cn/orj480/008zZfk4ly8i84jhdqjc5j30u00u00vb.jpg,最近闭麦几天养号，不新🈷️🐏铁🔥了，人太多了,1557,1.9万,,1778769644984,search_creators_2026-05-14.csv
1880647562,长征后卫薛伯陵,f,https://wx2.sinaimg.cn/orj480/0023h0lcly8hbk2xc0xbvj60u00u0gng02.jpg,善思，勤奋，敬业，担当。,3901,923.3万,,1778769648417,search_creators_2026-05-14.csv
2199344293,____青璃,f,https://wx2.sinaimg.cn/orj480/831754a5ly8hfv818h4mtj20u00u0q4l.jpg,佛系散粉，节假日随缘互，三次元忙碌ing,1488,3.4万,,1778769651820,search_creators_2026-05-14.csv
1671109627,包容万物恒河水,f,https://wx4.sinaimg.cn/orj480/639b1bfbly8h0ikpj331kj20e80e8t8w.jpg,巨大涡流家政服务部顾问、球学家、开源情报搬运工、二手翻译、乐子人、读过一点书、战雷魔兽摸鱼大王、马哲满分、社会治理研究者,3810,115.6万,,1778769655249,search_creators_2026-05-14.csv
7941437602,伪劣冰痕,f,https://wx4.sinaimg.cn/orj480/008FrsHgly8id59rabwpqj30u00u043i.jpg,5bs与🪝不得入内,949,1.4万,,1778769658626,search_creators_2026-05-14.csv
7977020644,宣的r,f,https://wx4.sinaimg.cn/orj480/008HQLtily8ia6qpgbqnbj30ro0rp41i.jpg,我是仪圆🦋,17,22,,1778769662041,search_creators_2026-05-14.csv
5446403027,焦糖软软岛,f,https://wx1.sinaimg.cn/orj480/005WAye7ly8iczfdyev86j30u00u077z.jpg,晚霞会在晚上十点出现,1537,1.2万,,1778769665442,search_creators_2026-05-14.csv
6917765085,Prettygirl416,f,https://wx1.sinaimg.cn/orj480/007yaeIdly8i63uuj9ms6j30e80e80t5.jpg,诋毁本身就是一种仰望,102,28.5万,,1778769668862,search_creators_2026-05-14.csv
7698894435,锦鲤or欧皇,f,https://wx4.sinaimg.cn/orj480/008p1M8Hly8hmu2ycj41dj30hs0hsjs2.jpg,做2025最大的欧皇,640,7,,1778769672254,search_creators_2026-05-14.csv
5974483876,阿钰Ayu-x,f,https://wx2.sinaimg.cn/orj480/006wkkbaly8i01972lgknj30qo0qotaj.jpg,20岁环球世界🌍 30岁努力当个很哇塞的妈妈✨ 分享变美|科学育儿| 放肆旅行｜母婴好物,348,547万,,1778769675642,search_creators_2026-05-14.csv
1603929553,月舒学姐,f,https://wx2.sinaimg.cn/orj480/5f9a05d1ly8how7dlz7nzj20u00u0aic.jpg,,52,132万,,1778769679053,search_creators_2026-05-14.csv
5688340263,椰奶不自由,f,https://wx2.sinaimg.cn/orj480/006cXH9Bly8i98uy2no5sj30u00u0gn7.jpg,为了你 而祈祷 而祝福 而感动,201,191,,1778769682520,search_creators_2026-05-14.csv
7944730307,神奈川的小獭酱,f,https://wx4.sinaimg.cn/orj480/008FFhhply8id5bffn6hij30u00u0q5d.jpg,“从座间出发 飞向世界吧”,1839,1.3万,,1778769685956,search_creators_2026-05-14.csv
7211561239,央视频,m,https://wx1.sinaimg.cn/orj480/007S2YvRly1h8vgi91xayj3050050wec.jpg,中央广播电视总台央视频官方账号。“央视频”是总台推出的综合性视听新媒体旗舰平台。,110,569万,,1778769689329,search_creators_2026-05-14.csv
7857396473,可以叫77,f,https://wx4.sinaimg.cn/orj480/008zKPLbly8i5la8z5d1ej30u00u03zv.jpg,允许一切发生,1429,1729,,1778769692763,search_creators_2026-05-14.csv
7498159071,1991AG7,m,https://wx1.sinaimg.cn/orj480/008brvHxly8i32fuz7a7sj30sg0sg0ux.jpg,游戏/足球双栖博主，格列兹曼人迷，非Supporters/Ultras！只是足球Fans。主页部分素材源于网络，如果有侵致歉私信删除～,822,2.5万,,1778769696193,search_creators_2026-05-14.csv
1769332530,全职泡爸,m,https://wx1.sinaimg.cn/orj480/6975df32ly8iadz7jmtzdj20u00u041p.jpg,家有两娃的全职爸爸 佛系不鸡娃的家庭教育指导师奶爸 19年🐷宝🛜23年🐰宝🌟分享亲子日常、育儿心得和自用母婴好物,423,17.3万,,1778769699659,search_creators_2026-05-14.csv
1763582395,韩庚,m,https://wx4.sinaimg.cn/orj480/691e21bbly8gdjsx9sjhbj20u00u0n10.jpg,商务洽谈及工作联系：      phoebestudio@126.com,296,5267.8万,,1778769703059,search_creators_2026-05-14.csv
6511184518,每日一瓜不吐籽,f,https://wx4.sinaimg.cn/orj480/0076Egx8ly8hx21fkcemsj30sg0sg0x1.jpg,清纯娱乐圈里的一股独流,3117,347.4万,,1778769706570,search_creators_2026-05-14.csv
1553186924,阿泰的深夜评测,m,https://wx4.sinaimg.cn/orj480/5c93c06cly8hozmqz5s05j20e80e8mxh.jpg,用镜头带你发现更多美好，专注科技生活领域，欢迎关注【深夜评测】，商务合作请+vx107921353,2260,178.5万,,1778769709993,search_creators_2026-05-14.csv
7454489284,·O泡果茶·,f,https://wx2.sinaimg.cn/orj480/0088uhc8ly8icxv00ws3dj30u00u0wg7.jpg,蠢货远离我,431,8035,,1778769713397,search_creators_2026-05-14.csv
1652484947,新快报,f,https://wx3.sinaimg.cn/orj480/001NPEP1ly8h8vg6jqgsej60u00u0taq02.jpg,《新快报》于1998年3月30日创刊，世界日报发行量前100强。报料热线：020-87776333 传真：020-87133901 发行热线：020-87133914,606,2632.2万,,1778769716829,search_creators_2026-05-14.csv
6543331021,近财,m,https://wx4.sinaimg.cn/orj480/0078P9j7ly8i2cq87ohwuj30u00u0jyg.jpg,每天分享精彩视频,1121,4.9万,,1778769720243,search_creators_2026-05-14.csv
2615563787,Waitney-桐,m,https://wx3.sinaimg.cn/orj480/9be6560bly8hqh9oj9k41j20u00u041c.jpg,Follow my heart 💜,897,978,,1778769723635,search_creators_2026-05-14.csv
7805562975,瓜瓜浅尝辄止,f,https://wx1.sinaimg.cn/orj480/008wflv1ly8i4ow9s736tj30u00u0q66.jpg,。,231,7,,1778769727042,search_creators_2026-05-14.csv
1651428902,21世纪经济报道,m,https://wx2.sinaimg.cn/orj480/001NLe62ly8h8vgljum5kj60r00oqq4102.jpg,"提供财经资讯、商业故事、各界观点，关注制度建设。微信搜索&lt;21世纪经济报道&gt;或加&lt;jjbd21&gt;,更多精彩内容等着你。",1298,1989.7万,,1778769730485,search_creators_2026-05-14.csv
6911003394,嗑瓜子娱乐冲浪,f,https://wx3.sinaimg.cn/orj480/007xHRGGly8gkok4bqg80j3050050746.jpg,嗑瓜子小哥 每日专用,210,560.5万,,1778769733839,search_creators_2026-05-14.csv
1699432410,新华社,m,https://wx2.sinaimg.cn/orj480/001R0E0aly8h8vg6xx3srj60rs0rsdko02.jpg,新华社官方微博，重大新闻权威首发平台。,3091,1.14亿,,1778769737261,search_creators_2026-05-14.csv
2914396925,幼儿园园一莎弥拉,f,https://wx1.sinaimg.cn/orj480/adb62afdly8ibmi6dc087j20u00u0dj3.jpg,视频转载于网络侵权立即删,3383,25.6万,,1778769740752,search_creators_2026-05-14.csv
3257851324,内娱小青草,m,https://wx1.sinaimg.cn/orj480/c22eddbcly8ibrqn43rrcj20u00u077d.jpg,恭喜你发现宝藏博主～,789,2.9万,,1778769744135,search_creators_2026-05-14.csv
7867672550,小鹿TTKX,f,https://wx4.sinaimg.cn/orj480/008ArX2mly8id0pmy8320j30u00u00vj.jpg,“白梦妍天天开心!”   @白鹿my  唯粉  拒绝真人cp₍˄·͈༝·͈˄*₎◞ ̑̑,444,300,,1778769747550,search_creators_2026-05-14.csv
7905212033,迷路的菠萝my,f,https://wx1.sinaimg.cn/orj480/008CZsLTly8ibo1kasfsbj30u00u00vf.jpg,,75,29,,1778769750983,search_creators_2026-05-14.csv
6081242334,侯卫东88,m,https://wx4.sinaimg.cn/orj480/006DygVMly8ib0m19k9pxj30u00u0gqz.jpg,无可靠山自当山,5690,40.3万,,1778769754402,search_creators_2026-05-14.csv
3160092671,鲨鱼电影,m,https://wx4.sinaimg.cn/orj480/bc5b2fffly8hwygblk54zj20ru0rutcr.jpg,无机构 合作请联系linlin19457,1168,439.9万,,1778769757800,search_creators_2026-05-14.csv
6761024618,懒动力DC,m,https://wx4.sinaimg.cn/orj480/007nyzmaly8i1v1stkq39j30e80e875b.jpg,懒才是科技生产力！,45,58,,1778769761250,search_creators_2026-05-14.csv
2709322862,YiBing啊,f,https://wx2.sinaimg.cn/orj480/a17cfc6ely8gq2pljgzxnj20u00u0762.jpg,人生最重不過飽食和被爱,567,5238,,1778769764720,search_creators_2026-05-14.csv
8005211644,时光缓存区,f,https://wx2.sinaimg.cn/orj480/008JL3eQly8ibloe9zzifj30u00u00ut.jpg,开心快乐每一天,2955,7162,,1778769768086,search_creators_2026-05-14.csv
1041538172,面部轮廓罗金超,m,https://wx4.sinaimg.cn/orj480/3e149c7cly8h50ipgdxr3j20go0godgn.jpg,,82,4.9万,,1778769771477,search_creators_2026-05-14.csv
7551067594,神奈川甜妹,f,https://wx4.sinaimg.cn/orj480/008f1vCOly8id2njg6glpj30u00u0dis.jpg,截我私人微博想干嘛,2259,1.1万,,1778769774954,search_creators_2026-05-14.csv
5710171681,潇洒哥_养ss版,m,https://wx3.sinaimg.cn/orj480/006erivfly8i9xgde47wvj30u00u0taq.jpg,我就是我 不一样的烟火,7647,12.4万,,1778769778372,search_creators_2026-05-14.csv
6244553417,今日俄罗斯RT,m,https://wx2.sinaimg.cn/orj480/006OBvBvly8id2elooulrj30go0goglu.jpg,国际新闻频道,75,212.1万,,1778769781800,search_creators_2026-05-14.csv
6993855345,鹿野予光,f,https://wx3.sinaimg.cn/orj480/007Djvgtly8hllz4vnh3zj30u00u0tae.jpg, ,134,12,,1778769785249,search_creators_2026-05-14.csv
1729562517,七里外的风车_音乐榜样,m,https://wx2.sinaimg.cn/orj480/67170795ly8h8ukhk598aj20qo0hsad5.jpg,不是《乐评人》。也就推动华语音乐文化输出了上亿次,1683,1189.1万,,1778769788653,search_creators_2026-05-14.csv
3016793151,你又在钓我了吧,f,https://wx2.sinaimg.cn/orj480/b3d09c3fly8id4n3808x0j20u00u0tah.jpg,我只想宅在家里然后默默死掉,772,2.5万,,1778769792031,search_creators_2026-05-14.csv
5202542789,琪乐说育儿,m,https://wx4.sinaimg.cn/orj480/005G5l2tly8gz4y0a2wtvj30u00u0wfm.jpg,微博签约作者、中国农影助农先行官、今日头条问答签约作者+原创青云计划奖、百度百家号动态红人奖+计划上榜作者、腾讯新闻知识官、科普中国特邀作者,457,154.9万,,1778769795476,search_creators_2026-05-14.csv
1805685140,安徽网,m,https://wx3.sinaimg.cn/orj480/6ba09194ly8h8vg6yg6wrj20hs0hsq3c.jpg,互联网新闻信息服务许可证：34120180002,1883,123.7万,,1778769798874,search_creators_2026-05-14.csv
3909492335,成成boheyu,f,https://wx2.sinaimg.cn/orj480/e9061e6fly8i6i0bhzzhwj20u00u0413.jpg,ꉂ ᳐˶ᵒ ᵕ ˂˶ ᳐ฅ 在湍急的人潮中光鲜亮丽气势汹汹奋力前行,1033,9366,,1778769802297,search_creators_2026-05-14.csv
7737973995,忆雾曲,f,https://wx1.sinaimg.cn/orj480/008rFKwbly8id445zy26kj30u00u0q4h.jpg,少哔哔，看我动态是闲的来?,576,24.7万,,1778769805730,search_creators_2026-05-14.csv
7738504182,倪莫问my,f,https://wx1.sinaimg.cn/orj480/008rHYrAly8iby3ahcxbsj30u00u0wgu.jpg,“太多人的命运像落叶，只有你，飘起来像金色的一样”,1714,1.7万,,1778769809098,search_creators_2026-05-14.csv
7320270574,月光搁浅前我说爱你,f,https://wx2.sinaimg.cn/orj480/007Zp6Mely8id1z7s2mhtj30u00u0772.jpg,我却这样宝着一些男孩。,240,126,,1778769812528,search_creators_2026-05-14.csv
5237278176,中国城市报,m,https://wx1.sinaimg.cn/orj480/005Ir5iEly8i8gapmtqzgj30b40b4gln.jpg,《中国城市报》社有限公司由人民日报社主管。官方微信：zhongguochengshibao 订阅/广告热线：010-65369482,305,48.5万,,1778769815940,search_creators_2026-05-14.csv
2286092114,中国蓝新闻,m,https://wx2.sinaimg.cn/orj480/8842ff52ly8heqfusvnwbj20rs0rsmxx.jpg,和你一起 与时代同频,8524,812.4万,,1778769819361,search_creators_2026-05-14.csv
6639383499,潘潘Vic,f,https://wx1.sinaimg.cn/orj480/007fkaWDly8iays9kitb9j30u00u0q67.jpg,2981653498@qq.com,197,11.9万,,1778769822771,search_creators_2026-05-14.csv
7467004060,军武吐槽,m,https://wx2.sinaimg.cn/orj480/0089kMRmly8glu78ylzexj30u00u0dgu.jpg,,116,132.7万,,1778769826164,search_creators_2026-05-14.csv
1115171733,三微之朔,f,https://wx2.sinaimg.cn/orj480/42782b95ly8ictvbxl2rgj20u00u0taa.jpg,今天天气真好៷&gt;ᴗ&lt;៷ಣ,812,20.3万,,1778769829632,search_creators_2026-05-14.csv
1969030412,哈侠,m,https://wx2.sinaimg.cn/orj480/755d050cly8ibpqok5mquj20hs0hs3yh.jpg,没事勿扰，有事私信。,770,163.9万,,1778769833060,search_creators_2026-05-14.csv
1930723113,Jokielicious,f,https://wx3.sinaimg.cn/orj480/73147f29ly8hhv38z6b9qj205k05k0sl.jpg,读作 周可莉修斯，个人博，只发我感兴趣的👌（我要把精力放在工作上😡 ）（早睡早起☀️）,1042,22.6万,,1778769836480,search_creators_2026-05-14.csv
1633537680,地球镜头A,m,https://wx2.sinaimg.cn/orj480/615dce90ly8g9ku0qx76uj208c04ot8t.jpg,不知名军事博主，被爱好耽误了的业余摄影师,358,101.1万,,1778769839913,search_creators_2026-05-14.csv
6667432816,峰哥一切为了健康,m,https://wx4.sinaimg.cn/orj480/007hdRQYly8i6lbkvsxr8j30u00u0mya.jpg,中国民间中医医药研究开发协会，擅长颈、肩、腰、腿、疼痛治疗，特制中药见效快，治愈率高，欢迎咨询，合作。,16577,37.3万,,1778769843358,search_creators_2026-05-14.csv
7342654329,下个转弯是你咪,f,https://wx3.sinaimg.cn/orj480/0080V1Oxly8ibwv1v5y27j30u00u00we.jpg,💰性恋,3598,25.6万,,1778769846775,search_creators_2026-05-14.csv
3166262701,湖南卫视歌手,f,https://wx2.sinaimg.cn/orj480/003shjzfly8id53gpwux5j60u00u0djt02.jpg,5月15日周五晚19:30 特别企划，5月22日起 每周五晚19:30 现场直播,953,435.1万,,1778769850174,search_creators_2026-05-14.csv
6792267337,养一条大狗狗,f,https://wx4.sinaimg.cn/orj480/007pFF0Zly8hgqecgy96aj30p80p8wfl.jpg,,309,13,,1778769853581,search_creators_2026-05-14.csv
5601456932,Bunny小课堂,m,https://wx3.sinaimg.cn/orj480/006758Pyly8fg6x9s2jhtj30ku0ku74m.jpg,我还是从前那个少年,109,496.4万,,1778769856937,search_creators_2026-05-14.csv
1647210043,百姓关注,m,https://wx2.sinaimg.cn/orj480/622e6e3bly8h8vikrfgjrj20go0gojrz.jpg,热线爆料三种方法：①拨打热线13984842424或0851-85377666；②下载《百姓关注》手机客户端爆料；③《百姓关注》微信号菜单进入爆料,705,416.8万,,1778769860328,search_creators_2026-05-14.csv
7702236227,解藥副作用,m,https://wx3.sinaimg.cn/orj480/008pfNuzly8id47g5f3g7j30u00u0q5x.jpg,接红稿洗gc，直观不回,1875,1.7万,,1778769863713,search_creators_2026-05-14.csv
3627475047,肖肖雅楠,f,https://wx1.sinaimg.cn/orj480/d836e067ly8ibrfc84ajrj20u00u0gng.jpg,只对肖战无条件宠爱的女友粉梦女！我这里不欢迎任何对肖战说三道四和挑刺的，关注之前看清楚哦,1659,22.1万,,1778769867119,search_creators_2026-05-14.csv
5396094153,大众新闻-大众日报,m,https://wx3.sinaimg.cn/orj480/005TbsAFly8i4b1kqe734j30go0go0t8.jpg,创刊于1939年1月1日，现为山东省委机关报，时刻追逐“有权威、有价值、有品质”新闻。,859,801.6万,,1778769870535,search_creators_2026-05-14.csv
5895933244,是真的挽卿,f,https://wx1.sinaimg.cn/orj480/006r0Jzuly8iclggpdkvtj30u00u0tb3.jpg,是一个复杂的人～,475,266,,1778769873939,search_creators_2026-05-14.csv
7534990979,偷窥尘寰的小黑,m,https://wx3.sinaimg.cn/orj480/008dW3mzly8hge1v3ghbnj30u00u00vo.jpg,,219,1.8万,,1778769877406,search_creators_2026-05-14.csv
1774057271,生命时报,f,https://wx3.sinaimg.cn/orj480/001W3LkXly8h8w4pp4azmj60e80e8q3b02.jpg,人民日报主管，一家具有国际视野的大众健康媒体。更多精彩关注微信“LT0385”。,336,895.5万,,1778769880839,search_creators_2026-05-14.csv
7487195874,赋夜雪,f,https://wx2.sinaimg.cn/orj480/008aHvFMly8icmplwa4blj30u00u0q5r.jpg,我们之间，有情人岁岁年年。,822,1.1万,,1778769884288,search_creators_2026-05-14.csv
3807963087,AlphaBii,f,https://wx1.sinaimg.cn/orj480/e2f8e7cfgy1hgiippt7vpj20hc0hcq3g.jpg,就连上帝审判人，也要等去世以后。,513,19.7万,,1778769887639,search_creators_2026-05-14.csv
2739391033,荷荷楸,f,https://wx2.sinaimg.cn/orj480/a347ca39ly8h66vz9igvkj20u00u0gpc.jpg,阅美女帅哥无数,493,4.2万,,1778769890987,search_creators_2026-05-14.csv
6006335024,看谁谁升咖,f,https://wx1.sinaimg.cn/orj480/006ytY7mly8gh4p4tmge2j30u00u0go1.jpg,吃吃吃，喝喝喝，我有瓜地陪唠嗑,404,153.9万,,1778769894373,search_creators_2026-05-14.csv
1887344341,观察者网,m,https://wx3.sinaimg.cn/orj480/707e96d5ly8h8vg9v0hpjj20go0gowf6.jpg,关注我们,1293,2021.4万,,1778769897779,search_creators_2026-05-14.csv
6548181123,探究人类,f,https://wx2.sinaimg.cn/orj480/00799v2zly8id2umzc31aj30u00u0mzx.jpg,粉的是公主🍓,3413,2万,,1778769901187,search_creators_2026-05-14.csv
7813136166,祎起去看遂宁,f,https://wx4.sinaimg.cn/orj480/008wL7Dgly8id5aqhf9aaj30u00u076f.jpg,🔝鞠婧祎  驰蘅,531,1562,,1778769904632,search_creators_2026-05-14.csv
6741964788,周也yeah,f,https://wx1.sinaimg.cn/orj480/007mgB1yly8ic8y6s93pyj30b40b4wel.jpg,🧶🧶🧶,162,730万,,1778769908089,search_creators_2026-05-14.csv
3271935141,千椿渡,f,https://wx4.sinaimg.cn/orj480/c305c4a5ly8i9pbaadb3oj20sg0sgtb1.jpg,别来我评论区转发区发癫，我只是个追剧的,308,38.6万,,1778769911446,search_creators_2026-05-14.csv
2118205862,宁夏新闻网,m,https://wx4.sinaimg.cn/orj480/7e4141a6ly8h8viu35yx3j20u00u0wgn.jpg,权威媒体，宁夏门户，地方重点新闻网站，由宁夏日报报业集团主管主办。,2431,92.4万,,1778769914836,search_creators_2026-05-14.csv
2625070633,酥酥尖叫姬,f,https://wx2.sinaimg.cn/orj480/9c776629ly8grklo8awolj20u00u076e.jpg,互联网著名花痴剪刀手｜被我看上的人一定很好看,1236,126.3万,,1778769918292,search_creators_2026-05-14.csv
6912311983,丸子要清醒Sita,f,https://wx1.sinaimg.cn/orj480/007xNm6Xly8i5u7k34bskj30u00u0god.jpg,成为自己的太阳,469,1451,,1778769921713,search_creators_2026-05-14.csv
5110720168,科技狗蛋,m,https://wx1.sinaimg.cn/orj480/005zS3Msly8gvv2ylwhvpj30e80e8t9o.jpg,随便聊聊。,360,53.9万,,1778769925125,search_creators_2026-05-14.csv
5507836092,橙新聞,m,https://wx3.sinaimg.cn/orj480/0060KjM0ly8i7wa1wf5frj30go0godgd.jpg,立足于香港的新媒体平台，云集优质新闻与多元思想观点，力求理性、客观、有深度、宽视野。微信公众号ID：橙新聞,453,69万,,1778769928548,search_creators_2026-05-14.csv
5142644514,爱喝摩卡的胖妞儿,f,https://wx3.sinaimg.cn/orj480/005C20Lgly8g0xf76kd05j30u00u0tc4.jpg,,700,173,,1778769931967,search_creators_2026-05-14.csv
6468005444,星探长,m,https://wx4.sinaimg.cn/orj480/0073J5Gsly8h0ryebw94sj30sf0sfgnp.jpg,吃瓜、扒料、安利 圈子里的星探长,2547,1195万,,1778769935392,search_creators_2026-05-14.csv
6577579937,樱弥仁子-,f,https://wx2.sinaimg.cn/orj480/007b8R0Zly8i8eaodqvfxj30u00u0tav.jpg,耶耶⌯&gt;ᴗo⌯ಣ,1363,2611,,1778769938890,search_creators_2026-05-14.csv
3147266495,VeryLucky图图,f,https://wx3.sinaimg.cn/orj480/bb9779bfly8hlao4dz6hfj20u00u0wkn.jpg,碎碎念的日常,1089,3315,,1778769942295,search_creators_2026-05-14.csv
1912416573,河南手机报,f,https://wx1.sinaimg.cn/orj480/71fd293dly8h8vka24uhaj20ql0qlab0.jpg,千万大报 如影随行,2653,147.2万,,1778769945704,search_creators_2026-05-14.csv
6055633137,天赋一饼o,f,https://wx1.sinaimg.cn/orj480/006BOOOdly8hraomr780aj30qo0qotbb.jpg,,953,3206,,1778769949094,search_creators_2026-05-14.csv
1642634100,新浪科技,m,https://wx2.sinaimg.cn/orj480/001Nakaoly8h8vh6pbz8ij60c60c4q3602.jpg,新浪科技是中国最有影响力的TMT产业资讯及数码产品服务平台。让我们带你观察世界变化，看清行业趋势！,2690,2378.8万,,1778769952505,search_creators_2026-05-14.csv
6539010415,小猫亨叽叽,f,https://wx3.sinaimg.cn/orj480/0078x1jVly8id2zdg8em6j30u00u076e.jpg,金泰亨 我会爱你的所有,761,1.5万,,1778769955880,search_creators_2026-05-14.csv
7651489062,Happy加7,f,https://wx2.sinaimg.cn/orj480/008lORPUly8id0i2q0z87j30u00u00w6.jpg,五巡见,1896,1.1万,,1778769959284,search_creators_2026-05-14.csv
2649336307,全张家口微博,m,https://wx1.sinaimg.cn/orj480/9de9a9f3ly8hhtmnjg1t5j20go0gota2.jpg,“全张家口微博”是张家口日报官方微博，是全媒体矩阵的权威微博发布平台。做有温度、有态度、有深度的新时代媒体。,432,18.1万,,1778769962679,search_creators_2026-05-14.csv
3251179750,笙扬说,f,https://wx4.sinaimg.cn/orj480/c1c910e6ly8gzakyqxqqdj20e80e8dg7.jpg,,43,9.4万,,1778769966058,search_creators_2026-05-14.csv
7455578470,去么舞蝶,m,https://wx1.sinaimg.cn/orj480/0088yQxEly8ibw1htxicyj30u00u0jsq.jpg,៸៸◺𓈊◿៸៸,381,752,,1778769969450,search_creators_2026-05-14.csv
7549798684,大田狐狸猫,f,https://wx1.sinaimg.cn/orj480/008eWbwwly8id47o22dr9j30u00u0ta3.jpg,心中有景花香满径 ·͜·˖,1974,1.2万,,1778769972851,search_creators_2026-05-14.csv
5793263871,一杺一杙,f,https://ww2.sinaimg.cn/orj480/006k3WzRjw8ezthmf0vcfj306v09qwel.jpg,我看看怎么个事儿👀,4017,1053,,1778769976259,search_creators_2026-05-14.csv
7444253487,小甜健康,m,https://wx1.sinaimg.cn/orj480/0087NkoDly8icsr3z6hy4j30u00u00vb.jpg,田柾国,204,12.9万,,1778769979628,search_creators_2026-05-14.csv
1691517333,墙角的眼,m,https://ss1.sinaimg.cn/orj480/default_avatar_male_180&690,,343,87,,1778769983024,search_creators_2026-05-14.csv
5454460177,zzz少年的云和月_B站看张工版,m,https://wx4.sinaimg.cn/orj480/005X8mg9ly8ic79lsj5d1j30u00u0tbz.jpg,大知闲闲｜佛系追星废话不听  All凌赫 取关随意 不🈷️,486,1.3万,,1778769986417,search_creators_2026-05-14.csv
6616719538,我觉得可爱啊,f,https://wx4.sinaimg.cn/orj480/007dN50Sly8hw38dhfyu3j30tz0u076f.jpg,🌊,639,20.6万,,1778769989817,search_creators_2026-05-14.csv
6436770205,Jackson-snow,f,https://wx4.sinaimg.cn/orj480/0071C1Yhly8i78m1ru62yj30u00u0414.jpg,我在。 ［所产出图片未经授权🈲二改🈲私印🈲商用］,916,1.2万,,1778769993273,search_creators_2026-05-14.csv
5080678498,偶像冲浪达人,f,https://wx1.sinaimg.cn/orj480/005xQ0zoly8hsy44g3326j30dw0dwq3e.jpg,投稿请私信～,1349,229.8万,,1778769996655,search_creators_2026-05-14.csv
1856404484,凤凰网科技,m,https://wx2.sinaimg.cn/orj480/6ea67c04ly8h0pl2dem57j20e80e8gm4.jpg,凤凰科技，聚焦最新科技资讯和产品，提供深入独到趋势分析，欢迎关注微信账号：凤凰网科技（ifeng_tech）,1712,461.6万,,1778770000111,search_creators_2026-05-14.csv
3843969589,体圈小泡泡,m,https://wx4.sinaimg.cn/orj480/e51e5235ly8i2kof0ksbxj20u00u0jvm.jpg,皮囊而已，剥皮去肉皆为白骨,3776,21.2万,,1778770003493,search_creators_2026-05-14.csv
7774457543,努力是贺峻霖的,m,https://wx2.sinaimg.cn/orj480/008u8Pyvly8i0849hbyvxj30u00u0tdr.jpg,【【【图多刷屏预警】】】/ 是努力给贺峻霖开的站子/不跑路不盈利 / 我儿子是最好的儿子/线上标源即可/线下＆印刷暂不授权/【不接广告不用问】,7,13.8万,,1778770006898,search_creators_2026-05-14.csv
3752699924,腾讯电视剧,f,https://wx4.sinaimg.cn/orj480/dfada814ly8i6qp4keoozj20gn0gnt9c.jpg,你想看的电视剧资讯都在这里哦！,977,264.4万,,1778770010366,search_creators_2026-05-14.csv
2485425080,笑料百宝箱,m,https://wx1.sinaimg.cn/orj480/942493b8ly8i007iqiyp7j20u00u1myr.jpg,不知名搞笑幽默博主 关注我的人两年半都发了财，原因不详！ 【视频均为转载，如有侵权 请私信联系】,1338,134.8万,,1778770013859,search_creators_2026-05-14.csv
5575013261,七根甜不辣,f,https://wx3.sinaimg.cn/orj480/0065ibCJly8ibo9rmyr1sj30u00u0juw.jpg,我们并非单枪匹马💧,596,1165,,1778770017263,search_creators_2026-05-14.csv
6576126185,辣椒横行,f,https://wx4.sinaimg.cn/orj480/007b2KPnly8i976jsdbmgj30u00u0dhs.jpg,是唯粉呦！平等的讨厌所有CP,283,156,,1778770020674,search_creators_2026-05-14.csv
5832617777,梅长牙擦苏,m,https://wx1.sinaimg.cn/orj480/006mJ4khly8feur7d7258j30ro0romza.jpg,周一仙看不穿,524,90,,1778770024071,search_creators_2026-05-14.csv
2822143357,18楼小号,m,https://wx1.sinaimg.cn/orj480/a8367d7dly8ibmorlf044j20u00u077g.jpg,保持存款九位数,864,52.3万,,1778770027506,search_creators_2026-05-14.csv
2017508361,甜芷龍的锁骨,f,https://wx3.sinaimg.cn/orj480/7840bc09ly8ibtf94lavlj20m60m6757.jpg,蹭rs无关任何属性，主页低脂的较多是因为在养号，单取发现一律拉黑，❌大小法，ot45套鲶滑sana，twice.田栩宁，边伯贤，蔡徐坤,2384,3万,,1778770030932,search_creators_2026-05-14.csv
7140445333,元宝咩咩_,f,https://wx3.sinaimg.cn/orj480/007NeA17ly8icr6nxspn7j30pf0pf77o.jpg,梓渝唯一心肝！,1141,1.2万,,1778770034339,search_creators_2026-05-14.csv
6817594578,窝窝头超好吃的,m,https://wx1.sinaimg.cn/orj480/007rnVMSly8i01rmb1cx5j30sf0sfq4v.jpg,喜欢发漂亮孩子,2795,75.3万,,1778770037774,search_creators_2026-05-14.csv
1734530730,大河报,m,https://wx2.sinaimg.cn/orj480/001TnUG6ly8i8ye1dayfwj60u00u0wfc02.jpg,大河报，移动视频化改革后全新升级大河报·豫视频，从一纸风行到融合视频、直播、图文等内容的全媒体矩阵，为看见真实、深度、温暖和美好而努力发声。,1971,2074.7万,,1778770041195,search_creators_2026-05-14.csv
2378564111,娱乐扒皮,m,https://wx3.sinaimg.cn/orj480/8dc6020fly8h8v46jpa8cj208r08rjrg.jpg,知名娱乐博主，知名娱乐评论人,3657,550万,,1778770044596,search_creators_2026-05-14.csv
2709814831,娱大蜀黍,m,https://wx1.sinaimg.cn/orj480/a1847e2fly8i6m35ho04oj20hs0hsdgr.jpg,娱乐综艺影视，合作请私信。,912,546.3万,,1778770047999,search_creators_2026-05-14.csv
6755922254,路易里美,f,https://wx1.sinaimg.cn/orj480/007nd9ZYly8i27vbftz3kj30rr0t2mzk.jpg,不吻立体人🦋追剧磕CP辣评内娱,689,4.4万,,1778770051432,search_creators_2026-05-14.csv
7982201905,春棠洇,f,https://wx3.sinaimg.cn/orj480/008Icvm1ly8icgtlct7sqj30u00u040i.jpg,纠缠命运你即答案,1403,1.3万,,1778770054824,search_creators_2026-05-14.csv
6202265538,薛定谔的英短咕咕咕,m,https://wx1.sinaimg.cn/orj480/006LK4AWly8glvcjf8yk2j30ru0ru77m.jpg,数码圈的“一群民科”，只会讲科学的猴，玻璃心粉碎者，百度第二懂王，海外资料的马前卒,2438,52.4万,,1778770058255,search_creators_2026-05-14.csv
3314422837,首都一橘,f,https://wx2.sinaimg.cn/orj480/c58e1435ly8h8wcyg2f4uj20u00u0jtr.jpg,爱的人很多。喜欢你才拍你。 传递娱乐圈正能量！（所有图文禁一切，二传注明出处） 商务：gaomengluan1990 招聘：hr@happyjuzi.com,1729,228.6万,,1778770061612,search_creators_2026-05-14.csv
1642592432,新浪电视,f,https://wx3.sinaimg.cn/orj480/001Na9kkly8i2lm9ke3hwj60go0go0ug02.jpg,实时关注电视剧资讯,2387,1461.7万,,1778770065041,search_creators_2026-05-14.csv
2356166212,军机不可泄露,m,https://wx4.sinaimg.cn/orj480/8c703e44ly8gxd6ea1wo6j20ro0rodhy.jpg,量子世界是多重互动的现实世界的合影，我们又是几个人的合影呢？,334,65.1万,,1778770068570,search_creators_2026-05-14.csv
3178841952,小圆吃饼,f,https://wx2.sinaimg.cn/orj480/bd794760ly8i72gx6s6epj20sg0sgtat.jpg,百家号 | 只发红稿,6991,1.2万,,1778770071960,search_creators_2026-05-14.csv
2139949234,飞扬军事铁背心,m,https://wx1.sinaimg.cn/orj480/7f8d08b2ly8hhhg8qtwr1j20go0gowfu.jpg,飞扬丐帮帮主。文盲+军盲，又菜又爱玩。,968,97.6万,,1778770075349,search_creators_2026-05-14.csv
6407652213,暴富小甜豆c,f,https://wx2.sinaimg.cn/orj480/006ZDR3fly8icxb5jug15j30u00u0q54.jpg,日升日落 总有黎明🌞,4295,4417,,1778770078744,search_creators_2026-05-14.csv
7508967920,净净曲,f,https://wx1.sinaimg.cn/orj480/008caRzOly8id56mdz11qj30u00u0myl.jpg,wf和tss来我主页可以看到杰哥狠狠法大层层,1922,1.4万,,1778770082195,search_creators_2026-05-14.csv
6803905572,怼怼小朋友J,m,https://wx3.sinaimg.cn/orj480/007qsuEsly8gg7afj6j9ij30ry0rzdis.jpg,上辈子杀过猪，经历一场恶心事开小号，keep real.,118,40,,1778770085630,search_creators_2026-05-14.csv
1815418641,杨洋,m,https://wx2.sinaimg.cn/orj480/001YRjjPly8id3m5nhwppj60u00u0dj302.jpg,ins：yang_0099,356,5586.8万,,1778770089050,search_creators_2026-05-14.csv
5731374962,s形邓媚,f,https://wx1.sinaimg.cn/orj480/006fSgrEly8ia5wsiwmeuj30u00u0zng.jpg,一个人不怕4去，就怕忘记  yx自己喜欢的人，不喜勿看,1033,12.1万,,1778770092462,search_creators_2026-05-14.csv
5058055865,小月同学呀SY,f,https://wx2.sinaimg.cn/orj480/005wj5odly8ic7pxbhx5ij30u00u0gok.jpg,❄️在人声鼎沸的欢喜里 我唯独望向你 我问了问心 它说情不自禁 💙,2913,4.4万,,1778770095877,search_creators_2026-05-14.csv
5376089014,玩车豆豆,f,https://wx3.sinaimg.cn/orj480/005RPwl8ly8h5y0d3yt3cj30e80e8aag.jpg,真实比完美更可贵 拥抱新变化！,1207,165.5万,,1778770099282,search_creators_2026-05-14.csv
2271733044,今晚不睡觉明天不早起,m,https://wx1.sinaimg.cn/orj480/8767e534ly8iccc3gbsy0j20u00u0wg3.jpg,素材来源网络，侵删,2118,1万,,1778770102681,search_creators_2026-05-14.csv
2717686313,甜枣枣T,f,https://wx2.sinaimg.cn/orj480/a1fc9a29ly8hstmum9vqcj20u00u0dh7.jpg,·慢吞吞的人，过懒洋洋的日子。,695,1.2万,,1778770106084,search_creators_2026-05-14.csv
1989660417,胡锡进,m,https://ww3.sinaimg.cn/orj480/7697cf01jw1e8qgp5bmzyj2050050aa8.jpg,胡锡进，一个“复杂中国”的报道者。,387,2491.2万,,1778770109470,search_creators_2026-05-14.csv
2703597591,晓生,m,https://wx1.sinaimg.cn/orj480/a125a017ly8id55wz8o11j20u00u0q4d.jpg,婚姻情感咨询师；八年咨询经验；CCTV3《黄金100秒》分享嘉宾；擅长：情感挽回 | 婚姻修复 | 青少年儿童|原生家庭|婚姻危机处理,788,445.9万,,1778770112894,search_creators_2026-05-14.csv
7009649959,中指物业研究,m,https://wx3.sinaimg.cn/orj480/007EnMajly8g0irhuhqdaj30b40b4wf1.jpg,,190,1.6万,,1778770116340,search_creators_2026-05-14.csv
5938603440,TT-T浦D的Island,f,https://wx4.sinaimg.cn/orj480/006tTM2sly8icymdwp6avj30u00u0js0.jpg,身体抱恙 术后暂别休养 现场见噜噜噜 详看背景最后一张,177,3万,,1778770119749,search_creators_2026-05-14.csv
3030198233,鸢一,f,https://wx1.sinaimg.cn/orj480/b49d27d9ly1id0vnvd75dj20u00u0tb0.jpg,朋朋是天朋朋是地朋朋是我的氧气朋朋是最萌的最帅的最美的唯爱朋朋⚠️其他无关内容系蹭ydl,625,1162,,1778770123179,search_creators_2026-05-14.csv
5608027665,中国环境,m,https://wx1.sinaimg.cn/orj480/0067wIb7ly8h8vgykmomtj30hs0hsgo9.jpg,中国环境报社有限公司官方微博,727,103.5万,,1778770126569,search_creators_2026-05-14.csv
1732472555,巴黎欧莱雅,f,https://wx1.sinaimg.cn/orj480/67436eebly8hzod0nk4mlj20qo0qowf0.jpg,承袭高雅的法兰西浪漫气质，迈着新锐科技专业护肤的脚步，巴黎欧莱雅的产品涵盖了护肤、防晒、彩妆、染发、护发、男士等诸多领域。 自1998年起，巴黎欧莱雅就正式成为戛纳国际电影节的官方指定合作伙伴。巴黎欧莱雅是将美的产品融化于美的文化、艺术、理念，带给全世界的人们。她在全世界范围选择最具魅力的明星，组成“梦之队”，从各个不同角度来讲述巴黎欧莱雅美丽无疆界的气势，并使“巴黎欧莱雅 你值得拥有”的美丽概念成为一种经典。,170,288万,,1778770129999,search_creators_2026-05-14.csv
5494983685,欢乐豆2011,f,https://ww4.sinaimg.cn/orj480/005ZSoh7jw8exddc0y253j301e01egld.jpg,爱运动、爱生活，、更爱自己。视频来自网络，若有冒犯，请私信我删除,728,7582,,1778770133431,search_creators_2026-05-14.csv
2262469252,会游戏的大鱼,f,https://wx4.sinaimg.cn/orj480/86da8a84ly8hbls5qgld9j20u00u0ab5.jpg,,597,6.3万,,1778770136850,search_creators_2026-05-14.csv
5406924900,苍波纯,f,https://wx3.sinaimg.cn/orj480/005TUUa8ly8icyk4qfnztj30u00u0wfo.jpg,没有什么是永远不变，在你这里我永远不变。,319,3159,,1778770140307,search_creators_2026-05-14.csv
6971630643,果酱系外行星,f,https://wx1.sinaimg.cn/orj480/007BOfBxly8ice38pcyi8j30u00u0gn8.jpg,重生之我不是yxh🐱,1018,3.3万,,1778770143696,search_creators_2026-05-14.csv
1798645737,沐晴林溪,f,https://wx4.sinaimg.cn/orj480/6b3527e9ly8i6l0ay3n0aj20u00u0jv6.jpg,身体健康，万事如意。,3256,1.3万,,1778770147140,search_creators_2026-05-14.csv
7047460599,幸运的dqq2026,m,https://wx3.sinaimg.cn/orj480/007GWqrlly8icpxt8w8xdj30ty0u0dj9.jpg,fuck |直fo不回，互fo留言,722,2727,,1778770150555,search_creators_2026-05-14.csv
7732979229,桃子秀的雪绒兔,f,https://wx2.sinaimg.cn/orj480/008rkN9rly8id2sn10moqj30u00u0q63.jpg,爱能克服远距离,734,2.3万,,1778770153990,search_creators_2026-05-14.csv
6986090259,霖次元美少女,f,https://wx4.sinaimg.cn/orj480/007CMVd9ly8ibaaeqdx1bj30u00u0q4w.jpg,oﾟ｡oﾟ｡o゜,294,33,,1778770157426,search_creators_2026-05-14.csv
7951819758,萌猫小兔酱,f,https://wx4.sinaimg.cn/orj480/008G91zoly8i61bdlbiupj30ty0u0dip.jpg,˙.♰镇魂♰.˙,619,1.3万,,1778770160834,search_creators_2026-05-14.csv
5975373899,寻牛记V,f,https://wx2.sinaimg.cn/orj480/006wo3Inly8hxvu9p93trj30lc0lctaq.jpg,解锁财富密码，智慧投资之旅。,213,37万,,1778770164262,search_creators_2026-05-14.csv
6994770449,兔头学姐张铁根,f,https://wx1.sinaimg.cn/orj480/007Dnlkdly8hcplpfmiwoj30k00k00t9.jpg,暴躁学姐张铁根！,172,26.4万,,1778770167697,search_creators_2026-05-14.csv
7991522506,狐狐保安队长,f,https://wx2.sinaimg.cn/orj480/008IPC4ily8iayevh1cwtj30qo0qoadq.jpg,爱就是悬崖下有一朵花，我跳下去为你采摘而来，陪丁程鑫走更远的路,14,2,,1778770171105,search_creators_2026-05-14.csv
6605602892,吴优秀的家,f,https://wx1.sinaimg.cn/orj480/007d2r48ly8geduj05jj0j30n00n0q4j.jpg,体验纷繁人生，看世间百态，自在洒脱，遇见更好的自己……,737,177,,1778770174514,search_creators_2026-05-14.csv
3483062640,噗叽咕咕咕,f,https://wx4.sinaimg.cn/orj480/cf9b5170ly8gbdzy9p7snj20u00u0jsc.jpg,谁不喜欢好看的人呢,740,99.3万,,1778770177935,search_creators_2026-05-14.csv
5585126261,伯文,m,https://wx3.sinaimg.cn/orj480/0065YCtDly8gdir0xf8g3j30u00u0tbf.jpg,商务合作v：bowen978,235,125.4万,,1778770181320,search_creators_2026-05-14.csv
1789681642,第一现场,m,https://wx3.sinaimg.cn/orj480/6aac5fealy8i1pd5xbxk3j20u00u0q3a.jpg,,1411,278.8万,,1778770184727,search_creators_2026-05-14.csv
7555439655,爸爸当家,f,https://wx3.sinaimg.cn/orj480/008fjQZVly8id4yrtvu7gj30k00k0whw.jpg,,80,35.3万,,1778770188104,search_creators_2026-05-14.csv
1630423295,都市频道,m,https://wx1.sinaimg.cn/orj480/612e48ffly8h8vgm73642j205k05ka9y.jpg,河南电视新闻门户，好剧地标。 河南广播电视台都市频道 官方微博。,1218,302.6万,,1778770191475,search_creators_2026-05-14.csv
7402504038,N11小耶,f,https://wx2.sinaimg.cn/orj480/0084Y9sqly8i7ot75zdx1j30u00u0jt6.jpg,世界有浮力 放松 就能被托举,347,2875,,1778770194924,search_creators_2026-05-14.csv
1734959391,冰彬兵,m,https://wx2.sinaimg.cn/orj480/6769611fly8gdinw922poj20u00u0jtm.jpg,同名公众号：冰彬兵,1232,215.6万,,1778770198387,search_creators_2026-05-14.csv
3214513173,派对企划册,f,https://wx4.sinaimg.cn/orj480/bf999415ly8hqo7yjh1lpj20e80e8q3z.jpg,ONLY BTS,160,17.7万,,1778770201777,search_creators_2026-05-14.csv
7519229584,迷惑小记,f,https://wx3.sinaimg.cn/orj480/008cRV6wly8gli5fw4bp5j30ro0rogni.jpg,做个快乐的吃瓜人,1678,9721,,1778770205216,search_creators_2026-05-14.csv
2508357430,杨扁扁-,f,https://wx1.sinaimg.cn/orj480/95827f36ly8icfmgtdub0j20u00u0jux.jpg,你是吃可爱长大的吧！😝,566,8219,,1778770208626,search_creators_2026-05-14.csv
5259310525,艾同学阿,m,https://wx1.sinaimg.cn/orj480/005JVwV7ly8hc6len0epaj30u00u0whf.jpg,日常分享玩机技巧，科技好物，一起了解最新数码圈动态,710,249.9万,,1778770212022,search_creators_2026-05-14.csv
6084203417,关同学GiM,m,https://wx4.sinaimg.cn/orj480/006DKHfbly8h8w7b9tiw2j30sc0scwf5.jpg,爱国、爱家、爱粉丝、爱所有值得爱的一切～合V❤️：GSJ860111,1911,131.7万,,1778770215463,search_creators_2026-05-14.csv
7918249535,ktssasa-磕糖师,f,https://wx3.sinaimg.cn/orj480/008DSaqbly8i3p8wz0bwfj30u00u00uz.jpg,海后海后，有时是磕梦一体机，杂食啥都吃，看不习惯可以🤐,98,1772,,1778770218870,search_creators_2026-05-14.csv
5665478463,今日宜吃瓜啊,m,https://wx2.sinaimg.cn/orj480/006bpLKTly8i66bgduzhwj30u00u0acr.jpg,关注我，为你揭秘更多圈内秘事！,333,749.4万,,1778770222227,search_creators_2026-05-14.csv
3203137375,四川观察,f,https://wx3.sinaimg.cn/orj480/beebff5fly8i6aou48o1nj20go0got9j.jpg,合作邮箱：sichuanguanchayy@qq.com,1425,1522.8万,,1778770225632,search_creators_2026-05-14.csv
1804438074,-D王兜兜,f,https://wx1.sinaimg.cn/orj480/6b8d8a3aly8iclt3obe6zj20k00k0gm5.jpg,🖤 0d  用来记录和分享凌赫相关的一切  全网同名,542,4万,,1778770229040,search_creators_2026-05-14.csv
2910123485,王阿王__,f,https://wx1.sinaimg.cn/orj480/ad74f5ddly8ibj3e1x20lj20sf0sfdhv.jpg,人心不足，知足常乐  ☪️☁️,445,1343,,1778770232404,search_creators_2026-05-14.csv
7379843360,屁桃屁事多,m,https://wx3.sinaimg.cn/orj480/0083r4nCly8ib5mzsmvrdj30ms0msju3.jpg,一只追星路上的🍑 ，线下活动欢迎老师们邀约！！  可投稿，合作v：xiaodouhua0415,1894,27.4万,,1778770235800,search_creators_2026-05-14.csv
1807812760,移动叔叔,m,https://wx2.sinaimg.cn/orj480/6bc10898ly8gdi7kyp07bj20ry0ry0tt.jpg,2022年辰星计划博主&amp;知名数码帐号，微任务商务合作请+V xcaray9（注明来意）,871,189.1万,,1778770239265,search_creators_2026-05-14.csv
5315837385,是小宋yyy,f,https://wx2.sinaimg.cn/orj480/005NKI8Fly8ibrqac2n3gj30b10b13yn.jpg,我先是我 再是任何。,109,29.9万,,1778770242647,search_creators_2026-05-14.csv
7718251403,罗白酱,f,https://wx1.sinaimg.cn/orj480/008qkZLRly8i72ka6kmr2j30u00u011q.jpg,投资爱好者,708,41万,,1778770246081,search_creators_2026-05-14.csv
1649679354,初晓敏,f,https://wx3.sinaimg.cn/orj480/62541bfaly8gdimke19i5j20ro0roac0.jpg,那小初,833,567.3万,,1778770249483,search_creators_2026-05-14.csv
1611025825,一白云朵朵一,f,https://wx1.sinaimg.cn/orj480/60064da1ly8hckncfyo05j20nf0nf407.jpg,,2755,1.6万,,1778770252884,search_creators_2026-05-14.csv
2814493542,楼斌Robin,m,https://wx2.sinaimg.cn/orj480/a7c1c366ly8hpklxgpnrxj20u00u0wfr.jpg,微机分WekiHome创始人,742,204.6万,,1778770256313,search_creators_2026-05-14.csv
5530437862,超维界,m,https://wx3.sinaimg.cn/orj480/0062h9wGly8i2357ywsd0j30go0gojt0.jpg,步入Hongmeng时代，开辟新的蓝海！,913,4.7万,,1778770259679,search_creators_2026-05-14.csv
1170980471,做疝气手术的曾博士,m,https://wx3.sinaimg.cn/orj480/45cbbe77ly8h23i7ws7foj20u00u0myg.jpg,北京协和医学院博士毕业，普外科副主任医师，擅长微创治疗腹股沟疝，脐疝，切口疝，腹直肌分离等腹壁疝！有这方面的需求可以私信我！,786,369.3万,,1778770263118,search_creators_2026-05-14.csv
6610213490,娱圈男孩,m,https://wx2.sinaimg.cn/orj480/007dlMuCly8hn11eusjbrj30sg0sgjso.jpg,我有好故事，哈哈哈哈,276,102.9万,,1778770266533,search_creators_2026-05-14.csv
5128143585,炸洋芋放辣椒,f,https://wx4.sinaimg.cn/orj480/005B3apjly8icmqsd5sxgj30u00u0dib.jpg,直关不回,1200,1.1万,,1778770269967,search_creators_2026-05-14.csv
1844235935,娱乐圈外汉,m,https://ww1.sinaimg.cn/orj480/6decce9fjw8evqwxuve23j20ku0kuta0.jpg,理智追星，节制八卦，热爱生活，积极向上。,1774,614.5万,,1778770273369,search_creators_2026-05-14.csv
1067470263,撒马尔罕的星空,m,https://wx4.sinaimg.cn/orj480/3fa04db7ly8hnjmn8us0ij20u00u0jva.jpg,,958,98.1万,,1778770276772,search_creators_2026-05-14.csv
7199592506,欣欣鑫鑫11,f,https://wx1.sinaimg.cn/orj480/007ReKTMly8iai4aknrx2j30u00u00xq.jpg,,401,359,,1778770280281,search_creators_2026-05-14.csv
3146756851,蓬皮斯,m,https://wx3.sinaimg.cn/orj480/bb8fb2f3ly8hr4833do8fj20u00u077l.jpg,欢迎加入我的粉丝群大家一起交流http://t.cn/AXyUaDC7,9940,1.2万,,1778770283636,search_creators_2026-05-14.csv
5657590517,商丘网警,m,https://wx3.sinaimg.cn/orj480/006aSFJXly8h8wdv66hfhj30go0goabv.jpg,,391,5418,,1778770287062,search_creators_2026-05-14.csv
2114242457,医者思远,m,https://wx2.sinaimg.cn/orj480/7e04c799ly8hdqzrpwd52j20n90n9dgt.jpg,历史学得好的未老中医。,461,54.9万,,1778770290472,search_creators_2026-05-14.csv
6357016358,科技小六,m,https://wx3.sinaimg.cn/orj480/006WdolUly8hzq7oi3p74j30u00u075y.jpg,商务广告合作+v：smcp1993(备注来意),3183,155.3万,,1778770293898,search_creators_2026-05-14.csv
7445369768,MuziL1n,m,https://wx2.sinaimg.cn/orj480/005BHmQ1ly8icrkpjer9cj30u00u0myp.jpg,That this is me trying,104,1.6万,,1778770297300,search_creators_2026-05-14.csv
7444093572,-不开星,f,https://wx1.sinaimg.cn/orj480/0087MENmly8icrjqsu8h2j30u00u0di8.jpg,总有些惊奇的际遇💕,1027,1990,,1778770300724,search_creators_2026-05-14.csv
3963821008,幼儿园大班首富喜羊羊,m,https://wx3.sinaimg.cn/orj480/ec431bd0ly8i4skmzvmrxj20u00u0di3.jpg,,104,9.9万,,1778770304124,search_creators_2026-05-14.csv
7769975125,公益岗_times,f,https://wx2.sinaimg.cn/orj480/008tQ1trly8iatp0ubgyyj30u00u00vq.jpg,𝐓𝐄𝐄𝐍𝐒 𝐈𝐍 𝐓𝐈𝐌𝐄𝐒🖤💛,2202,1488,,1778770307552,search_creators_2026-05-14.csv
2070213285,天空菌,m,https://wx3.sinaimg.cn/orj480/7b64f2a5ly8htbvbmls4bj20rm0rm3zz.jpg,,868,1680.6万,,1778770310964,search_creators_2026-05-14.csv
1735937570,江南都市报,m,https://wx4.sinaimg.cn/orj480/001TtOF4ly8h8vgjpmhq7j60e80e8t9a02.jpg,沟通/合作:15079182969（微信同号）,1279,1127.2万,,1778770314372,search_creators_2026-05-14.csv
2992050891,北京时间,m,https://wx4.sinaimg.cn/orj480/003gul7lly8h8vg84tqdwj60mt0mtmy302.jpg,创造历史的每时每刻  尽在北京时间,1496,1038.3万,,1778770317891,search_creators_2026-05-14.csv
3939426052,地瓜熊老六,m,https://wx2.sinaimg.cn/orj480/eacedf04ly8geb0ltyihbj20j60j60tm.jpg,非著名漫画家,4325,666.5万,,1778770321335,search_creators_2026-05-14.csv
8451251981,如此多娇娇i,f,https://wx1.sinaimg.cn/orj480/009dWAHPly8ibv59wcbeqj30rm0rm40x.jpg,,529,4.9万,,1778770324692,search_creators_2026-05-14.csv
1663937380,财新网,m,https://wx2.sinaimg.cn/orj480/632dab64ly8gdikgfakolj20n00n0750.jpg,财经新闻资讯必读网站，整合资讯、观点、多媒体、互动等信息时代形态丰富的资讯产品，7天24小时输出高品质的原创内容。,441,827万,,1778770328122,search_creators_2026-05-14.csv
1728715190,庄时利和,m,https://wx3.sinaimg.cn/orj480/670a19b6ly8gm410azbeaj20e80e83yo.jpg,总有一些人在关心你,500,248.8万,,1778770331550,search_creators_2026-05-14.csv
2910403165,依旧冷漠等,f,https://wx3.sinaimg.cn/orj480/ad793a5dly8i5zix3mto5j20u00u0dhu.jpg,"简单点 糊涂点 开心点” &quot;不要预支明天的烦恼&quot; &quot;生活其实很美好,就差你一个微笑",2131,1.2万,,1778770335003,search_creators_2026-05-14.csv
5368916103,育儿专家张雅莲,f,https://wx2.sinaimg.cn/orj480/005Rlql1ly8h3csdiu6toj30n00n0aaq.jpg,👩‍⚕️  芒果TV《爸爸当家》育儿鼓励师「著名亲子教育专家」「中国儿童教育发展中心副主任」「中国优生优育协会早期教育专家」多档节目育儿专家,33,5.6万,,1778770338395,search_creators_2026-05-14.csv
1642591402,新浪娱乐,m,https://wx2.sinaimg.cn/orj480/001Na93Ily8ibrhmc4c40j60c80c8q3i02.jpg,新浪娱乐,3531,4507.4万,,1778770341811,search_creators_2026-05-14.csv
2803301701,人民日报,m,https://wx4.sinaimg.cn/orj480/0033ImPzly8h8vgemh8kxj60sa0sadgw02.jpg,人民日报法人微博。参与、沟通、记录时代。,3095,1.58亿,,1778770345199,search_creators_2026-05-14.csv
1151243311,琉玄,f,https://ww1.sinaimg.cn/orj480/449e942fjw8f8nn7si63ij20dw0dwaad.jpg,面无表情，心底欢腾。 【工作邮箱：lx_xx@126.com】,392,278.2万,,1778770348577,search_creators_2026-05-14.csv
2530482895,桥本环纱,f,https://wx1.sinaimg.cn/orj480/96d41acfly8i9lyxrtfoyj20u00u0div.jpg,,870,1.6万,,1778770351988,search_creators_2026-05-14.csv
1291843462,魏晨,m,https://ww1.sinaimg.cn/orj480/4cfff786jw8fb413evb7sj20e80e0js7.jpg,新专辑《旅程》请支持  工作联系方式  经纪人：板板 @板板vivian  工作电话15810114477,239,3159.1万,,1778770355361,search_creators_2026-05-14.csv
5235370515,楚蓉同学,f,https://wx2.sinaimg.cn/orj480/005Ij51Vly8ibz8i0u9wzj30u00u043m.jpg,,71,230.3万,,1778770358762,search_creators_2026-05-14.csv
5046930096,AK-蓝栀小葵,f,https://wx1.sinaimg.cn/orj480/005vyp4kly8i27v80xdl4j30u00u042m.jpg,个人博，乐子人，什么都发，吃百家饭，不搞丑人，不参与粉⭕纷争，💰性恋，讨厌我可以用💰砸我，zgj来我这出👮🏻‍♂️都4000+,3532,1.8万,,1778770362115,search_creators_2026-05-14.csv
7790173399,体育课代表wik,m,https://wx1.sinaimg.cn/orj480/008vcLY3ly8i3nq47p5gpj30dw0dwq3s.jpg,更新各项体育精彩赛事，正能量体育博主 部分视频©️网络 可删,1707,6.2万,,1778770365491,search_creators_2026-05-14.csv
2318265821,半月谈,m,https://wx3.sinaimg.cn/orj480/8a2dedddly8h8twu6oc28j20u00u0gmh.jpg,您身边的时事政策顾问,1613,2000.4万,,1778770368882,search_creators_2026-05-14.csv
7479650822,你的透明伞_Yoik7,f,https://wx1.sinaimg.cn/orj480/008abQRoly8id5c5ts3mhj30u00u0wh7.jpg,=ᗜ ᴗ.ᗜ= &amp; =ᗜࡇᗜ= 纯血激洁毒果 wf ts tss wpg双担来了4️⃣全价 点进主页默认橹穆99,205,114,,1778770372304,search_creators_2026-05-14.csv
5235089692,Oopsboomboom,f,https://wx1.sinaimg.cn/orj480/005IhTYwly8i8aamgg7flj30on0ont9k.jpg,你像只猪一样懒，却又无法像猪一样懒得心安理得,1280,1.5万,,1778770375705,search_creators_2026-05-14.csv
7840362442,泡菜搬运工,f,https://wx4.sinaimg.cn/orj480/008yBmqKly8he63y0vr3tj30u00u0gmm.jpg,翻译/搬运 冲浪愉快,305,22.1万,,1778770379128,search_creators_2026-05-14.csv
2656274875,央视新闻,m,https://wx4.sinaimg.cn/orj480/002TLsr9ly8iakuy3heb6j60j60j6wex02.jpg,“央视新闻”是中央广播电视总台新闻新媒体旗舰账号，是总台重大新闻、突发事件和重要报道的首发平台。,2770,1.4亿,,1778770382542,search_creators_2026-05-14.csv
1497087080,羊城晚报,m,https://wx1.sinaimg.cn/orj480/001DjCJOly8h8vghz8v0gj60kx0kxmxm02.jpg,羊城晚报官方微博，华南地区最早开通的媒体官博。,1792,1292.8万,,1778770385962,search_creators_2026-05-14.csv
5389720333,软柿子扒星,m,https://wx3.sinaimg.cn/orj480/005SKIt7ly8ge41l5f5eqj30j60j6wfy.jpg,娱乐点评人。,836,731.3万,,1778770389377,search_creators_2026-05-14.csv
7943342471,爱吃剁椒鱼头芋,m,https://wx4.sinaimg.cn/orj480/008FzseXly8iaqiur5l8sj30u00u076g.jpg,我也不知道说什么,102,692,,1778770392814,search_creators_2026-05-14.csv
7953628518,Redttcc,f,https://wx4.sinaimg.cn/orj480/005BHmQ1ly8id0k883s29j30u00u0q6n.jpg,分享有趣的视频,334,6.8万,,1778770396158,search_creators_2026-05-14.csv
6470919752,伊丽莎白骨精啊,f,https://wx3.sinaimg.cn/orj480/0073VjPqly8fov5axionrj310w10wq6g.jpg,商务合作请私信联系我，欢迎投稿安利明星，你想知道的娱乐圈资讯我这里都有🤔,3469,451.6万,,1778770399576,search_creators_2026-05-14.csv
1241148864,张杰,m,https://wx3.sinaimg.cn/orj480/001lZJw4ly8i9b921awgoj60u00u0q6c02.jpg,工作请联络新邮箱：jasonstudio@vip.126.com,239,8173.6万,,1778770402952,search_creators_2026-05-14.csv
6213553339,美式咸心,f,https://wx1.sinaimg.cn/orj480/006Mvr4fly8icqaifoep0j30u00u0dh6.jpg,刘浩存狂热女粉丝,184,3.4万,,1778770406316,search_creators_2026-05-14.csv
7766034989,以爱为妍,f,https://wx3.sinaimg.cn/orj480/008tzusRly8hdnvmlnt1qj30hq0hq3zw.jpg,娱乐八卦，影视花絮，军事动漫，社会热点，全方位报道，承接推广！,4553,12.5万,,1778770409708,search_creators_2026-05-14.csv
7818340523,楼言楼娱,f,https://wx4.sinaimg.cn/orj480/008x6Xwvly8harg8dm7esj30hs0hsaap.jpg,“我不生产楼言楼语，我只是楼言楼语的搬运工。”,246,30.9万,,1778770413099,search_creators_2026-05-14.csv
7738159058,洛小蕊子,f,https://wx1.sinaimg.cn/orj480/008rGwF4ly8i81fmk59ipj30u00u0428.jpg,,4141,34.6万,,1778770416596,search_creators_2026-05-14.csv
3200234592,邪恶猫猫教教主,f,https://wx1.sinaimg.cn/orj480/bebfb460ly8ib6slnk9icj20u00u0wma.jpg,绸缎裹钢铁。沧玄99｜-操盘 防搜-,867,492,,1778770420002,search_creators_2026-05-14.csv
7383548435,天赋纯,m,https://wx2.sinaimg.cn/orj480/0083GCeTly8ick8mzodbej30u00u040h.jpg,wonbin,792,2.7万,,1778770423452,search_creators_2026-05-14.csv
6043719541,小柿子乖乖_,f,https://wx4.sinaimg.cn/orj480/006B0Pxrly8iarbmtidwqj30u00u043c.jpg,我是毒妇怎么你了,1829,4.2万,,1778770426879,search_creators_2026-05-14.csv
1886903325,果姐娱乐,f,https://wx2.sinaimg.cn/orj480/0023HfKBly8i55nxm3etxj60u00u0jso02.jpg,原【芒果娱乐】微博，爱追星的果姐欢迎您私信合作或投稿！,1164,652.7万,,1778770430281,search_creators_2026-05-14.csv
5775151341,社恐小窝蛋炒饭_,f,https://wx4.sinaimg.cn/orj480/006iPWGhly8iat3a6odawj30u00u0jui.jpg,无粉籍，接投稿，澄清，洗gc一切可私,1666,1.3万,,1778770433686,search_creators_2026-05-14.csv
7380714139,露露澄,f,https://wx2.sinaimg.cn/orj480/0083uIUrly8id42y66gbdj30u00u0mzh.jpg,LGBT，很雷配种，但厌♀的腐AI也滚。gb=gl＞bl，女主控，杂食。,818,657,,1778770437109,search_creators_2026-05-14.csv
2034347300,郑州晚报,m,https://wx4.sinaimg.cn/orj480/002dFUFely8h8wdfcm3q6j60qo0qoabs02.jpg,,1045,519.6万,,1778770440489,search_creators_2026-05-14.csv
7796793293,小马甲不小,m,https://wx2.sinaimg.cn/orj480/008vEy6xly8hxrc1dvniwj30go0goaaq.jpg,分析师，新能源&amp;手机市场数据分析研究，抽丝剥茧，探寻数字背后的秘密。回望过去，分析当下，展望未来。,578,14.6万,,1778770444009,search_creators_2026-05-14.csv
6376981851,係睫痣,f,https://wx1.sinaimg.cn/orj480/006XzahZly8hijozq6uvoj30u00u0ack.jpg,管好你自己,256,102,,1778770447423,search_creators_2026-05-14.csv
3139945210,妞妞探社,m,https://wx1.sinaimg.cn/orj480/bb27c2faly8i56jnwabkij20j60j63zh.jpg,来这里就对了,214,10.8万,,1778770450806,search_creators_2026-05-14.csv
5058728546,科技小宇,m,https://wx1.sinaimg.cn/orj480/005wlUnUly8i74ugygj73j30tz0u0af0.jpg,谁的青春不迷茫 谁的大腿不怕凉 v：edc88vip,1335,615.3万,,1778770454199,search_creators_2026-05-14.csv
2654147670,观众说车,m,https://wx1.sinaimg.cn/orj480/9e331456ly8hn8eju0rh1j20cp0cpmxa.jpg,话题，商务合作请私信,312,8.4万,,1778770457587,search_creators_2026-05-14.csv
6013052148,选崽的猪吖,f,https://wx2.sinaimg.cn/orj480/006yW9y4ly8i9qe9b1gbgj30u00u0taq.jpg,My love吴宣仪@吴宣仪_Betty,1063,2003,,1778770460990,search_creators_2026-05-14.csv
3443851640,平安达州,m,https://wx2.sinaimg.cn/orj480/cd450178ly8hwfwqbxbvij20u00u0q79.jpg,达州市公安局官方微博。在这里，您可以了解达州公安的警务资讯。 温馨提示：遇紧急情况，请拨打110。,1068,4.1万,,1778770464378,search_creators_2026-05-14.csv
5535324705,Saoirse是自由,f,https://wx1.sinaimg.cn/orj480/0062BEOJly8i8rzmtt5dtj30u00u0acm.jpg,自由是有拒绝的勇气,2688,6211,,1778770467796,search_creators_2026-05-14.csv
2099591797,鍋盖頭司令,m,https://wx3.sinaimg.cn/orj480/002i5FJPly8hqesybtr91j60u00u0wgl02.jpg,科技AI研究｜数码汽车测评｜智能生活分享｜产业商业洞察【商务合作VX：siling192】,2977,892.7万,,1778770471241,search_creators_2026-05-14.csv
2772978773,GeeK老王,m,https://wx4.sinaimg.cn/orj480/a5484c55ly8i916m3mkrij20u00u00z5.jpg,深爱摄影，并热衷于探索这个多彩的世界和科学的海洋。喜欢随时随地出发  ——————商务合作微信联系：baoxige888,1510,204.5万,,1778770474656,search_creators_2026-05-14.csv
1708877153,都市报道,m,https://wx3.sinaimg.cn/orj480/65db6561ly8h8vjdw0iptj20f00f0mxw.jpg,求助拨打24小时新闻热线0371-65732233，或关注后私信（注明事发时间地点事件联系电话），也可发送至dushi65732233@163.com,958,249.9万,,1778770478022,search_creators_2026-05-14.csv
2323101850,法国漂,f,https://wx3.sinaimg.cn/orj480/8a77b89aly8h3qiql5667j20sg0sgdib.jpg,北京～巴黎，合作请在最后一条微博留言，谢谢！,809,144.3万,,1778770481441,search_creators_2026-05-14.csv
7538072391,折頁愛神信,m,https://wx2.sinaimg.cn/orj480/008e8YYLly8icsqqf4ggfj30u00u0q43.jpg,私人博｜直关不回,3958,1.9万,,1778770484843,search_creators_2026-05-14.csv
2847042873,这个村没有希望,m,https://wx2.sinaimg.cn/orj480/a9b26d39ly8ibmhitojt7j20h20h2aab.jpg,滚出东宫地盘,877,5488,,1778770488203,search_creators_2026-05-14.csv
6298683214,o旺仔牛奶糖-见过周杰伦版,f,https://wx3.sinaimg.cn/orj480/006SgDeKly8i348r4g7amj30u00u0jtl.jpg,No one is coming 全力专注于自我筑基,116,37,,1778770491597,search_creators_2026-05-14.csv
7169662622,可是你却冷冰冰,f,https://wx4.sinaimg.cn/orj480/007PdaLIly8id40zghfnrj30u00u0tay.jpg,不懂欣赏你的人都是傻瓜🦋🧸,1539,1.3万,,1778770495024,search_creators_2026-05-14.csv
5578028965,阿陆为什么要上班,f,https://wx3.sinaimg.cn/orj480/0065uQ97ly8hca21avmyyj30qo0qodhv.jpg,本人沉迷转发抽奖。上来就骂人的会拉黑，欢迎理性讨论。,1448,43,,1778770498421,search_creators_2026-05-14.csv
7942707110,忧绪难述,f,https://wx4.sinaimg.cn/orj480/008FwMXcly8id5cmhfdm5j30u00u0wgw.jpg,你人不错,956,1.1万,,1778770501821,search_creators_2026-05-14.csv
5902696506,时代少年团-贺峻霖,m,https://wx4.sinaimg.cn/orj480/006rt70mly8hdl2xf013dj30e80e8glt.jpg,时代少年团组合成员 贺峻霖,122,1952.4万,,1778770505217,search_creators_2026-05-14.csv
2056760950,兰溪新闻网,m,https://ww1.sinaimg.cn/orj480/7a97ae76jw1e8qgp5bmzyj2050050aa8.jpg,兰溪新闻网官方微博 兰江论坛 http://bbs.lxnews.zjol.com.cn,5008,3.1万,,1778770508598,search_creators_2026-05-14.csv
9055506035,御猫展昭99,m,https://wx3.sinaimg.cn/orj480/009SPYMXly8id3m6z32pej30u00u0mza.jpg,仗剑行，守世间公道。,3,2286,,1778770511976,search_creators_2026-05-14.csv
7534248240,_我不是沈梦溪,f,https://wx1.sinaimg.cn/orj480/005BHmQ1ly8ib58ljw3voj30u00u0mzu.jpg,奶茶分我一杯,1545,1.2万,,1778770515395,search_creators_2026-05-14.csv
2295238983,远去背影,m,https://wx2.sinaimg.cn/orj480/88ce9147ly8g6syfs1cfpj20re0reabj.jpg,案牍间谋生 闲暇时追梦  不饮盗泉水 不栖恶木荫 与清风为伴 与正义同行 值得关注的时评博主,599,28.9万,,1778770518762,search_creators_2026-05-14.csv
1232637712,Jasmine米多多,f,https://wx3.sinaimg.cn/orj480/49788f10ly8fhlt2lbzivj20ro0rowhm.jpg,一衰烟雨任平生,2863,2649,,1778770522170,search_creators_2026-05-14.csv
7202157058,双角度看世界,m,https://wx4.sinaimg.cn/orj480/007Rpw3wly8giq71jhufdj30ru0rugn6.jpg,别给我安粉籍 我喜欢任何品行端正努力上进的女生～,99,1万,,1778770525617,search_creators_2026-05-14.csv
7553752404,在圈里收瓜,f,https://wx4.sinaimg.cn/orj480/008fcM4cly8hc7mi1eg1pj30t10t1acm.jpg,春风若有怜花意，可否许我再少年。,774,63.3万,,1778770529033,search_creators_2026-05-14.csv
1617566333,黑光乍泄,m,https://wx4.sinaimg.cn/orj480/606a1a7dly8hinduc0nvxj20u00u0tez.jpg,理解自己所受的限制，就是自由的开端。,84,425.8万,,1778770532466,search_creators_2026-05-14.csv
7944475982,多肉大王来也,f,https://wx3.sinaimg.cn/orj480/008FEd7oly8ici82l25u5j30u00u075o.jpg,,141,9,,1778770535856,search_creators_2026-05-14.csv
7520048783,顶流执行官,m,https://wx4.sinaimg.cn/orj480/008cVmdply8id1wh92fk2j30u00u0n0n.jpg,商务合作请私信,1123,1.3万,,1778770539225,search_creators_2026-05-14.csv
1751714412,大皖新闻,m,https://wx4.sinaimg.cn/orj480/001Uy0Wgly8ia2ykszcvbj60go0got9n02.jpg,真相 真情 真理 | 互联网新闻信息服务许可证：34120180002,1250,440.7万,,1778770542777,search_creators_2026-05-14.csv
7450710089,椿山語yu,f,https://wx3.sinaimg.cn/orj480/0088eq3nly8icwy64xwkmj30u00u0jsk.jpg,天天开心。,224,188,,1778770546283,search_creators_2026-05-14.csv
1653603955,扬子晚报,f,https://wx2.sinaimg.cn/orj480/001NUlVxly8i8a0obgofpj60dw0dwq3j02.jpg,扬子晚报官方微博，新闻热线：025-96096。,2681,2019.6万,,1778770549686,search_creators_2026-05-14.csv
6171706964,嗖就热了,m,https://wx1.sinaimg.cn/orj480/006JFQUIly8i2951ibd8qj30u00u0jsw.jpg,花园别墅的梦还没实现，不努力怎么行！,528,269.2万,,1778770553079,search_creators_2026-05-14.csv
1812175903,科学未来人,m,https://wx4.sinaimg.cn/orj480/6c039c1fly8g2rwbv706cj20s20s2n1h.jpg,韩非，博士，副研究员，科技史，科技战略与政策，新兴技术、毒品与安全研究员，科普作者，十大影响力科普大V/新知博主,618,258.8万,,1778770556475,search_creators_2026-05-14.csv
3515639462,科技日报,f,https://wx3.sinaimg.cn/orj480/d18c66a6ly1h8w4dxty65j20ku0ku3z3.jpg,科技日报社官方微博。速览科技热点，共话创新力量。,518,148万,,1778770559937,search_creators_2026-05-14.csv
2716593467,郑州日报,m,https://wx2.sinaimg.cn/orj480/a1ebed3bly8gdipyxbtuxj20m80m878d.jpg,权威决定影响 品质引领未来,670,174.5万,,1778770563321,search_creators_2026-05-14.csv
2897299792,麦麦初岛,f,https://wx1.sinaimg.cn/orj480/acb14950ly8iacywx39lij20u00u0gnk.jpg,记录Song,161,32.3万,,1778770566712,search_creators_2026-05-14.csv
1768034612,4pm延妹纸,f,https://wx2.sinaimg.cn/orj480/69621134ly8h5yacf5p2dj20u00u0mzo.jpg,向阳而生☀️,524,7.3万,,1778770570100,search_creators_2026-05-14.csv
1288369910,浙江卫视,f,https://wx1.sinaimg.cn/orj480/001pbRRQly8iall9atze2j60u00u00t902.jpg,,1231,898.7万,,1778770573486,search_creators_2026-05-14.csv
2875033400,昆明市总工会,m,https://wx2.sinaimg.cn/orj480/ab5d8738ly8h8vgurpzgmj20rn0rnac7.jpg,昆明市总工会的信息窗口,386,10.2万,,1778770576920,search_creators_2026-05-14.csv
7740023752,钦尽全力_涵,f,https://wx4.sinaimg.cn/orj480/008rOlKMly8i1chijsevhj30tc0tc76v.jpg,希望你学会快乐，我们未来见！,748,1万,,1778770580344,search_creators_2026-05-14.csv
7758277121,亿袋炒板栗,f,https://wx4.sinaimg.cn/orj480/008t2WhXly8icr58xezxhj30u00u0jua.jpg,,762,4733,,1778770583723,search_creators_2026-05-14.csv
7890111664,哈鲁米kiyoi,f,https://wx3.sinaimg.cn/orj480/008BY6tyly8id5arcjahuj30u00u0n0f.jpg,镇魂｜疯狂溺爱我的moon🌙 ，追星冲浪博，直关不回请私，别来找事,1660,1.1万,,1778770587167,search_creators_2026-05-14.csv
2674720851,长寿发布,m,https://wx1.sinaimg.cn/orj480/9f6d0053ly8h8w41m2nsjj20j60eawf0.jpg,“长寿区政务微博”旨在通过整合全区各级职能部门微博资源，有效发挥政务微博在政务公开、沟通民意上的积极作用，为网民提供更便捷更有效的沟通平台。,421,1.4万,,1778770590642,search_creators_2026-05-14.csv
5566634538,张子钿,m,https://ww3.sinaimg.cn/orj480/0064J1W2jw1f9weds1adnj30m80m8djv.jpg,,2964,78.8万,,1778770594026,search_creators_2026-05-14.csv
7308561938,美好的陷落,f,https://wx3.sinaimg.cn/orj480/007YBYPgly8hft60g8udpj30u00u0acp.jpg,票来票来票来,551,64,,1778770597460,search_creators_2026-05-14.csv
1784473157,中国新闻网,m,https://wx3.sinaimg.cn/orj480/001WLsZ7ly8h8vgjl2u01j608c08caa302.jpg,看中国新闻，就上中国新闻网,1311,8182.5万,,1778770600868,search_creators_2026-05-14.csv
7556081682,1inyi_,f,https://wx2.sinaimg.cn/orj480/008fmy1cly8ibzrkhbf7tj30u00u0di2.jpg,成为树 与张凌赫见面版本,433,22,,1778770604275,search_creators_2026-05-14.csv
7897044533,泥麻薯了_o,f,https://wx4.sinaimg.cn/orj480/008Crc21ly8icz7a88r26j30u00u0n0i.jpg,闭嘴,651,1.9万,,1778770607666,search_creators_2026-05-14.csv
7548910955,Atong数码,m,https://wx3.sinaimg.cn/orj480/008eSsAjly8hbee1oi270j30gb0gbjrv.jpg,atong数码，一个专注于数码科技的老司机！,471,90.1万,,1778770611048,search_creators_2026-05-14.csv
