user_id,post_count,reply_count,total_actions,total_likes_received,fans_count,pagerank_score,betweenness_score,in_degree_weighted,out_degree_weighted,burst_power,response_speed,active_duration,originality_score,sentiment_intensity
1007614311,0,1,1,19,,0.0012197446110142397,0.0,0,1,0.716607013119801,32.776666666666664,0.0,0.5,0.5
1031927744,1,0,1,11,76000.0,0.0032926645971750766,0.0,2,0,0.2643173730549615,37.285,0.0,0.9379392348012551,0.06698100468093819
1056791535,1,0,1,328,48000.0,0.004329124590255494,0.0,3,0,7.831270203343347,37.34888888888889,0.0,0.9264016127454487,0.057558663677971335
1078779184,1,0,1,24,875000.0,0.002256204604094658,0.0,1,0,0.6755340436086514,35.70305555555556,0.0,0.9218913588240975,0.06659459952939698
1105788770,0,1,1,81,,0.0012197446110142397,0.0,0,1,2.346361478664943,35.41583333333333,0.0,0.5,0.5
1105980861,0,1,1,4,,0.0012197446110142397,0.0,0,1,0.11407806256950227,35.571666666666665,0.0,0.5,0.5
1130556244,1,0,1,52,1752000.0,0.002256204604094658,0.0,1,0,1.31356355975104,36.785,0.0,0.9259848513037034,0.06576234227992356
1167720097,1,0,1,178,2283000.0,0.004329124590255494,0.0,3,0,13.383274725029764,25.877777777777776,0.0,0.9113301538107189,0.062017184657293195
1198290983,1,0,1,14,16000.0,0.0032926645971750766,0.0,3,0,0.38230903559971174,36.005833333333335,0.0,0.907708797714398,0.06689183426135176
1216886517,0,1,1,238,,0.0012197446110142397,0.0,0,1,7.177799759334975,35.01277777777778,0.0,0.5,0.5
1222135407,1,0,1,54,11671000.0,0.002256204604094658,0.0,1,0,1.4754810121537982,36.0,0.0,0.8979368668450002,0.0657028953335326
1228479347,0,1,1,0,,0.0012197446110142397,0.0,0,1,0.0,38.016666666666666,0.0,0.5,0.5
1243432494,0,1,1,0,,0.0012197446110142397,0.0,0,1,0.0,36.29388888888889,0.0,0.5,0.5
1253846303,1,0,1,258,2641000.0,0.004329124590255494,0.0,3,0,9.293550788804556,33.23638888888889,0.0,0.9449926654953288,0.05963930680165487
1257000310,0,1,1,7,,0.0012197446110142397,0.0,0,1,0.2157177809265186,34.79694444444444,0.0,0.5,0.5
1273590234,0,1,1,9,,0.0012197446110142397,0.0,0,1,0.3248246219380629,33.216944444444444,0.0,0.5,0.5
1283431191,1,0,1,515,14767000.0,0.004329124590255494,0.0,3,0,16.57259179307221,34.36416666666667,0.0,0.7736619087192274,0.05200037419041675
1358912827,1,0,1,71,12000.0,0.004329124590255494,0.0,3,0,2.2738750181833316,34.411944444444444,0.0,0.8761545292358586,0.06519759628920946
1409266353,0,1,1,2,,0.0012197446110142397,0.0,0,1,0.12881108891005305,27.425555555555555,0.0,0.5,0.5
1446388662,1,0,1,179,433000.0,0.0032926645971750766,0.0,2,0,6.763017317233404,32.759166666666665,0.0,0.8881081003289962,0.06198746118409772
1455232643,1,0,1,0,104000.0,0.0012197446110142397,0.0,0,0,0.0,37.97027777777778,0.0,0.9048723018224407,0.06730796288608847
1539727225,1,0,1,2846,1999000.0,0.004329124590255494,0.0,3,0,93.33522259892175,34.17472222222222,0.0,0.9315023416130294,0.017285041828244942
1552789484,0,1,1,0,,0.0012197446110142397,0.0,0,1,0.0,38.153888888888886,0.0,0.5,0.5
1561540907,0,1,1,1,,0.0012197446110142397,0.0,0,1,0.02376994447992203,37.39333333333333,0.0,0.5,0.5
1563364657,0,1,1,493,,0.0012197446110142397,0.0,0,1,15.418019947565323,34.64972222222222,0.0,0.5,0.5
1579057413,0,1,1,0,,0.0012197446110142397,0.0,0,1,0.0,38.24138888888889,0.0,0.5,0.5
1596187217,0,1,1,729,,0.0012197446110142397,0.0,0,1,25.612041728154253,33.486111111111114,0.0,0.5,0.5
1613722927,0,1,1,17,,0.0012197446110142397,0.0,0,1,0.5963677529492857,33.50111111111111,0.0,0.5,0.5
1614572734,0,2,2,1,,0.0012197446110142397,0.0,0,2,0.026240678849698787,36.38305555555556,0.021388888888886015,0.5,0.5
1615676241,0,1,1,1176,,0.0012197446110142397,0.0,0,1,36.460709894747716,34.73638888888889,0.0,0.5,0.5
1636678683,1,0,1,0,603000.0,0.0012197446110142397,0.0,0,0,0.0,38.46944444444444,0.0,0.8669281847583352,0.06730796288608847
1642591402,2,0,2,7463,45075000.0,0.007438504569496749,0.0,6,0,254.5211624218668,33.759166666666665,2.7408333333333346,0.8891692727210627,0.10868387973926918
1642634100,1,0,1,212,23788000.0,0.004329124590255494,0.0,3,0,6.22456114666971,35.280833333333334,0.0,0.9120411390731125,0.0610065865686469
1649173367,1,0,1,956,48347000.0,0.0034222220963101286,0.0,3,0,31.79514065781691,34.034444444444446,0.0,0.9305845049861019,0.038892322511210484
1654774993,0,1,1,2,,0.0012197446110142397,0.0,0,1,0.05555352130949733,35.83555555555556,0.0,0.5,0.5
1654876592,0,1,1,0,,0.0012197446110142397,0.0,0,1,0.0,33.96805555555556,0.0,0.5,0.5
1655444627,1,2,3,19,17981000.0,0.0012197446110142397,0.0,0,0,2.2000817851071415,21.559444444444445,0.112222222222222,0.9000123214844157,0.06674321689537437
1655502831,0,1,1,8,,0.0012197446110142397,0.0,0,1,0.9962541305737423,20.831944444444446,0.0,0.5,0.5
1656737654,1,0,1,10193,14469000.0,0.0023857621032297104,0.0,2,0,359.9668863016062,33.434444444444445,0.0,0.9184565088982692,0.23566339939542963
1672073060,0,1,1,0,,0.0012197446110142397,0.0,0,1,0.0,36.67527777777778,0.0,0.5,0.5
1677851997,0,1,1,0,,0.0012197446110142397,0.0,0,1,0.0,37.5475,0.0,0.5,0.5
1681108421,0,1,1,0,,0.0012197446110142397,0.0,0,1,0.0,38.015,0.0,0.5,0.5
1686002552,0,1,1,2,,0.0012197446110142397,0.0,0,1,0.059961819325720624,35.07194444444445,0.0,0.5,0.5
1686546714,1,0,1,72,27968000.0,0.002256204604094658,0.0,1,0,2.0598606630923193,35.540277777777774,0.0,0.9206429581716689,0.06516787281601398
1699432410,1,0,1,7759,113999999.99999999,0.0012197446110142397,0.0,0,0,2024.9558631714617,13.433055555555555,0.0,0.9111638500613948,0.16331646563763358
1700720163,1,1,2,61,10373000.0,0.0032926645971750766,0.0,2,0,17.387507152180998,12.549444444444445,0.018055555555555713,0.9205414304741868,0.06567317186033712
1720962692,1,0,1,7318,23204000.0,0.0038108945937152857,0.0,3,0,1125.5609246001486,18.720555555555556,0.0,0.902760971286638,0.15020841395842732
1724678141,1,0,1,25,500000.0,0.004329124590255494,0.0,3,0,0.782346526192941,34.64333333333333,0.0,0.9291324072646012,0.06656487605620148
1728075935,3,0,3,1034,411000.0,0.008474964562577169,0.0,7,0,26.826986585984166,36.27722222222222,0.7405555555555594,0.8981014292448886,0.05706327245804668
1729034621,1,0,1,0,170.0,0.0012197446110142397,0.0,0,0,0.0,37.65083333333333,0.0,0.9051449618842088,0.06730796288608847
1741178234,0,2,2,163,,0.0012197446110142397,0.0,0,2,4.909754925756041,35.022222222222226,0.5080555555555506,0.5,0.5
1742566624,1,0,1,12746,34636000.0,0.0034222220963101286,0.0,3,0,2324.606622790104,17.016666666666666,0.0,0.7736619087192274,0.31154742646348765
1751359460,0,1,1,1,,0.0012197446110142397,0.0,0,1,0.030702331990640413,34.83416666666667,0.0,0.5,0.5
1757993845,1,0,1,0,896.0,0.0012197446110142397,0.0,0,0,0.0,37.33111111111111,0.0,0.8720076210504686,0.06730796288608847
1761831652,1,1,2,85,419000.0,0.002256204604094658,0.0,1,0,2.2573129706156174,36.284444444444446,0.026944444444445992,0.8107635569135356,0.06481119113766823
1761847813,1,0,1,191,34000.0,0.004329124590255494,0.0,3,0,5.046475580128948,36.33583333333333,0.0,0.8742985351014745,0.061630779505751965
1766900800,0,1,1,33,,0.0012197446110142397,0.0,0,1,0.8379723147715101,36.73277777777778,0.0,0.5,0.5
1769920575,1,0,1,1,629.0,0.0012197446110142397,0.0,0,0,0.02232917608328388,38.01861111111111,0.0,0.8802072741605822,0.06727823941289299
1771409915,1,0,1,0,2915.0,0.0012197446110142397,0.0,0,0,0.0,38.485277777777775,0.0,0.8561233869424709,0.06730796288608847
1773324324,1,0,1,0,1491000.0,0.0012197446110142397,0.0,0,0,0.0,37.5,0.0,0.8611157399954849,0.06730796288608847
1777545917,0,1,1,0,,0.0012197446110142397,0.0,0,1,0.0,35.5175,0.0,0.5,0.5
1782031965,0,1,1,0,,0.0012197446110142397,0.0,0,1,0.0,38.135,0.0,0.5,0.5
1790288545,0,1,1,38,,0.0012197446110142397,0.0,0,1,1.0058811640410077,36.31722222222222,0.0,0.5,0.5
1795122842,0,1,1,1,,0.0012197446110142397,0.0,0,1,0.03556811972937173,33.363055555555555,0.0,0.5,0.5
1796996883,1,0,1,0,548000.0,0.0012197446110142397,0.0,0,0,0.0,37.625,0.0,0.8494928508297139,0.06730796288608847
1803310643,1,0,1,12052,12699000.0,0.0034222220963101286,0.0,3,0,857.5173875028273,26.429444444444446,0.0,0.8906323734138737,0.2909193360658252
1804132295,1,0,1,0,214000.0,0.0012197446110142397,0.0,0,0,0.0,37.54083333333333,0.0,0.8968452153786051,0.06730796288608847
1817052662,1,1,2,147,17000.0,0.002256204604094658,0.0,1,0,4.6078118093438505,34.626666666666665,0.01888888888888829,0.8766913945594346,0.06296833579954852
1820518265,0,1,1,49,,0.0012197446110142397,0.0,0,1,1.7013186578136754,33.604166666666664,0.0,0.5,0.5
1821683812,0,1,1,5,,0.0012197446110142397,0.0,0,1,0.1441187533646231,35.465555555555554,0.0,0.5,0.5
1828226431,0,1,1,0,,0.0012197446110142397,0.0,0,1,0.0,34.82083333333333,0.0,0.5,0.5
1829564484,0,1,1,2,,0.0012197446110142397,0.0,0,1,0.06836593551328357,33.76027777777778,0.0,0.5,0.5
1830748392,0,1,1,5,,0.0012197446110142397,0.0,0,1,1.414532409092184,12.626388888888888,0.0,0.5,0.5
1831050263,0,1,1,0,,0.0012197446110142397,0.0,0,1,0.0,33.42333333333333,0.0,0.5,0.5
1833672162,0,1,1,0,,0.0012197446110142397,0.0,0,1,0.0,38.16388888888889,0.0,0.5,0.5
1842260427,0,1,1,0,,0.0012197446110142397,0.0,0,1,0.0,35.20611111111111,0.0,0.5,0.5
1843633441,1,0,1,1764,7052000.0,0.0034222220963101286,0.0,3,0,39.53006251596825,37.98277777777778,0.0,0.8741231859730665,0.014875756169263402
1853010794,0,1,1,1,,0.0012197446110142397,0.0,0,1,0.029123949266188436,35.36194444444445,0.0,0.5,0.5
1859661774,1,0,1,31,1300000.0,0.002256204604094658,0.0,1,0,0.7413233707768181,37.33305555555555,0.0,0.925746489745347,0.06638653521702861
1864877312,1,0,1,236,74000.0,0.004329124590255494,0.0,3,0,32.147407346639234,19.935,0.0,0.8949888125072255,0.060293223211955405
1868547737,0,1,1,644,,0.0012197446110142397,0.0,0,1,79.88274222105602,20.871388888888887,0.0,0.5,0.5
1869978883,0,1,1,0,,0.0012197446110142397,0.0,0,1,0.0,35.015,0.0,0.5,0.5
1873334404,0,1,1,22,,0.0012197446110142397,0.0,0,1,0.5613236931932434,36.685,0.0,0.5,0.5
1878371081,0,1,1,0,,0.0012197446110142397,0.0,0,1,0.0,36.394444444444446,0.0,0.5,0.5
1881576793,1,0,1,1029,1231000.0,0.002774434600634867,0.0,2,0,27.424968208515956,36.24888888888889,0.0,0.8901817225086588,0.03672250896794051
1883881851,1,0,1,125,43239000.0,0.004329124590255494,0.0,3,0,5.109306789096929,31.9725,0.0,0.8373696359644287,0.06359252873665358
1885454921,1,0,1,61,5371000.0,0.0032926645971750766,0.0,2,0,1.9749449624284967,34.303333333333335,0.0,0.9177001843835716,0.06549483102116424
1887344341,1,0,1,8,20214000.0,0.002256204604094658,0.0,1,0,0.1748386392838886,38.233333333333334,0.0,0.9007719653320967,0.06707017510052464
1891368225,1,0,1,10109,4258000.0,0.0034222220963101286,0.0,3,0,328.71180530284204,34.26,0.0,0.9068598087390252,0.23316662764700938
1892653244,1,0,1,4028,3712000.0,0.004329124590255494,0.0,3,0,143.72278858370714,33.33138888888889,0.0,0.9526704303986195,0.05241818714530119
1893711543,1,0,1,1285,12648000.0,0.004329124590255494,0.0,3,0,38.6433656556445,35.04138888888889,0.0,0.8910828374154893,0.02911329982989787
1900874731,0,1,1,1,,0.0012197446110142397,0.0,0,1,0.02478334724696697,36.975833333333334,0.0,0.5,0.5
1902084017,0,1,1,900,,0.0012197446110142397,0.0,0,1,34.021948975476754,32.75388888888889,0.0,0.5,0.5
1923134252,1,0,1,51,1542000.0,0.0032926645971750766,0.0,2,0,1.671302747267417,34.18222222222222,0.0,0.8903721551987166,0.06579206575311904
1924849092,1,0,1,23,9453.0,0.002256204604094658,0.0,1,0,0.5696845737345452,36.98166666666667,0.0,0.9511848490863949,0.06662432300259245
1929687534,0,1,1,29,,0.0012197446110142397,0.0,0,1,1.2032401610741388,31.822777777777777,0.0,0.5,0.5
1933340695,0,1,1,13,,0.0012197446110142397,0.0,0,1,0.4642259073860653,33.32333333333333,0.0,0.5,0.5
1933501323,0,1,1,9,,0.0012197446110142397,0.0,0,1,0.2750956196936979,34.87861111111111,0.0,0.5,0.5
1941526837,0,1,1,4,,0.0012197446110142397,0.0,0,1,0.7228404564453798,17.10861111111111,0.0,0.5,0.5
1950828835,0,1,1,11,,0.0012197446110142397,0.0,0,1,0.45255103973813565,31.9075,0.0,0.5,0.5
1958143495,1,1,2,137,24000.0,0.0032926645971750766,0.0,2,0,3.2202390678073796,37.504444444444445,0.005833333333335133,0.8806668650761253,0.06380059304902194
1987560165,0,1,1,0,,0.0012197446110142397,0.0,0,1,0.0,35.3725,0.0,0.5,0.5
1996877513,0,1,1,1003,,0.0012197446110142397,0.0,0,1,31.078882390762075,34.742222222222225,0.0,0.5,0.5
1998518135,0,1,1,0,,0.0012197446110142397,0.0,0,1,0.0,34.6925,0.0,0.5,0.5
2011739333,1,0,1,42,3305000.0,0.0012197446110142397,0.0,0,0,1.0113445967531804,37.263888888888886,0.0,0.8345422311532578,0.06605957701187834
2012792863,2,0,2,117,185.0,0.004847354586795704,0.0,4,0,2.960511519574407,35.51916666666666,1.4619444444444483,0.8891658402940704,0.06556913970415294
2039964175,0,1,1,0,,0.0012197446110142397,0.0,0,1,0.0,36.62277777777778,0.0,0.5,0.5
2052053381,0,1,1,0,,0.0012197446110142397,0.0,0,1,0.0,34.51444444444444,0.0,0.5,0.5
2054900587,1,0,1,267,5855000.0,0.002256204604094658,0.0,1,0,7.5228353102923835,35.69305555555555,0.0,0.847027637909392,0.05937179554289556
2057752761,0,1,1,0,,0.0012197446110142397,0.0,0,1,0.0,38.29388888888889,0.0,0.5,0.5
2063190565,1,1,2,209,12000.0,0.0032926645971750766,0.0,2,0,7.7408682635233745,32.9575,0.014722222222218306,0.9398975869587615,0.06139299172018813
2083710581,1,0,1,1,24000.0,0.0012197446110142397,0.0,0,0,0.021520485145646123,38.3875,0.0,0.8493105295971194,0.06727823941289299
2096283781,0,1,1,727,,0.0012197446110142397,0.0,0,1,29.114374843608516,32.176944444444445,0.0,0.5,0.5
2097411000,0,1,1,5,,0.0012197446110142397,0.0,0,1,0.1456237913800769,35.361666666666665,0.0,0.5,0.5
2099868183,1,0,1,1708,4803000.0,0.004329124590255494,0.0,3,0,52.56500512734506,34.81027777777778,0.0,0.9264016127454487,0.01654027066821023
2103271030,0,1,1,66,,0.0012197446110142397,0.0,0,1,1.9943564337369972,34.99333333333333,0.0,0.5,0.5
2104941095,0,1,1,99,,0.0012197446110142397,0.0,0,1,2.494855873108334,36.80888888888889,0.0,0.5,0.5
2106044504,1,0,1,37,318000.0,0.004329124590255494,0.0,3,0,0.8276955668152745,38.000277777777775,0.0,0.9229001662171852,0.06620819437785574
2108463340,1,0,1,1,136000.0,0.0012197446110142397,0.0,0,0,0.02273221443935624,37.83972222222222,0.0,0.8663756858334097,0.06727823941289299
2114685590,1,0,1,6,331000.0,0.002256204604094658,0.0,1,0,0.14655948908555477,37.12083333333333,0.0,0.9422644221091109,0.0671296220469156
2140245977,0,1,1,1,,0.0012197446110142397,0.0,0,1,0.03057127475384795,34.87694444444445,0.0,0.5,0.5
2149981442,1,0,1,1,10152000.0,0.0012197446110142397,0.0,0,0,0.022140797461035984,38.10333333333333,0.0,0.913763954096472,0.06727823941289299
2155121557,0,1,1,1,,0.0012197446110142397,0.0,0,1,0.02480814299001915,36.965833333333336,0.0,0.5,0.5
2162005694,1,0,1,45541,10969000.0,0.004329124590255494,0.0,3,0,6026.178242098582,20.225,0.0,0.9455799964349023,1.0
2181597154,1,0,1,128,11841000.0,0.0012197446110142397,0.0,0,0,4.624863840255572,33.20583333333333,0.0,0.9455970080964129,0.06350335831706715
2196221171,0,1,1,0,,0.0012197446110142397,0.0,0,1,0.0,34.72638888888889,0.0,0.5,0.5
2197369273,0,1,1,4,,0.0012197446110142397,0.0,0,1,0.09359660248115335,37.550555555555555,0.0,0.5,0.5
2200546715,0,1,1,7,,0.0012197446110142397,0.0,0,1,0.2832820957164723,32.07222222222222,0.0,0.5,0.5
2207963580,0,1,1,37,,0.0012197446110142397,0.0,0,1,1.0983475263593856,35.17111111111111,0.0,0.5,0.5
2233518964,1,1,2,872987,582000.0,0.0032926645971750766,0.0,2,0,25665.53166306499,35.266666666666666,0.015555555555557987,0.9541118474200647,1.0
2242307472,1,0,1,15,1326.0,0.002256204604094658,0.0,1,0,0.5737662863407745,32.63583333333333,0.0,0.828931096786246,0.06686211078815628
2268876582,0,1,1,1,,0.0012197446110142397,0.0,0,1,0.0245913355595674,37.05361111111111,0.0,0.5,0.5
2284044724,0,1,1,1,,0.0012197446110142397,0.0,0,1,0.0368156102073544,33.01833333333333,0.0,0.5,0.5
2286092114,2,0,2,1902,8123000.0,0.007438504569496749,0.0,6,0,188.2316630636423,22.015555555555554,13.068055555555556,0.8691436745649064,0.03904093987718788
2302617634,1,0,1,82,6712000.0,0.004329124590255494,0.0,3,0,2.5127704614271824,34.85333333333333,0.0,0.9439490753628466,0.06487063808405918
2307730863,0,1,1,0,,0.0012197446110142397,0.0,0,1,0.0,34.685833333333335,0.0,0.5,0.5
2317798073,0,1,1,0,,0.0012197446110142397,0.0,0,1,0.0,38.16444444444444,0.0,0.5,0.5
2332566353,1,0,1,2679,9575000.0,0.004329124590255494,0.0,3,0,72.2929524063111,36.124722222222225,0.0,0.8439370983574837,0.012321221804599939
2342846727,0,1,1,0,,0.0012197446110142397,0.0,0,1,0.0,38.24194444444444,0.0,0.5,0.5
2349540170,1,0,1,261,462000.0,0.0032926645971750766,0.0,2,0,10.024939746779374,32.59444444444444,0.0,0.8785509900518232,0.05955013638206843
2365306080,0,1,1,5,,0.0012197446110142397,0.0,0,1,0.12624105212877368,36.79,0.0,0.5,0.5
2384017755,0,1,1,9579,,0.0012197446110142397,0.0,0,1,297.63153423623004,34.71472222222222,0.0,0.5,0.5
2385449487,0,1,1,0,,0.0012197446110142397,0.0,0,1,0.0,37.28666666666667,0.0,0.5,0.5
2435407712,1,0,1,8,526000.0,0.0032926645971750766,0.0,2,0,0.3057537850335468,32.64416666666666,0.0,0.933047283335679,0.06707017510052464
2458493405,1,0,1,74,8935.0,0.0038108945937152857,0.0,3,0,1.7942603414658178,37.194722222222225,0.0,0.9524501501094105,0.06510842586962301
2460299780,0,1,1,2,,0.0012197446110142397,0.0,0,1,0.05828350534912142,35.35583333333334,0.0,0.5,0.5
2479180680,0,1,1,11,,0.0012197446110142397,0.0,0,1,0.3110421176565518,35.657222222222224,0.0,0.5,0.5
2479902341,0,1,1,2,,0.0012197446110142397,0.0,0,1,0.05558748105916419,35.82944444444445,0.0,0.5,0.5
2485425080,1,0,1,109,1348000.0,0.004329124590255494,0.0,3,0,3.044534092997082,35.78,0.0,0.855400230556483,0.06406810430778125
2505150677,0,1,1,1,,0.0012197446110142397,0.0,0,1,0.03414500777414117,33.771388888888886,0.0,0.5,0.5
2520402873,1,0,1,325,223000.0,0.0038108945937152857,0.0,3,0,8.768680100821204,36.12638888888889,0.0,0.8810411090197627,0.05764783409755777
2535506980,0,1,1,1,,0.0012197446110142397,0.0,0,1,0.02412515999167025,37.245,0.0,0.5,0.5
2571795682,0,1,1,97,,0.0012197446110142397,0.0,0,1,2.582091856200794,36.26111111111111,0.0,0.5,0.5
2606504750,0,1,1,3,,0.0012197446110142397,0.0,0,1,0.08994272898858094,35.07194444444445,0.0,0.5,0.5
2606812875,1,0,1,47,3997000.0,0.004329124590255494,0.0,3,0,1.276249092575211,36.062222222222225,0.0,0.8746870700294602,0.06591095964590095
2609439217,0,1,1,0,,0.0012197446110142397,0.0,0,1,0.0,35.69916666666666,0.0,0.5,0.5
2638792413,1,0,1,33,30000.0,0.0012197446110142397,0.0,0,0,0.7742768578526549,37.52333333333333,0.0,0.8398917357834361,0.06632708827063766
2654147670,1,1,2,74,84000.0,0.0032926645971750766,0.0,2,0,2.0543944224124018,35.839444444444446,0.017222222222223138,0.9116355916088448,0.06528676670879589
2655200212,0,1,1,5,,0.0012197446110142397,0.0,0,1,0.14652864951893757,35.29972222222222,0.0,0.5,0.5
2656274875,1,0,1,1067,140000000.0,0.0032926645971750766,0.0,2,0,132.75364802922968,20.84111111111111,0.0,0.9300664973925795,0.03559301698651231
2659816621,0,1,1,38,,0.0012197446110142397,0.0,0,1,0.9683479146942012,36.6975,0.0,0.5,0.5
2680684401,0,1,1,62,,0.0012197446110142397,0.0,0,1,1.5953271572858296,36.60055555555556,0.0,0.5,0.5
2696997433,0,1,1,0,,0.0012197446110142397,0.0,0,1,0.0,38.30111111111111,0.0,0.5,0.5
2703597591,2,1,3,471,4459000.0,0.004847354586795704,0.0,4,0,15.37407970472505,33.60194444444444,1.678888888888892,0.9214275176348061,0.060382393631541846
2715987003,1,0,1,3412,1519000.0,0.0032926645971750766,0.0,2,0,350.9964575040186,22.74277777777778,0.0,0.9407740516472638,0.034108527656886094
2727239243,0,1,1,2,,0.0012197446110142397,0.0,0,1,0.055590569338341125,35.82888888888889,0.0,0.5,0.5
2740053272,0,1,1,19,,0.0012197446110142397,0.0,0,1,0.614873453748294,34.30777777777778,0.0,0.5,0.5
2790163675,0,1,1,23,,0.0012197446110142397,0.0,0,1,0.6017110054720891,36.43472222222222,0.0,0.5,0.5
2803301701,1,0,1,4300,158000000.0,0.0012197446110142397,0.0,0,0,461.5894488877852,22.316944444444445,0.0,0.9225456462487518,0.060502971854471496
2805188313,0,1,1,1,,0.0012197446110142397,0.0,0,1,0.03856796253296036,32.553333333333335,0.0,0.5,0.5
2807846824,0,1,1,1,,0.0012197446110142397,0.0,0,1,0.03622219112974343,33.18083333333333,0.0,0.5,0.5
2827386331,1,0,1,130,6513000.0,0.004329124590255494,0.0,3,0,3.193146111654826,37.06527777777778,0.0,0.8813231113840476,0.06344391137067619
2890932337,0,1,1,6,,0.0012197446110142397,0.0,0,1,0.14989445526682024,36.895833333333336,0.0,0.5,0.5
2903615392,0,1,1,0,,0.0012197446110142397,0.0,0,1,0.0,34.852222222222224,0.0,0.5,0.5
2923385072,0,1,1,0,,0.0012197446110142397,0.0,0,1,0.0,34.780277777777776,0.0,0.5,0.5
2969186274,1,0,1,145,3804000.0,0.002256204604094658,0.0,1,0,3.7861317579115052,36.45388888888889,0.0,0.8363980043100522,0.062998059272744
3029879143,1,0,1,33,1413000.0,0.002256204604094658,0.0,1,0,1.124690134218331,33.79,0.0,0.8564331659123032,0.06632708827063766
3035536437,0,1,1,0,,0.0012197446110142397,0.0,0,1,0.0,38.08416666666667,0.0,0.5,0.5
3038243735,0,1,1,39,,0.0012197446110142397,0.0,0,1,1.3896635203246723,33.345,0.0,0.5,0.5
3049179297,0,1,1,0,,0.0012197446110142397,0.0,0,1,0.0,34.98583333333333,0.0,0.5,0.5
3095908443,0,1,1,183,,0.0012197446110142397,0.0,0,1,21.1543860861645,21.57638888888889,0.0,0.5,0.5
3146463564,1,0,1,40,474000.0,0.0012197446110142397,0.0,0,0,1.3569137064926657,33.836666666666666,0.0,0.8850301129159869,0.06611902395826931
3157614052,0,1,1,47,,0.0012197446110142397,0.0,0,1,1.8223877680909344,32.5,0.0,0.5,0.5
3181276783,0,2,2,1,,0.0012197446110142397,0.0,0,2,0.027369299955411125,35.983333333333334,0.06833333333333513,0.5,0.5
3196738400,0,2,2,0,,0.0012197446110142397,0.0,0,2,0.0,36.065555555555555,1.8975000000000009,0.5,0.5
3207908811,0,1,1,0,,0.0012197446110142397,0.0,0,1,0.0,37.580555555555556,0.0,0.5,0.5
3279682432,0,1,1,1,,0.0012197446110142397,0.0,0,1,0.031973963968714846,34.428333333333335,0.0,0.5,0.5
3290441907,1,0,1,0,41.0,0.0012197446110142397,0.0,0,0,0.0,37.58972222222222,0.0,0.8428275603902703,0.06730796288608847
3292390247,1,0,1,611,11000.0,0.004329124590255494,0.0,3,0,23.79194217251498,32.4575,0.0,0.9047819924820141,0.04914692076365076
3320372863,0,1,1,0,,0.0012197446110142397,0.0,0,1,0.0,37.19555555555556,0.0,0.5,0.5
3398506482,0,1,1,7,,0.0012197446110142397,0.0,0,1,0.26359542009762543,32.7925,0.0,0.5,0.5
3407694030,1,0,1,1,287.0,0.004329124590255494,0.0,3,0,0.02241991717579815,37.97805555555556,0.0,0.9229001662171852,0.06727823941289299
3479390105,0,1,1,5,,0.0012197446110142397,0.0,0,1,0.1266273785973631,36.75944444444445,0.0,0.5,0.5
3482589012,0,1,1,7,,0.0012197446110142397,0.0,0,1,0.19610798041955266,35.75,0.0,0.5,0.5
3509091253,1,0,1,72,75000.0,0.0012197446110142397,0.0,0,0,1.66737319735237,37.65416666666667,0.0,0.8239420425562953,0.06516787281601398
3602666474,0,1,1,359,,0.0012197446110142397,0.0,0,1,11.15241115732319,34.71666666666667,0.0,0.5,0.5
3630172281,0,1,1,182,,0.0012197446110142397,0.0,0,1,32.87188713769241,17.113888888888887,0.0,0.5,0.5
3680946927,0,1,1,18,,0.0012197446110142397,0.0,0,1,0.46572682933634757,36.54527777777778,0.0,0.5,0.5
3769964252,0,1,1,3,,0.0012197446110142397,0.0,0,1,0.11569103232556519,32.55444444444444,0.0,0.5,0.5
3806017792,0,1,1,6,,0.0012197446110142397,0.0,0,1,0.16557158467466931,35.90111111111111,0.0,0.5,0.5
3849770877,1,0,1,491,20000.0,0.004329124590255494,0.0,3,0,16.101115772662833,34.175555555555555,0.0,0.880881879199039,0.052713737547108244
3859565515,0,1,1,3,,0.0012197446110142397,0.0,0,1,0.10397446554897974,33.62222222222222,0.0,0.5,0.5
3859686595,0,1,1,0,,0.0012197446110142397,0.0,0,1,0.0,37.590555555555554,0.0,0.5,0.5
3888624414,0,1,1,2221,,0.0012197446110142397,0.0,0,1,290.9759453339666,20.32472222222222,0.0,0.5,0.5
3911056292,1,0,1,0,34.0,0.0012197446110142397,0.0,0,0,0.0,37.27388888888889,0.0,0.8981750977322208,0.06730796288608847
3911901482,1,2,3,113,537000.0,0.002256204604094658,0.0,1,0,3.0796769060053175,36.025,0.01666666666666572,0.8742985351014745,0.06409782778097672
3922105749,0,1,1,18,,0.0012197446110142397,0.0,0,1,0.5727722383988324,34.47638888888889,0.0,0.5,0.5
3939426052,1,0,1,265,6665000.0,0.004329124590255494,0.0,3,0,6.887840452614302,36.499722222222225,0.0,0.9241005776844997,0.059431242489286516
3958495505,0,1,1,3,,0.0012197446110142397,0.0,0,1,0.10395425025722892,33.62416666666667,0.0,0.5,0.5
3972623079,1,1,2,111,12000.0,0.0032926645971750766,0.0,2,0,3.3542918307427683,34.992777777777775,0.013055555555560261,0.8147209526844615,0.06403838083458577
3979866498,1,0,1,1448,405000.0,0.0032926645971750766,0.0,2,0,38.47123407598307,36.280277777777776,0.0,0.896612128112831,0.024268373699034784
4048803423,1,0,1,45,3653.0,0.004329124590255494,0.0,3,0,1.6445063821542811,33.09222222222222,0.0,0.9155851914588907,0.0659704065922919
5020727327,0,1,1,17,,0.0012197446110142397,0.0,0,1,1.6138170846048472,23.54611111111111,0.0,0.5,0.5
5057928747,0,1,1,0,,0.0012197446110142397,0.0,0,1,0.0,37.340555555555554,0.0,0.5,0.5
5058412909,0,1,1,1,,0.0012197446110142397,0.0,0,1,0.02256674813144772,37.91277777777778,0.0,0.5,0.5
5063610371,0,1,1,519,,0.0012197446110142397,0.0,0,1,15.867373093488274,34.87638888888889,0.0,0.5,0.5
5071423710,0,1,1,44,,0.0012197446110142397,0.0,0,1,5.604237271528236,20.606666666666666,0.0,0.5,0.5
5083427440,0,1,1,9,,0.0012197446110142397,0.0,0,1,0.21948533335925416,37.136944444444445,0.0,0.5,0.5
5094019385,0,1,1,0,,0.0012197446110142397,0.0,0,1,0.0,37.16111111111111,0.0,0.5,0.5
5100547430,1,0,1,139,519000.0,0.0038108945937152857,0.0,3,0,3.916600010301021,35.6925,0.0,0.911250204123886,0.06317640011191687
5122932824,0,1,1,56,,0.0012197446110142397,0.0,0,1,6.947290244945576,20.87,0.0,0.5,0.5
5127451327,1,2,3,269,16000.0,0.002256204604094658,0.0,1,0,7.561050755989335,35.71611111111111,0.013333333333335418,0.9139051480647205,0.05993654153360966
5132656758,1,0,1,133,683000.0,0.0032926645971750766,0.0,2,0,5.172751147212292,32.46944444444444,0.0,0.7736619087192274,0.06335474095108976
5160628691,0,1,1,20,,0.0012197446110142397,0.0,0,1,1.4917153777470826,25.958055555555557,0.0,0.5,0.5
5164699384,0,1,1,6,,0.0012197446110142397,0.0,0,1,0.23559119573740134,32.37416666666667,0.0,0.5,0.5
5178038429,0,1,1,2680,,0.0012197446110142397,0.0,0,1,82.78892494376105,34.772777777777776,0.0,0.5,0.5
5179366833,1,0,1,310,11000.0,0.004329124590255494,0.0,3,0,8.769385556207393,35.653055555555554,0.0,0.8976852969761507,0.058093686195489956
5190061633,1,0,1,109,490000.0,0.004329124590255494,0.0,3,0,3.502145077358678,34.37972222222222,0.0,0.9080352156735986,0.06406810430778125
5213767660,0,1,1,0,,0.0012197446110142397,0.0,0,1,0.0,34.47472222222222,0.0,0.5,0.5
5217028633,0,1,1,25,,0.0012197446110142397,0.0,0,1,0.8987136266594408,33.25666666666667,0.0,0.5,0.5
5229334406,2,0,2,39,427000.0,0.0012197446110142397,0.0,0,0,0.9840800015799196,35.52638888888889,1.8902777777777757,0.8497167773007324,0.06672835515877662
5233064078,0,1,1,86,,0.0012197446110142397,0.0,0,1,2.2892773158068898,36.26111111111111,0.0,0.5,0.5
5260561558,0,1,1,0,,0.0012197446110142397,0.0,0,1,0.0,37.41027777777778,0.0,0.5,0.5
5264390959,0,1,1,0,,0.0012197446110142397,0.0,0,1,0.0,34.37833333333333,0.0,0.5,0.5
5281802079,0,2,2,13,,0.0012197446110142397,0.0,0,2,0.3422678183971996,36.37111111111111,0.7286111111111069,0.5,0.5
5305186895,1,0,1,0,2151.0,0.0012197446110142397,0.0,0,0,0.0,37.610277777777775,0.0,0.8556566690763849,0.06730796288608847
5305245309,0,1,1,41,,0.0012197446110142397,0.0,0,1,1.5585665352244857,32.698055555555555,0.0,0.5,0.5
5312163974,0,2,2,3,,0.0012197446110142397,0.0,0,2,0.07886649266041063,36.38611111111111,1.3038888888888849,0.5,0.5
5328610519,1,0,1,54,10446000.0,0.002256204604094658,0.0,1,0,1.3670059843445148,36.76361111111111,0.0,0.7825604666395327,0.0657028953335326
5332014900,1,0,1,0,1062000.0,0.0012197446110142397,0.0,0,0,0.0,37.61416666666667,0.0,0.9541118474200647,0.06730796288608847
5336254203,0,1,1,1,,0.0012197446110142397,0.0,0,1,0.0378694291503063,32.736111111111114,0.0,0.5,0.5
5379613732,1,0,1,569,103000.0,0.0038108945937152857,0.0,3,0,18.502029599101505,34.26,0.0,0.9182555719169029,0.05039530663786088
5387153978,1,0,1,44,34000.0,0.0032926645971750766,0.0,2,0,0.9591581992608764,38.25888888888889,0.0,0.8910828374154893,0.06600013006548738
5387405849,1,1,2,169,16000.0,0.0032926645971750766,0.0,2,0,5.873601127882225,33.565,0.27861111111111114,0.8957023728192175,0.06281971843357113
5391028877,0,1,1,1,,0.0012197446110142397,0.0,0,1,0.025581422132581078,36.65888888888889,0.0,0.5,0.5
5407424649,0,1,1,3,,0.0012197446110142397,0.0,0,1,0.07823373129125177,36.46666666666667,0.0,0.5,0.5
5407855611,0,1,1,0,,0.0012197446110142397,0.0,0,1,0.0,37.905,0.0,0.5,0.5
5414716822,1,0,1,0,411.0,0.0012197446110142397,0.0,0,0,0.0,37.8275,0.0,0.8524986112399804,0.06730796288608847
5443772282,0,1,1,0,,0.0012197446110142397,0.0,0,1,0.0,36.260555555555555,0.0,0.5,0.5
5447713621,0,1,1,35,,0.0012197446110142397,0.0,0,1,7.5514300081444246,15.33611111111111,0.0,0.5,0.5
5456591107,0,1,1,5,,0.0012197446110142397,0.0,0,1,0.12642704388808113,36.77527777777778,0.0,0.5,0.5
5514921946,0,1,1,66,,0.0012197446110142397,0.0,0,1,2.3523916165330885,33.34222222222222,0.0,0.5,0.5
5518797314,1,0,1,446,1201000.0,0.004329124590255494,0.0,3,0,12.920907422112952,35.414722222222224,0.0,0.9045695343158497,0.054051293840904804
5525315851,1,0,1,2,1199.0,0.002256204604094658,0.0,1,0,0.05132654245196417,36.62694444444445,0.0,0.928939259356009,0.06724851593969751
5537064416,0,1,1,0,,0.0012197446110142397,0.0,0,1,0.0,35.56638888888889,0.0,0.5,0.5
5538487605,0,1,1,0,,0.0012197446110142397,0.0,0,1,0.0,34.941944444444445,0.0,0.5,0.5
5539215167,1,1,2,250,912.0,0.002256204604094658,0.0,1,0,6.629948573445883,36.29805555555556,0.0069444444444428655,0.8800606872241964,0.06050128752432376
5539445369,0,1,1,0,,0.0012197446110142397,0.0,0,1,0.0,35.53527777777778,0.0,0.5,0.5
5561117095,0,1,1,0,,0.0012197446110142397,0.0,0,1,0.0,36.76111111111111,0.0,0.5,0.5
5568566883,0,1,1,0,,0.0012197446110142397,0.0,0,1,0.0,37.62305555555555,0.0,0.5,0.5
5574042595,0,1,1,1,,0.0012197446110142397,0.0,0,1,0.03196153206686461,34.43222222222222,0.0,0.5,0.5
5574781264,0,1,1,1,,0.0012197446110142397,0.0,0,1,0.03066482984085631,34.84638888888889,0.0,0.5,0.5
5597194563,0,1,1,1,,0.0012197446110142397,0.0,0,1,0.03208785152071577,34.39277777777778,0.0,0.5,0.5
5599062735,1,0,1,26,4314.0,0.0038108945937152857,0.0,3,0,0.7303663528300316,35.723055555555554,0.0,0.8673976814486433,0.066535152583006
5600658793,0,1,1,11,,0.0012197446110142397,0.0,0,1,0.32217503867727115,35.30555555555556,0.0,0.5,0.5
5608873424,1,0,1,8,762000.0,0.0032926645971750766,0.0,2,0,0.20965154031368483,36.4175,0.0,0.9110998568438536,0.06707017510052464
5610283564,1,0,1,3225,89000.0,0.004329124590255494,0.0,3,0,120.19373459350828,32.895833333333336,0.0,0.7825604666395327,0.028550238169331506
5614658306,0,1,1,0,,0.0012197446110142397,0.0,0,1,0.0,35.59222222222222,0.0,0.5,0.5
5616958792,0,1,1,82,,0.0012197446110142397,0.0,0,1,2.158920085274644,36.37111111111111,0.0,0.5,0.5
5623072135,0,1,1,0,,0.0012197446110142397,0.0,0,1,0.0,37.38722222222222,0.0,0.5,0.5
5634198551,1,0,1,0,3307000.0,0.0012197446110142397,0.0,0,0,0.0,37.793055555555554,0.0,0.8506929500145479,0.06730796288608847
5635836556,0,1,1,237,,0.0012197446110142397,0.0,0,1,8.43479739957656,33.356944444444444,0.0,0.5,0.5
5644994690,0,1,1,0,,0.0012197446110142397,0.0,0,1,0.0,38.32611111111111,0.0,0.5,0.5
5656034192,0,1,1,0,,0.0012197446110142397,0.0,0,1,0.0,37.07277777777778,0.0,0.5,0.5
5691604234,1,0,1,199,724000.0,0.004329124590255494,0.0,3,0,8.395015677914898,31.656666666666666,0.0,0.9449926654953288,0.06139299172018813
5698327226,0,1,1,3,,0.0012197446110142397,0.0,0,1,0.10709632667304533,33.326388888888886,0.0,0.5,0.5
5705836856,0,1,1,5,,0.0012197446110142397,0.0,0,1,0.12828784455217418,36.62916666666667,0.0,0.5,0.5
5707090385,0,1,1,1379,,0.0012197446110142397,0.0,0,1,98.01162558131273,26.440277777777776,0.0,0.5,0.5
5707886028,2,0,2,4,232000.0,0.0012197446110142397,0.0,0,0,0.08932414770196602,38.01777777777778,0.375,0.8484260177631215,0.06724851593969751
5709559214,1,0,1,407,5860000.0,0.0032926645971750766,0.0,2,0,12.22292376107778,35.055,0.0,0.8910828374154893,0.05521050929552849
5746340317,0,1,1,0,,0.0012197446110142397,0.0,0,1,0.0,37.64222222222222,0.0,0.5,0.5
5749706970,0,1,1,0,,0.0012197446110142397,0.0,0,1,0.0,38.07833333333333,0.0,0.5,0.5
5772514698,1,0,1,775,3306.0,0.004329124590255494,0.0,3,0,31.138542566291907,32.14416666666666,0.0,0.8684922129776625,0.044272271159592196
5780622636,0,1,1,176,,0.0012197446110142397,0.0,0,1,3.891588108270611,38.11666666666667,0.0,0.5,0.5
5818856131,0,1,1,0,,0.0012197446110142397,0.0,0,1,0.0,34.47805555555556,0.0,0.5,0.5
5827469719,1,0,1,189,197000.0,0.004329124590255494,0.0,3,0,4.875077023164725,36.57611111111111,0.0,0.855400230556483,0.06169022645214292
5829221928,0,2,2,1,,0.0012197446110142397,0.0,0,2,0.0292455522183511,35.320277777777775,0.1727777777777817,0.5,0.5
5829960966,0,1,1,104,,0.0012197446110142397,0.0,0,1,3.353584547739169,34.34361111111111,0.0,0.5,0.5
5872395436,1,0,1,350,489000.0,0.004329124590255494,0.0,3,0,11.386553645806835,34.255,0.0,0.9106993942782933,0.056904747267670794
5885501933,0,1,1,0,,0.0012197446110142397,0.0,0,1,0.0,38.31527777777778,0.0,0.5,0.5
5890283498,0,1,1,0,,0.0012197446110142397,0.0,0,1,0.0,36.01416666666667,0.0,0.5,0.5
5894890262,0,1,1,394,,0.0012197446110142397,0.0,0,1,49.15964835104305,20.81277777777778,0.0,0.5,0.5
5902411926,0,1,1,0,,0.0012197446110142397,0.0,0,1,0.0,38.352222222222224,0.0,0.5,0.5
5909342713,1,0,1,619,10973000.0,0.0032926645971750766,0.0,2,0,21.427193255731922,33.63444444444445,0.0,0.9541118474200647,0.048909132978086925
5911907308,1,0,1,1,11000.0,0.0012197446110142397,0.0,0,0,0.02283093444078473,37.79638888888889,0.0,0.8785509900518232,0.06727823941289299
5983723249,0,1,1,0,,0.0012197446110142397,0.0,0,1,0.0,37.95305555555556,0.0,0.5,0.5
5992058644,0,1,1,1,,0.0012197446110142397,0.0,0,1,0.030689542017073856,34.83833333333333,0.0,0.5,0.5
6025588740,0,1,1,8,,0.0012197446110142397,0.0,0,1,0.21904564965223883,35.979166666666664,0.0,0.5,0.5
6025793495,0,1,1,1,,0.0012197446110142397,0.0,0,1,0.0262071705060584,36.41722222222222,0.0,0.5,0.5
6027993269,0,1,1,21,,0.0012197446110142397,0.0,0,1,0.6803147062940722,34.297222222222224,0.0,0.5,0.5
6034893119,0,1,1,33,,0.0012197446110142397,0.0,0,1,1.1837015676668718,33.27861111111111,0.0,0.5,0.5
6054640052,0,1,1,3438,,0.0012197446110142397,0.0,0,1,87.5078513695793,36.70916666666667,0.0,0.5,0.5
6060706580,0,1,1,55,,0.0012197446110142397,0.0,0,1,2.12088442911627,32.555,0.0,0.5,0.5
6081242334,1,1,2,63,401000.0,0.0012197446110142397,0.0,0,0,1.591617991120219,36.765,1.2619444444444454,0.9305845049861019,0.06546510754796876
6082258440,0,1,1,14,,0.0012197446110142397,0.0,0,1,0.4450566144184539,34.486111111111114,0.0,0.5,0.5
6088354101,0,1,1,0,,0.0012197446110142397,0.0,0,1,0.0,36.8425,0.0,0.5,0.5
6091030477,0,1,1,0,,0.0012197446110142397,0.0,0,1,0.0,37.10805555555555,0.0,0.5,0.5
6100424785,0,1,1,0,,0.0012197446110142397,0.0,0,1,0.0,38.415277777777774,0.0,0.5,0.5
6105713761,3,4,7,5384,22694000.0,0.004588239588525599,0.0,5,0,983.1191037309998,13.715,20.96222222222222,0.8765738385938788,0.04114196009305098
6107484584,1,0,1,61,820000.0,0.004329124590255494,0.0,3,0,1.9747803905388845,34.30416666666667,0.0,0.9175232621768702,0.06549483102116424
6118589982,0,1,1,0,,0.0012197446110142397,0.0,0,1,0.0,37.545833333333334,0.0,0.5,0.5
6118855944,0,1,1,9,,0.0012197446110142397,0.0,0,1,0.34511191136770425,32.611111111111114,0.0,0.5,0.5
6118929543,0,1,1,115,,0.0012197446110142397,0.0,0,1,3.0579283715065984,36.27194444444444,0.0,0.5,0.5
6134956492,0,1,1,1,,0.0012197446110142397,0.0,0,1,0.034889012293785535,33.55583333333333,0.0,0.5,0.5
6136712663,0,1,1,4,,0.0012197446110142397,0.0,0,1,0.10092833910578793,36.79638888888889,0.0,0.5,0.5
6138346486,0,1,1,12,,0.0012197446110142397,0.0,0,1,0.4436319432899024,32.97666666666667,0.0,0.5,0.5
6140181708,0,1,1,0,,0.0012197446110142397,0.0,0,1,0.0,38.30916666666667,0.0,0.5,0.5
6142871191,1,0,1,46,182000.0,0.004329124590255494,0.0,3,0,1.2161582951991214,36.32944444444445,0.0,0.926187721993205,0.06594068311909643
6148996352,0,1,1,0,,0.0012197446110142397,0.0,0,1,0.0,34.85305555555556,0.0,0.5,0.5
6179680486,0,1,1,5,,0.0012197446110142397,0.0,0,1,0.1088802600741906,38.269444444444446,0.0,0.5,0.5
6181732871,0,1,1,0,,0.0012197446110142397,0.0,0,1,0.0,34.90472222222222,0.0,0.5,0.5
6192778492,0,1,1,2,,0.0012197446110142397,0.0,0,1,0.04690892777899763,37.526944444444446,0.0,0.5,0.5
6197279732,0,1,1,59,,0.0012197446110142397,0.0,0,1,1.5102265400964896,36.65277777777778,0.0,0.5,0.5
6203504382,0,1,1,2,,0.0012197446110142397,0.0,0,1,0.04887216517542954,37.11694444444444,0.0,0.5,0.5
6206851712,1,0,1,85,149000.0,0.004329124590255494,0.0,3,0,2.755567687956706,34.290277777777774,0.0,0.8778165357700712,0.06478146766447275
6221878759,1,0,1,0,137.0,0.002256204604094658,0.0,1,0,0.0,38.22361111111111,0.0,0.9263266343341963,0.06730796288608847
6244085708,0,1,1,4,,0.0012197446110142397,0.0,0,1,0.1046337656361445,36.435833333333335,0.0,0.5,0.5
6255076321,0,1,1,0,,0.0012197446110142397,0.0,0,1,0.0,37.95777777777778,0.0,0.5,0.5
6281618184,1,0,1,26,1080000.0,0.0038108945937152857,0.0,3,0,0.63894861678409,37.06027777777778,0.0,0.928939259356009,0.066535152583006
6282284901,1,1,2,360,11000.0,0.0032926645971750766,0.0,2,0,9.389960386181942,36.464444444444446,0.006666666666667709,0.9138952255800553,0.056904747267670794
6292256320,0,1,1,1,,0.0012197446110142397,0.0,0,1,0.03302927098535412,34.103611111111114,0.0,0.5,0.5
6296308612,0,1,1,0,,0.0012197446110142397,0.0,0,1,0.0,34.49166666666667,0.0,0.5,0.5
6303512057,1,1,2,167,13000.0,0.0032926645971750766,0.0,2,0,5.150230158515495,34.78916666666667,0.011944444444445423,0.9224015336734263,0.06249276022842086
6304429250,1,0,1,36087,263000.0,0.004329124590255494,0.0,3,0,1546.018149396436,31.5025,0.0,0.9541118474200647,1.0
6306698102,0,1,1,2,,0.0012197446110142397,0.0,0,1,0.05114863433766977,36.66166666666667,0.0,0.5,0.5
6321582077,0,1,1,72,,0.0012197446110142397,0.0,0,1,2.5759584400000604,33.30444444444444,0.0,0.5,0.5
6330609866,0,1,1,0,,0.0012197446110142397,0.0,0,1,0.0,35.933055555555555,0.0,0.5,0.5
6334884025,1,0,1,0,1002000.0,0.0012197446110142397,0.0,0,0,0.0,38.30888888888889,0.0,0.8296982179564879,0.06730796288608847
6339299742,1,1,2,138,11000.0,0.0032926645971750766,0.0,2,0,3.557109069442546,36.58277777777778,0.019166666666663446,0.8923689163778735,0.06326557053150332
6346531416,1,0,1,0,111.0,0.0012197446110142397,0.0,0,0,0.0,37.84222222222222,0.0,0.9314298495911872,0.06730796288608847
6349635612,1,0,1,193,375000.0,0.004329124590255494,0.0,3,0,4.745732268828746,37.05444444444444,0.0,0.8831682438265496,0.06157133255936101
6364387634,0,1,1,22,,0.0012197446110142397,0.0,0,1,0.5107788007437636,37.62861111111111,0.0,0.5,0.5
6385420923,0,1,1,4,,0.0012197446110142397,0.0,0,1,0.13840560334916413,33.63861111111111,0.0,0.5,0.5
6400489098,0,2,2,9,,0.0012197446110142397,0.0,0,2,0.23745303691662406,36.268055555555556,0.1855555555555526,0.5,0.5
6404306408,0,2,2,1650,,0.0012197446110142397,0.0,0,2,190.24118926081576,21.0075,16.133333333333333,0.5,0.5
6418480627,2,2,4,64646,3166000.0,0.005365584583335912,0.0,4,0,1797.3614708649957,35.291666666666664,0.5386111111111163,0.8861682044769745,0.5266689652421066
6436645824,0,1,1,11,,0.0012197446110142397,0.0,0,1,0.28863944947284254,36.40472222222222,0.0,0.5,0.5
6439805549,0,1,1,1,,0.0012197446110142397,0.0,0,1,0.028575817966990616,35.551944444444445,0.0,0.5,0.5
6473317154,1,0,1,60,2178.0,0.0038108945937152857,0.0,3,0,1.6809722394781097,35.749722222222225,0.0,0.8311700400968989,0.06552455449435972
6478299934,1,0,1,67,165.0,0.0032926645971750766,0.0,2,0,2.3895600895635436,33.33583333333333,0.0,0.928939259356009,0.06531649018199137
6483528760,0,1,1,0,,0.0012197446110142397,0.0,0,1,0.0,37.80361111111111,0.0,0.5,0.5
6498539505,0,1,1,11,,0.0012197446110142397,0.0,0,1,0.37341049210888283,33.82972222222222,0.0,0.5,0.5
6507818971,0,1,1,86,,0.0012197446110142397,0.0,0,1,2.5399009241544728,35.22222222222222,0.0,0.5,0.5
6512098742,0,1,1,0,,0.0012197446110142397,0.0,0,1,0.0,33.42194444444444,0.0,0.5,0.5
6512317498,0,1,1,0,,0.0012197446110142397,0.0,0,1,0.0,37.654444444444444,0.0,0.5,0.5
6524418730,0,1,1,0,,0.0012197446110142397,0.0,0,1,0.0,35.13916666666667,0.0,0.5,0.5
6524418733,1,0,1,248,939000.0,0.004329124590255494,0.0,3,0,7.278124392413837,35.285555555555554,0.0,0.8869443497912706,0.05993654153360966
6524697413,1,0,1,95,355000.0,0.004329124590255494,0.0,3,0,2.8392602936559035,35.10333333333333,0.0,0.8937150215900509,0.06448423293251795
6536846182,1,0,1,0,1363000.0,0.0012197446110142397,0.0,0,0,0.0,38.47472222222222,0.0,0.9196717558656166,0.06730796288608847
6569466125,2,0,2,3076,52000.0,0.00640204457641633,0.0,6,0,119.17565280520651,31.67111111111111,0.9386111111111148,0.9116403432065449,0.036203190352093496
6579089148,0,1,1,1,,0.0012197446110142397,0.0,0,1,0.026185340294488168,36.425555555555555,0.0,0.5,0.5
6579479424,0,1,1,0,,0.0012197446110142397,0.0,0,1,0.0,35.14194444444445,0.0,0.5,0.5
6589207832,0,1,1,21,,0.0012197446110142397,0.0,0,1,0.7916654000137108,32.78138888888889,0.0,0.5,0.5
6596482631,0,1,1,31,,0.0012197446110142397,0.0,0,1,2.8812073547745727,23.75777777777778,0.0,0.5,0.5
6608566644,0,1,1,8,,0.0012197446110142397,0.0,0,1,0.19051379343714858,37.374722222222225,0.0,0.5,0.5
6616719538,1,0,1,13,206000.0,0.0012197446110142397,0.0,0,0,0.28323812353935596,38.26416666666667,0.0,0.8493105295971194,0.06692155773454724
6618448638,0,1,1,0,,0.0012197446110142397,0.0,0,1,0.0,35.01888888888889,0.0,0.5,0.5
6623804864,0,1,1,3666,,0.0012197446110142397,0.0,0,1,156.60356362295227,31.531388888888888,0.0,0.5,0.5
6651687486,0,1,1,8,,0.0012197446110142397,0.0,0,1,0.19560816250509006,37.11083333333333,0.0,0.5,0.5
6658467123,0,1,1,10815,,0.0012197446110142397,0.0,0,1,286.5256976586478,36.30861111111111,0.0,0.5,0.5
6659267559,0,1,1,1,,0.0012197446110142397,0.0,0,1,0.02700229724812396,36.11833333333333,0.0,0.5,0.5
6685956217,0,1,1,2,,0.0012197446110142397,0.0,0,1,0.0642024484892802,34.38861111111111,0.0,0.5,0.5
6686764306,0,2,2,6,,0.0012197446110142397,0.0,0,2,0.13049807491379234,38.26027777777778,0.031944444444441444,0.5,0.5
6702100727,0,1,1,4,,0.0012197446110142397,0.0,0,1,0.11687827088924238,35.329166666666666,0.0,0.5,0.5
6792500489,0,1,1,3,,0.0012197446110142397,0.0,0,1,0.07157377090870473,37.35638888888889,0.0,0.5,0.5
6812138217,0,1,1,0,,0.0012197446110142397,0.0,0,1,0.0,34.559444444444445,0.0,0.5,0.5
6813454540,0,1,1,26,,0.0012197446110142397,0.0,0,1,0.827498564543579,34.474444444444444,0.0,0.5,0.5
6822841404,0,1,1,523,,0.0012197446110142397,0.0,0,1,69.13064573075118,20.235833333333332,0.0,0.5,0.5
6857356939,0,1,1,10,,0.0012197446110142397,0.0,0,1,0.7363879152478432,26.085833333333333,0.0,0.5,0.5
6861654425,0,2,2,330,,0.0012197446110142397,0.0,0,2,12.516864400225899,31.783333333333335,1.0072222222222216,0.5,0.5
6861914556,1,0,1,0,2377000.0,0.0012197446110142397,0.0,0,0,0.0,37.545,0.0,0.9055717138371979,0.06730796288608847
6867350206,1,1,2,272,20000.0,0.002256204604094658,0.0,1,0,9.201797843167238,33.86388888888889,0.0038888888888877204,0.9488782145898426,0.05952041290887295
6870190351,0,1,1,3,,0.0012197446110142397,0.0,0,1,0.07514109160461155,36.87,0.0,0.5,0.5
6874868924,1,0,1,0,1426.0,0.0012197446110142397,0.0,0,0,0.0,37.98,0.0,0.9119676903277609,0.06730796288608847
6877638633,0,1,1,106,,0.0012197446110142397,0.0,0,1,2.8958319005408,36.001666666666665,0.0,0.5,0.5
6892945659,0,1,1,3,,0.0012197446110142397,0.0,0,1,0.07406352146788629,37.01444444444444,0.0,0.5,0.5
6893440069,1,0,1,53,50000.0,0.0038108945937152857,0.0,3,0,1.352730641399625,36.681666666666665,0.0,0.855400230556483,0.06573261880672808
6901886031,1,0,1,79,5819000.0,0.004329124590255494,0.0,3,0,2.4536064523881778,34.71888888888889,0.0,0.824234682629891,0.06495980850364562
6927616197,1,0,1,695,5529000.0,0.0038108945937152857,0.0,3,0,21.93123432388592,34.56,0.0,0.8373264212579041,0.04665014901523052
6987206276,0,1,1,2,,0.0012197446110142397,0.0,0,1,0.07004407464975847,33.51777777777778,0.0,0.5,0.5
6988872399,1,0,1,207,430000.0,0.0038108945937152857,0.0,3,0,6.04475537238885,35.335277777777776,0.0,0.9166443277334578,0.0611552039346243
6990398002,1,0,1,58,296000.0,0.0032926645971750766,0.0,2,0,1.8848191967107024,34.26611111111111,0.0,0.9260104620189323,0.06558400144075067
6991484041,0,1,1,30,,0.0012197446110142397,0.0,0,1,6.42607574778995,15.408333333333333,0.0,0.5,0.5
6993823294,1,0,1,1,195000.0,0.0012197446110142397,0.0,0,0,0.022040775459883973,38.14861111111111,0.0,0.9174273455159494,0.06727823941289299
7006637483,0,1,1,0,,0.0012197446110142397,0.0,0,1,0.0,37.1525,0.0,0.5,0.5
7030495494,0,1,1,128,,0.0012197446110142397,0.0,0,1,3.9857468435213086,34.69305555555555,0.0,0.5,0.5
7050194156,0,1,1,2,,0.0012197446110142397,0.0,0,1,0.07344941250272934,33.043055555555554,0.0,0.5,0.5
7105384993,1,0,1,38885,1194000.0,0.004329124590255494,0.0,3,0,1238.619509978861,34.46611111111111,0.0,0.9113328879726185,1.0
7114372956,0,1,1,30,,0.0012197446110142397,0.0,0,1,0.7222886728427738,37.265277777777776,0.0,0.5,0.5
7123926683,0,1,1,28,,0.0012197446110142397,0.0,0,1,1.0359466240122337,32.96888888888889,0.0,0.5,0.5
7225736269,1,0,1,0,960.0,0.0012197446110142397,0.0,0,0,0.0,37.19722222222222,0.0,0.828931096786246,0.06730796288608847
7230887853,0,1,1,22,,0.0012197446110142397,0.0,0,1,0.6955000377728069,34.541666666666664,0.0,0.5,0.5
7235351419,0,1,1,56745,,0.0012197446110142397,0.0,0,1,1668.3206918423648,35.2675,0.0,0.5,0.5
7254829762,1,1,2,116,12000.0,0.0032926645971750766,0.0,2,0,2.910666523244263,36.85194444444444,0.005277777777777715,0.855400230556483,0.06394921041499933
7279617703,0,1,1,1,,0.0012197446110142397,0.0,0,1,0.02555727330597454,36.66833333333334,0.0,0.5,0.5
7289616219,0,1,1,1,,0.0012197446110142397,0.0,0,1,0.031796823348442214,34.48388888888889,0.0,0.5,0.5
7302061545,0,1,1,85,,0.0012197446110142397,0.0,0,1,3.638891252431876,31.509722222222223,0.0,0.5,0.5
7308140398,1,0,1,352,6686000.0,0.002774434600634867,0.0,2,0,10.298438550545784,35.31638888888889,0.0,0.9170017958001222,0.05684530032127984
7309665666,0,1,1,5,,0.0012197446110142397,0.0,0,1,0.19883965516109858,32.246944444444445,0.0,0.5,0.5
7311036088,0,1,1,0,,0.0012197446110142397,0.0,0,1,0.0,37.10388888888889,0.0,0.5,0.5
7331622139,1,0,1,1278,833000.0,0.004329124590255494,0.0,3,0,45.99714883476739,33.24472222222222,0.0,0.928939259356009,0.029321364142266226
7331867615,0,1,1,0,,0.0012197446110142397,0.0,0,1,0.0,34.58,0.0,0.5,0.5
7334885622,0,1,1,0,,0.0012197446110142397,0.0,0,1,0.0,38.33972222222222,0.0,0.5,0.5
7336975992,0,1,1,1,,0.0012197446110142397,0.0,0,1,0.02955342739517579,35.215555555555554,0.0,0.5,0.5
7351394235,0,1,1,7,,0.0012197446110142397,0.0,0,1,0.17106208129898454,37.11638888888889,0.0,0.5,0.5
7368534212,1,2,3,60,5561.0,0.002774434600634867,3.5938128917256053e-06,2,1,1.3047206846473793,38.27916666666667,0.24972222222221774,0.8802072741605822,0.06561372491394615
7370913478,2,0,2,176,640000.0,0.00692027457295654,0.0,6,0,5.128474456411651,34.7025,2.466111111111111,0.8659979493433758,0.06469229724488632
7378799736,0,1,1,1,,0.0012197446110142397,0.0,0,1,0.023992835836709175,37.3,0.0,0.5,0.5
7408664097,0,1,1,30,,0.0012197446110142397,0.0,0,1,0.7435830331561779,36.97472222222222,0.0,0.5,0.5
7411617460,0,1,1,1,,0.0012197446110142397,0.0,0,1,0.02748128641364643,35.9425,0.0,0.5,0.5
7414042459,1,0,1,0,299.0,0.0012197446110142397,0.0,0,0,0.0,37.62416666666667,0.0,0.8439370983574837,0.06730796288608847
7414110631,1,0,1,0,315.0,0.0012197446110142397,0.0,0,0,0.0,37.983333333333334,0.0,1.0,0.06730796288608847
7414574603,0,1,1,0,,0.0012197446110142397,0.0,0,1,0.0,36.54972222222222,0.0,0.5,0.5
7416732426,1,0,1,19,14000.0,0.00409667773367858,0.0,2,0,0.41781033748566254,38.17166666666667,0.0,0.8923689163778735,0.06674321689537437
7419441597,0,1,1,2,,0.0012197446110142397,0.0,0,1,0.06432919492990181,34.36888888888889,0.0,0.5,0.5
7430009454,1,0,1,0,3735.0,0.0012197446110142397,0.0,0,0,0.0,37.07,0.0,0.8714247466581218,0.06730796288608847
7439061128,0,1,1,1,,0.0012197446110142397,0.0,0,1,0.0319810700835803,34.42611111111111,0.0,0.5,0.5
7460441455,1,0,1,3304,340000.0,0.004329124590255494,0.0,3,0,128.40212133482507,32.477222222222224,0.0,0.887800774303463,0.030898392551774352
7481353958,1,0,1,93,23000.0,0.004329124590255494,0.0,3,0,2.7279323399368387,35.29055555555556,0.0,0.9215919763083701,0.06454367987890891
7484837891,0,1,1,2,,0.0012197446110142397,0.0,0,1,0.04688547917774697,37.53194444444444,0.0,0.5,0.5
7490096819,0,1,1,0,,0.0012197446110142397,0.0,0,1,0.0,37.480555555555554,0.0,0.5,0.5
7492809453,0,1,1,306,,0.0012197446110142397,0.0,0,1,40.44962303486217,20.235277777777778,0.0,0.5,0.5
7493224404,0,1,1,6,,0.0012197446110142397,0.0,0,1,0.17486508753083835,35.355,0.0,0.5,0.5
7509913090,1,1,2,175,57000.0,0.0032926645971750766,0.0,2,0,6.541836768193342,32.85333333333333,0.3133333333333326,0.8987242562721918,0.062314419389247984
7515122504,1,0,1,4,2160.0,0.004329124590255494,0.0,3,0,0.09394041997044517,37.513888888888886,0.0,0.8199668718301973,0.06718906899330655
7546097824,0,1,1,6,,0.0012197446110142397,0.0,0,1,0.1321088044668543,38.15888888888889,0.0,0.5,0.5
7557788283,0,1,1,1,,0.0012197446110142397,0.0,0,1,0.02358709459879787,37.470555555555556,0.0,0.5,0.5
7569672178,0,1,1,3,,0.0012197446110142397,0.0,0,1,0.09659033445023009,34.35888888888889,0.0,0.5,0.5
7570913420,0,1,1,8,,0.0012197446110142397,0.0,0,1,0.24451585513621096,34.87916666666667,0.0,0.5,0.5
7575030448,1,0,1,15,3664000.0,0.0012197446110142397,0.0,0,0,0.3751527430582041,36.88472222222222,0.0,0.8795853999055796,0.06686211078815628
7576811517,0,1,1,9,,0.0012197446110142397,0.0,0,1,0.3017224738458232,33.95472222222222,0.0,0.5,0.5
7578955731,1,0,1,132,13000.0,0.002256204604094658,0.0,1,0,3.866422652590264,35.304722222222225,0.0,0.9541118474200647,0.06338446442428523
7590570074,1,0,1,68,2865000.0,0.004329124590255494,0.0,3,0,1.9827403983918788,35.35027777777778,0.0,0.8975676591021597,0.06528676670879589
7592964742,0,1,1,17,88.0,0.0012197446110142397,0.0,0,1,1.244578200071755,26.144166666666667,0.0,0.5,0.5
7612248698,0,1,1,1,,0.0012197446110142397,0.0,0,1,0.02205118606171645,38.14388888888889,0.0,0.5,0.5
7613482183,1,0,1,81,4186.0,0.002774434600634867,0.0,2,0,2.265030089878503,35.76861111111111,0.0,0.9090584431442381,0.06490036155725466
7645825238,0,1,1,16,,0.0012197446110142397,0.0,0,1,0.5219760883107918,34.227222222222224,0.0,0.5,0.5
7648229436,1,0,1,1,143000.0,0.0012197446110142397,0.0,0,0,0.023427116304154453,37.53861111111111,0.0,0.8373696359644287,0.06727823941289299
7649703521,1,2,3,29,5157.0,0.002256204604094658,0.0,1,0,0.7213988530928005,36.934444444444445,0.07333333333333059,0.9214528144489188,0.06650542910981053
7673822235,0,1,1,1,,0.0012197446110142397,0.0,0,1,0.03200506488306804,34.41861111111111,0.0,0.5,0.5
7678555228,1,0,1,220,394000.0,0.004329124590255494,0.0,3,0,7.942363330799018,33.214166666666664,0.0,0.8993866582245327,0.06076879878308307
7695187743,0,1,1,2,,0.0012197446110142397,0.0,0,1,0.04960526136371213,36.96805555555556,0.0,0.5,0.5
7700804631,1,0,1,1753,133000.0,0.0032926645971750766,0.0,2,0,379.3129775937839,15.307222222222222,0.0,0.9495188112349445,0.015202714374413673
7701800350,0,1,1,1,,0.0012197446110142397,0.0,0,1,0.03091542588709566,34.765,0.0,0.5,0.5
7704281022,1,0,1,565,13000.0,0.004329124590255494,0.0,3,0,18.44406056039518,34.22083333333333,0.0,0.9014223014407055,0.050514200530642796
7714698351,0,1,1,15,,0.0012197446110142397,0.0,0,1,0.4498510784412416,35.068888888888885,0.0,0.5,0.5
7717651666,1,1,2,75,12000.0,0.002256204604094658,0.0,1,0,2.4208862997524774,34.33305555555555,0.018333333333337976,0.8914851162479275,0.06513814934281849
7721318435,0,1,1,44,,0.0012197446110142397,0.0,0,1,1.165028079699811,36.31444444444445,0.0,0.5,0.5
7726566047,0,1,1,18,,0.0012197446110142397,0.0,0,1,0.4989272882537058,35.85666666666667,0.0,0.5,0.5
7727802905,0,1,1,1,,0.0012197446110142397,0.0,0,1,0.030570425563565824,34.87722222222222,0.0,0.5,0.5
7730691194,0,1,1,0,,0.0012197446110142397,0.0,0,1,0.0,34.3075,0.0,0.5,0.5
7731162705,0,1,1,17,,0.0012197446110142397,0.0,0,1,0.652983562300095,32.594166666666666,0.0,0.5,0.5
7740148591,0,1,1,2,,0.0012197446110142397,0.0,0,1,0.04934962846698078,37.01972222222222,0.0,0.5,0.5
7741408176,0,1,1,6,,0.0012197446110142397,0.0,0,1,0.16670686495998435,35.83277777777778,0.0,0.5,0.5
7742251137,1,1,2,1158,11000.0,0.0032926645971750766,0.0,2,0,214.84396466682648,16.844722222222224,0.3861111111111093,0.9541118474200647,0.03294762787211467
7743914656,0,1,1,6,,0.0012197446110142397,0.0,0,1,0.1713930047073022,35.55555555555556,0.0,0.5,0.5
7752270116,0,1,1,4,,0.0012197446110142397,0.0,0,1,0.11186265927164936,35.76777777777778,0.0,0.5,0.5
7755955031,1,0,1,86,16000.0,0.0038108945937152857,0.0,3,0,2.399841879901364,35.78944444444444,0.0,0.9039242150021307,0.06475174419127727
7758432697,0,1,1,0,,0.0012197446110142397,0.0,0,1,0.0,34.54,0.0,0.5,0.5
7763383547,1,0,1,116,17000.0,0.004329124590255494,0.0,3,0,3.7491705751214464,34.32055555555556,0.0,0.8451504300119191,0.0638600399954129
7773468503,0,1,1,99,,0.0012197446110142397,0.0,0,1,10.160793269420068,22.765833333333333,0.0,0.5,0.5
7778475997,1,1,2,917,30000.0,0.0032926645971750766,0.0,2,0,24.44337757269087,36.23222222222222,0.9144444444444488,0.8816720691755225,0.04052711353696183
7779979071,0,1,1,6,,0.0012197446110142397,0.0,0,1,0.17461753737959507,35.369166666666665,0.0,0.5,0.5
7780383361,0,1,1,1,,0.0012197446110142397,0.0,0,1,0.02574681253856574,36.59444444444444,0.0,0.5,0.5
7781028251,0,1,1,0,,0.0012197446110142397,0.0,0,1,0.0,36.129444444444445,0.0,0.5,0.5
7784231475,0,1,1,0,,0.0012197446110142397,0.0,0,1,0.0,37.6975,0.0,0.5,0.5
7799150698,0,1,1,71,,0.0012197446110142397,0.0,0,1,2.627083568254429,32.96805555555556,0.0,0.5,0.5
7801212259,0,1,1,190,,0.0012197446110142397,0.0,0,1,4.212715305599184,38.089166666666664,0.0,0.5,0.5
7801327565,0,1,1,9,,0.0012197446110142397,0.0,0,1,0.2630637828153696,35.325833333333335,0.0,0.5,0.5
7801879466,0,1,1,2,,0.0012197446110142397,0.0,0,1,0.05632735167425444,35.69722222222222,0.0,0.5,0.5
7807222974,0,1,1,3,,0.0012197446110142397,0.0,0,1,0.08199621791443025,35.996944444444445,0.0,0.5,0.5
7820212830,0,1,1,1,,0.0012197446110142397,0.0,0,1,0.2821765832652918,12.652222222222223,0.0,0.5,0.5
7821479288,1,0,1,3,28.0,0.0012197446110142397,0.0,0,0,0.06937553157065206,37.66833333333334,0.0,0.9017442205089752,0.06721879246650203
7826071911,1,1,2,345,315000.0,0.0032926645971750766,0.0,2,0,9.471062444665296,35.95194444444444,0.011388888888888005,0.9541118474200647,0.058034239249099
7831694548,0,1,1,0,,0.0012197446110142397,0.0,0,1,0.0,36.11138888888889,0.0,0.5,0.5
7852648150,0,1,1,3,,0.0012197446110142397,0.0,0,1,0.10691798145755343,33.34305555555556,0.0,0.5,0.5
7854768278,0,1,1,4,,0.0012197446110142397,0.0,0,1,0.10515240260657335,36.38638888888889,0.0,0.5,0.5
7860396011,0,1,1,0,,0.0012197446110142397,0.0,0,1,0.0,38.38583333333333,0.0,0.5,0.5
7863319002,0,1,1,28,,0.0012197446110142397,0.0,0,1,1.0363495704894194,32.965,0.0,0.5,0.5
7873910821,0,1,1,1,,0.0012197446110142397,0.0,0,1,0.02362906450694918,37.452777777777776,0.0,0.5,0.5
7874454388,0,1,1,0,2628.0,0.0012197446110142397,0.0,0,1,0.0,35.36805555555556,0.0,0.5,0.5
7874893401,0,1,1,14,,0.0012197446110142397,0.0,0,1,0.3998059383525672,35.55833333333333,0.0,0.5,0.5
7875891874,0,1,1,4,,0.0012197446110142397,0.0,0,1,0.08681675561724024,38.3025,0.0,0.5,0.5
7879075457,0,1,1,2,,0.0012197446110142397,0.0,0,1,0.05952536114933955,35.145,0.0,0.5,0.5
7888860763,0,1,1,4,,0.0012197446110142397,0.0,0,1,0.09300828070153654,37.61361111111111,0.0,0.5,0.5
7892265936,1,0,1,12,134.0,0.0012197446110142397,0.0,0,0,0.2801509585139965,37.57333333333333,0.0,0.8785509900518232,0.06695128120774271
7892270010,0,8,8,47,,0.0012197446110142397,0.0,0,8,2.0222005800861518,21.016111111111112,17.313055555555554,0.5,0.5
7893571270,0,1,1,0,,0.0012197446110142397,0.0,0,1,0.0,35.07472222222222,0.0,0.5,0.5
7894599959,0,1,1,0,,0.0012197446110142397,0.0,0,1,0.0,35.9875,0.0,0.5,0.5
7895700062,0,1,1,1,,0.0012197446110142397,0.0,0,1,0.024766830521655826,36.9825,0.0,0.5,0.5
7901305673,0,2,2,3,,0.0012197446110142397,0.0,0,2,0.09137815600712404,34.91361111111111,2.376111111111115,0.5,0.5
7903943192,0,1,1,2199,,0.0012197446110142397,0.0,0,1,89.44208527151636,32.02166666666667,0.0,0.5,0.5
7908287544,1,0,1,0,146000.0,0.0012197446110142397,0.0,0,0,0.0,37.51222222222222,0.0,0.844566132182118,0.06730796288608847
7912912708,0,1,1,4,,0.0012197446110142397,0.0,0,1,0.11403370750365817,35.57555555555555,0.0,0.5,0.5
7926966442,0,1,1,7,,0.0012197446110142397,0.0,0,1,0.22629333376741184,34.318333333333335,0.0,0.5,0.5
7930390243,0,1,1,0,,0.0012197446110142397,0.0,0,1,0.0,36.11333333333334,0.0,0.5,0.5
7930404540,0,1,1,4,,0.0012197446110142397,0.0,0,1,0.10269871863729747,36.6225,0.0,0.5,0.5
7933432423,0,1,1,2,,0.0012197446110142397,0.0,0,1,0.0486284142347184,37.16694444444445,0.0,0.5,0.5
7936280552,1,0,1,81,16000.0,0.004329124590255494,0.0,3,0,2.4741418264777293,34.885555555555555,0.0,0.8519830084530071,0.06490036155725466
7939581998,0,1,1,6,,0.0012197446110142397,0.0,0,1,0.1465798459837907,37.11944444444445,0.0,0.5,0.5
7947251195,1,0,1,0,10000.0,0.0012197446110142397,0.0,0,0,0.0,37.36277777777778,0.0,0.9273199878261494,0.06730796288608847
7949682518,0,1,1,4127,,0.0012197446110142397,0.0,0,1,105.10926984139094,36.70305555555556,0.0,0.5,0.5
7951681805,0,1,1,7,,0.0012197446110142397,0.0,0,1,0.18087968648719047,36.55833333333333,0.0,0.5,0.5
7958821787,0,1,1,53474,,0.0012197446110142397,0.0,0,1,1572.0649326497667,35.268055555555556,0.0,0.5,0.5
7965286858,0,1,1,3,,0.0012197446110142397,0.0,0,1,0.07867831423055988,36.41,0.0,0.5,0.5
7974965269,0,1,1,2,,0.0012197446110142397,0.0,0,1,0.05119980855485156,36.651666666666664,0.0,0.5,0.5
7975334839,0,1,1,0,,0.0012197446110142397,0.0,0,1,0.0,37.071666666666665,0.0,0.5,0.5
7976681192,0,1,1,2,,0.0012197446110142397,0.0,0,1,0.0526244182505392,36.37722222222222,0.0,0.5,0.5
7977265945,0,1,1,0,,0.0012197446110142397,0.0,0,1,0.0,33.595555555555556,0.0,0.5,0.5
7979241075,0,1,1,2,,0.0012197446110142397,0.0,0,1,0.05748918849708525,35.49305555555556,0.0,0.5,0.5
7982949427,0,1,1,0,,0.0012197446110142397,0.0,0,1,0.0,37.625,0.0,0.5,0.5
7983639251,0,1,1,0,,0.0012197446110142397,0.0,0,1,0.0,38.01888888888889,0.0,0.5,0.5
7984486935,0,1,1,12,,0.0012197446110142397,0.0,0,1,0.4815830005145904,32.155833333333334,0.0,0.5,0.5
7985245586,0,1,1,5,,0.0012197446110142397,0.0,0,1,0.13721191077458472,35.95666666666666,0.0,0.5,0.5
7995789277,0,1,1,1,,0.0012197446110142397,0.0,0,1,0.03037573709508147,34.94111111111111,0.0,0.5,0.5
8003494161,1,1,2,35,12000.0,0.0032926645971750766,0.0,2,0,1.0976303370465426,34.621944444444445,1.1508333333333312,0.9055610166985882,0.0662676413242467
8367507862,0,1,1,10,,0.0012197446110142397,0.0,0,1,0.35578989426519303,33.36,0.0,0.5,0.5
9040658253,0,1,1,0,,0.0012197446110142397,0.0,0,1,0.0,34.93833333333333,0.0,0.5,0.5
9057775707,0,1,1,0,,0.0012197446110142397,0.0,0,1,0.0,37.739444444444445,0.0,0.5,0.5
